system_id,parent_org_id,canonical_name,division,level,state,state_abbr,normalized_name,aliases,verified,source
"miss-america-al-miss","miss-america","Miss Alabama","Miss","State","Alabama","AL","miss alabama","Miss Alabama|Miss Alabama Pageant|Miss Alabama Organization|Miss AL|Alabama Miss|Alabama MAO|MAO Alabama|Alabama Miss America","false","generated"
"miss-america-al-teen","miss-america","Miss Alabama's Teen","Teen","State","Alabama","AL","miss alabamas teen","Miss Alabama's Teen|Miss Alabama's Teen Pageant|Miss Alabama's Teen Organization|Miss AL's Teen|Miss Alabama Teen|Miss Alabamas Teen|Miss Alabama's Outstanding Teen|Alabama MAO|MAO Alabama|Alabama Miss America","false","generated"
"miss-america-ak-miss","miss-america","Miss Alaska","Miss","State","Alaska","AK","miss alaska","Miss Alaska|Miss Alaska Pageant|Miss Alaska Organization|Miss AK|Alaska Miss|Alaska MAO|MAO Alaska|Alaska Miss America","false","generated"
"miss-america-ak-teen","miss-america","Miss Alaska's Teen","Teen","State","Alaska","AK","miss alaskas teen","Miss Alaska's Teen|Miss Alaska's Teen Pageant|Miss Alaska's Teen Organization|Miss AK's Teen|Miss Alaska Teen|Miss Alaskas Teen|Miss Alaska's Outstanding Teen|Alaska MAO|MAO Alaska|Alaska Miss America","false","generated"
"miss-america-az-miss","miss-america","Miss Arizona","Miss","State","Arizona","AZ","miss arizona","Miss Arizona|Miss Arizona Pageant|Miss Arizona Organization|Miss AZ|Arizona Miss|Arizona MAO|MAO Arizona|Arizona Miss America","false","generated"
"miss-america-az-teen","miss-america","Miss Arizona's Teen","Teen","State","Arizona","AZ","miss arizonas teen","Miss Arizona's Teen|Miss Arizona's Teen Pageant|Miss Arizona's Teen Organization|Miss AZ's Teen|Miss Arizona Teen|Miss Arizonas Teen|Miss Arizona's Outstanding Teen|Arizona MAO|MAO Arizona|Arizona Miss America","false","generated"
"miss-america-ar-miss","miss-america","Miss Arkansas","Miss","State","Arkansas","AR","miss arkansas","Miss Arkansas|Miss Arkansas Pageant|Miss Arkansas Organization|Miss AR|Arkansas Miss|Arkansas MAO|MAO Arkansas|Arkansas Miss America","false","generated"
"miss-america-ar-teen","miss-america","Miss Arkansas's Teen","Teen","State","Arkansas","AR","miss arkansass teen","Miss Arkansas's Teen|Miss Arkansas's Teen Pageant|Miss Arkansas's Teen Organization|Miss AR's Teen|Miss Arkansas Teen|Miss Arkansass Teen|Miss Arkansas's Outstanding Teen|Arkansas MAO|MAO Arkansas|Arkansas Miss America","false","generated"
"miss-america-ca-miss","miss-america","Miss California","Miss","State","California","CA","miss california","Miss California|Miss California Pageant|Miss California Organization|Miss CA|California Miss|California MAO|MAO California|California Miss America","false","generated"
"miss-america-ca-teen","miss-america","Miss California's Teen","Teen","State","California","CA","miss californias teen","Miss California's Teen|Miss California's Teen Pageant|Miss California's Teen Organization|Miss CA's Teen|Miss California Teen|Miss Californias Teen|Miss California's Outstanding Teen|California MAO|MAO California|California Miss America","false","generated"
"miss-america-co-miss","miss-america","Miss Colorado","Miss","State","Colorado","CO","miss colorado","Miss Colorado|Miss Colorado Pageant|Miss Colorado Organization|Miss CO|Colorado Miss|Colorado MAO|MAO Colorado|Colorado Miss America","false","generated"
"miss-america-co-teen","miss-america","Miss Colorado's Teen","Teen","State","Colorado","CO","miss colorados teen","Miss Colorado's Teen|Miss Colorado's Teen Pageant|Miss Colorado's Teen Organization|Miss CO's Teen|Miss Colorado Teen|Miss Colorados Teen|Miss Colorado's Outstanding Teen|Colorado MAO|MAO Colorado|Colorado Miss America","false","generated"
"miss-america-ct-miss","miss-america","Miss Connecticut","Miss","State","Connecticut","CT","miss connecticut","Miss Connecticut|Miss Connecticut Pageant|Miss Connecticut Organization|Miss CT|Connecticut Miss|Connecticut MAO|MAO Connecticut|Connecticut Miss America","false","generated"
"miss-america-ct-teen","miss-america","Miss Connecticut's Teen","Teen","State","Connecticut","CT","miss connecticuts teen","Miss Connecticut's Teen|Miss Connecticut's Teen Pageant|Miss Connecticut's Teen Organization|Miss CT's Teen|Miss Connecticut Teen|Miss Connecticuts Teen|Miss Connecticut's Outstanding Teen|Connecticut MAO|MAO Connecticut|Connecticut Miss America","false","generated"
"miss-america-de-miss","miss-america","Miss Delaware","Miss","State","Delaware","DE","miss delaware","Miss Delaware|Miss Delaware Pageant|Miss Delaware Organization|Miss DE|Delaware Miss|Delaware MAO|MAO Delaware|Delaware Miss America","false","generated"
"miss-america-de-teen","miss-america","Miss Delaware's Teen","Teen","State","Delaware","DE","miss delawares teen","Miss Delaware's Teen|Miss Delaware's Teen Pageant|Miss Delaware's Teen Organization|Miss DE's Teen|Miss Delaware Teen|Miss Delawares Teen|Miss Delaware's Outstanding Teen|Delaware MAO|MAO Delaware|Delaware Miss America","false","generated"
"miss-america-fl-miss","miss-america","Miss Florida","Miss","State","Florida","FL","miss florida","Miss Florida|Miss Florida Pageant|Miss Florida Organization|Miss FL|Florida Miss|Florida MAO|MAO Florida|Florida Miss America","false","generated"
"miss-america-fl-teen","miss-america","Miss Florida's Teen","Teen","State","Florida","FL","miss floridas teen","Miss Florida's Teen|Miss Florida's Teen Pageant|Miss Florida's Teen Organization|Miss FL's Teen|Miss Florida Teen|Miss Floridas Teen|Miss Florida's Outstanding Teen|Florida MAO|MAO Florida|Florida Miss America","false","generated"
"miss-america-ga-miss","miss-america","Miss Georgia","Miss","State","Georgia","GA","miss georgia","Miss Georgia|Miss Georgia Pageant|Miss Georgia Organization|Miss GA|Georgia Miss|Georgia MAO|MAO Georgia|Georgia Miss America","false","generated"
"miss-america-ga-teen","miss-america","Miss Georgia's Teen","Teen","State","Georgia","GA","miss georgias teen","Miss Georgia's Teen|Miss Georgia's Teen Pageant|Miss Georgia's Teen Organization|Miss GA's Teen|Miss Georgia Teen|Miss Georgias Teen|Miss Georgia's Outstanding Teen|Georgia MAO|MAO Georgia|Georgia Miss America","false","generated"
"miss-america-hi-miss","miss-america","Miss Hawaii","Miss","State","Hawaii","HI","miss hawaii","Miss Hawaii|Miss Hawaii Pageant|Miss Hawaii Organization|Miss HI|Hawaii Miss|Hawaii MAO|MAO Hawaii|Hawaii Miss America","false","generated"
"miss-america-hi-teen","miss-america","Miss Hawaii's Teen","Teen","State","Hawaii","HI","miss hawaiis teen","Miss Hawaii's Teen|Miss Hawaii's Teen Pageant|Miss Hawaii's Teen Organization|Miss HI's Teen|Miss Hawaii Teen|Miss Hawaiis Teen|Miss Hawaii's Outstanding Teen|Hawaii MAO|MAO Hawaii|Hawaii Miss America","false","generated"
"miss-america-id-miss","miss-america","Miss Idaho","Miss","State","Idaho","ID","miss idaho","Miss Idaho|Miss Idaho Pageant|Miss Idaho Organization|Miss ID|Idaho Miss|Idaho MAO|MAO Idaho|Idaho Miss America","false","generated"
"miss-america-id-teen","miss-america","Miss Idaho's Teen","Teen","State","Idaho","ID","miss idahos teen","Miss Idaho's Teen|Miss Idaho's Teen Pageant|Miss Idaho's Teen Organization|Miss ID's Teen|Miss Idaho Teen|Miss Idahos Teen|Miss Idaho's Outstanding Teen|Idaho MAO|MAO Idaho|Idaho Miss America","false","generated"
"miss-america-il-miss","miss-america","Miss Illinois","Miss","State","Illinois","IL","miss illinois","Miss Illinois|Miss Illinois Pageant|Miss Illinois Organization|Miss IL|Illinois Miss|Illinois MAO|MAO Illinois|Illinois Miss America","false","generated"
"miss-america-il-teen","miss-america","Miss Illinois's Teen","Teen","State","Illinois","IL","miss illinoiss teen","Miss Illinois's Teen|Miss Illinois's Teen Pageant|Miss Illinois's Teen Organization|Miss IL's Teen|Miss Illinois Teen|Miss Illinoiss Teen|Miss Illinois's Outstanding Teen|Illinois MAO|MAO Illinois|Illinois Miss America","false","generated"
"miss-america-in-miss","miss-america","Miss Indiana","Miss","State","Indiana","IN","miss indiana","Miss Indiana|Miss Indiana Pageant|Miss Indiana Organization|Miss IN|Indiana Miss|Indiana MAO|MAO Indiana|Indiana Miss America","false","generated"
"miss-america-in-teen","miss-america","Miss Indiana's Teen","Teen","State","Indiana","IN","miss indianas teen","Miss Indiana's Teen|Miss Indiana's Teen Pageant|Miss Indiana's Teen Organization|Miss IN's Teen|Miss Indiana Teen|Miss Indianas Teen|Miss Indiana's Outstanding Teen|Indiana MAO|MAO Indiana|Indiana Miss America","false","generated"
"miss-america-ia-miss","miss-america","Miss Iowa","Miss","State","Iowa","IA","miss iowa","Miss Iowa|Miss Iowa Pageant|Miss Iowa Organization|Miss IA|Iowa Miss|Iowa MAO|MAO Iowa|Iowa Miss America","false","generated"
"miss-america-ia-teen","miss-america","Miss Iowa's Teen","Teen","State","Iowa","IA","miss iowas teen","Miss Iowa's Teen|Miss Iowa's Teen Pageant|Miss Iowa's Teen Organization|Miss IA's Teen|Miss Iowa Teen|Miss Iowas Teen|Miss Iowa's Outstanding Teen|Iowa MAO|MAO Iowa|Iowa Miss America","false","generated"
"miss-america-ks-miss","miss-america","Miss Kansas","Miss","State","Kansas","KS","miss kansas","Miss Kansas|Miss Kansas Pageant|Miss Kansas Organization|Miss KS|Kansas Miss|Kansas MAO|MAO Kansas|Kansas Miss America","false","generated"
"miss-america-ks-teen","miss-america","Miss Kansas's Teen","Teen","State","Kansas","KS","miss kansass teen","Miss Kansas's Teen|Miss Kansas's Teen Pageant|Miss Kansas's Teen Organization|Miss KS's Teen|Miss Kansas Teen|Miss Kansass Teen|Miss Kansas's Outstanding Teen|Kansas MAO|MAO Kansas|Kansas Miss America","false","generated"
"miss-america-ky-miss","miss-america","Miss Kentucky","Miss","State","Kentucky","KY","miss kentucky","Miss Kentucky|Miss Kentucky Pageant|Miss Kentucky Organization|Miss KY|Kentucky Miss|Kentucky MAO|MAO Kentucky|Kentucky Miss America","false","generated"
"miss-america-ky-teen","miss-america","Miss Kentucky's Teen","Teen","State","Kentucky","KY","miss kentuckys teen","Miss Kentucky's Teen|Miss Kentucky's Teen Pageant|Miss Kentucky's Teen Organization|Miss KY's Teen|Miss Kentucky Teen|Miss Kentuckys Teen|Miss Kentucky's Outstanding Teen|Kentucky MAO|MAO Kentucky|Kentucky Miss America","false","generated"
"miss-america-la-miss","miss-america","Miss Louisiana","Miss","State","Louisiana","LA","miss louisiana","Miss Louisiana|Miss Louisiana Pageant|Miss Louisiana Organization|Miss LA|Louisiana Miss|Louisiana MAO|MAO Louisiana|Louisiana Miss America","false","generated"
"miss-america-la-teen","miss-america","Miss Louisiana's Teen","Teen","State","Louisiana","LA","miss louisianas teen","Miss Louisiana's Teen|Miss Louisiana's Teen Pageant|Miss Louisiana's Teen Organization|Miss LA's Teen|Miss Louisiana Teen|Miss Louisianas Teen|Miss Louisiana's Outstanding Teen|Louisiana MAO|MAO Louisiana|Louisiana Miss America","false","generated"
"miss-america-me-miss","miss-america","Miss Maine","Miss","State","Maine","ME","miss maine","Miss Maine|Miss Maine Pageant|Miss Maine Organization|Miss ME|Maine Miss|Maine MAO|MAO Maine|Maine Miss America","false","generated"
"miss-america-me-teen","miss-america","Miss Maine's Teen","Teen","State","Maine","ME","miss maines teen","Miss Maine's Teen|Miss Maine's Teen Pageant|Miss Maine's Teen Organization|Miss ME's Teen|Miss Maine Teen|Miss Maines Teen|Miss Maine's Outstanding Teen|Maine MAO|MAO Maine|Maine Miss America","false","generated"
"miss-america-md-miss","miss-america","Miss Maryland","Miss","State","Maryland","MD","miss maryland","Miss Maryland|Miss Maryland Pageant|Miss Maryland Organization|Miss MD|Maryland Miss|Maryland MAO|MAO Maryland|Maryland Miss America","false","generated"
"miss-america-md-teen","miss-america","Miss Maryland's Teen","Teen","State","Maryland","MD","miss marylands teen","Miss Maryland's Teen|Miss Maryland's Teen Pageant|Miss Maryland's Teen Organization|Miss MD's Teen|Miss Maryland Teen|Miss Marylands Teen|Miss Maryland's Outstanding Teen|Maryland MAO|MAO Maryland|Maryland Miss America","false","generated"
"miss-america-ma-miss","miss-america","Miss Massachusetts","Miss","State","Massachusetts","MA","miss massachusetts","Miss Massachusetts|Miss Massachusetts Pageant|Miss Massachusetts Organization|Miss MA|Massachusetts Miss|Massachusetts MAO|MAO Massachusetts|Massachusetts Miss America","false","generated"
"miss-america-ma-teen","miss-america","Miss Massachusetts's Teen","Teen","State","Massachusetts","MA","miss massachusettss teen","Miss Massachusetts's Teen|Miss Massachusetts's Teen Pageant|Miss Massachusetts's Teen Organization|Miss MA's Teen|Miss Massachusetts Teen|Miss Massachusettss Teen|Miss Massachusetts's Outstanding Teen|Massachusetts MAO|MAO Massachusetts|Massachusetts Miss America","false","generated"
"miss-america-mi-miss","miss-america","Miss Michigan","Miss","State","Michigan","MI","miss michigan","Miss Michigan|Miss Michigan Pageant|Miss Michigan Organization|Miss MI|Michigan Miss|Michigan MAO|MAO Michigan|Michigan Miss America","false","generated"
"miss-america-mi-teen","miss-america","Miss Michigan's Teen","Teen","State","Michigan","MI","miss michigans teen","Miss Michigan's Teen|Miss Michigan's Teen Pageant|Miss Michigan's Teen Organization|Miss MI's Teen|Miss Michigan Teen|Miss Michigans Teen|Miss Michigan's Outstanding Teen|Michigan MAO|MAO Michigan|Michigan Miss America","false","generated"
"miss-america-mn-miss","miss-america","Miss Minnesota","Miss","State","Minnesota","MN","miss minnesota","Miss Minnesota|Miss Minnesota Pageant|Miss Minnesota Organization|Miss MN|Minnesota Miss|Minnesota MAO|MAO Minnesota|Minnesota Miss America","false","generated"
"miss-america-mn-teen","miss-america","Miss Minnesota's Teen","Teen","State","Minnesota","MN","miss minnesotas teen","Miss Minnesota's Teen|Miss Minnesota's Teen Pageant|Miss Minnesota's Teen Organization|Miss MN's Teen|Miss Minnesota Teen|Miss Minnesotas Teen|Miss Minnesota's Outstanding Teen|Minnesota MAO|MAO Minnesota|Minnesota Miss America","false","generated"
"miss-america-ms-miss","miss-america","Miss Mississippi","Miss","State","Mississippi","MS","miss mississippi","Miss Mississippi|Miss Mississippi Pageant|Miss Mississippi Organization|Miss MS|Mississippi Miss|Mississippi MAO|MAO Mississippi|Mississippi Miss America","false","generated"
"miss-america-ms-teen","miss-america","Miss Mississippi's Teen","Teen","State","Mississippi","MS","miss mississippis teen","Miss Mississippi's Teen|Miss Mississippi's Teen Pageant|Miss Mississippi's Teen Organization|Miss MS's Teen|Miss Mississippi Teen|Miss Mississippis Teen|Miss Mississippi's Outstanding Teen|Mississippi MAO|MAO Mississippi|Mississippi Miss America","false","generated"
"miss-america-mo-miss","miss-america","Miss Missouri","Miss","State","Missouri","MO","miss missouri","Miss Missouri|Miss Missouri Pageant|Miss Missouri Organization|Miss MO|Missouri Miss|Missouri MAO|MAO Missouri|Missouri Miss America","false","generated"
"miss-america-mo-teen","miss-america","Miss Missouri's Teen","Teen","State","Missouri","MO","miss missouris teen","Miss Missouri's Teen|Miss Missouri's Teen Pageant|Miss Missouri's Teen Organization|Miss MO's Teen|Miss Missouri Teen|Miss Missouris Teen|Miss Missouri's Outstanding Teen|Missouri MAO|MAO Missouri|Missouri Miss America","false","generated"
"miss-america-mt-miss","miss-america","Miss Montana","Miss","State","Montana","MT","miss montana","Miss Montana|Miss Montana Pageant|Miss Montana Organization|Miss MT|Montana Miss|Montana MAO|MAO Montana|Montana Miss America","false","generated"
"miss-america-mt-teen","miss-america","Miss Montana's Teen","Teen","State","Montana","MT","miss montanas teen","Miss Montana's Teen|Miss Montana's Teen Pageant|Miss Montana's Teen Organization|Miss MT's Teen|Miss Montana Teen|Miss Montanas Teen|Miss Montana's Outstanding Teen|Montana MAO|MAO Montana|Montana Miss America","false","generated"
"miss-america-ne-miss","miss-america","Miss Nebraska","Miss","State","Nebraska","NE","miss nebraska","Miss Nebraska|Miss Nebraska Pageant|Miss Nebraska Organization|Miss NE|Nebraska Miss|Nebraska MAO|MAO Nebraska|Nebraska Miss America","false","generated"
"miss-america-ne-teen","miss-america","Miss Nebraska's Teen","Teen","State","Nebraska","NE","miss nebraskas teen","Miss Nebraska's Teen|Miss Nebraska's Teen Pageant|Miss Nebraska's Teen Organization|Miss NE's Teen|Miss Nebraska Teen|Miss Nebraskas Teen|Miss Nebraska's Outstanding Teen|Nebraska MAO|MAO Nebraska|Nebraska Miss America","false","generated"
"miss-america-nv-miss","miss-america","Miss Nevada","Miss","State","Nevada","NV","miss nevada","Miss Nevada|Miss Nevada Pageant|Miss Nevada Organization|Miss NV|Nevada Miss|Nevada MAO|MAO Nevada|Nevada Miss America","false","generated"
"miss-america-nv-teen","miss-america","Miss Nevada's Teen","Teen","State","Nevada","NV","miss nevadas teen","Miss Nevada's Teen|Miss Nevada's Teen Pageant|Miss Nevada's Teen Organization|Miss NV's Teen|Miss Nevada Teen|Miss Nevadas Teen|Miss Nevada's Outstanding Teen|Nevada MAO|MAO Nevada|Nevada Miss America","false","generated"
"miss-america-nh-miss","miss-america","Miss New Hampshire","Miss","State","New Hampshire","NH","miss new hampshire","Miss New Hampshire|Miss New Hampshire Pageant|Miss New Hampshire Organization|Miss NH|New Hampshire Miss|New Hampshire MAO|MAO New Hampshire|New Hampshire Miss America","false","generated"
"miss-america-nh-teen","miss-america","Miss New Hampshire's Teen","Teen","State","New Hampshire","NH","miss new hampshires teen","Miss New Hampshire's Teen|Miss New Hampshire's Teen Pageant|Miss New Hampshire's Teen Organization|Miss NH's Teen|Miss New Hampshire Teen|Miss New Hampshires Teen|Miss New Hampshire's Outstanding Teen|New Hampshire MAO|MAO New Hampshire|New Hampshire Miss America","false","generated"
"miss-america-nj-miss","miss-america","Miss New Jersey","Miss","State","New Jersey","NJ","miss new jersey","Miss New Jersey|Miss New Jersey Pageant|Miss New Jersey Organization|Miss NJ|New Jersey Miss|New Jersey MAO|MAO New Jersey|New Jersey Miss America","false","generated"
"miss-america-nj-teen","miss-america","Miss New Jersey's Teen","Teen","State","New Jersey","NJ","miss new jerseys teen","Miss New Jersey's Teen|Miss New Jersey's Teen Pageant|Miss New Jersey's Teen Organization|Miss NJ's Teen|Miss New Jersey Teen|Miss New Jerseys Teen|Miss New Jersey's Outstanding Teen|New Jersey MAO|MAO New Jersey|New Jersey Miss America","false","generated"
"miss-america-nm-miss","miss-america","Miss New Mexico","Miss","State","New Mexico","NM","miss new mexico","Miss New Mexico|Miss New Mexico Pageant|Miss New Mexico Organization|Miss NM|New Mexico Miss|New Mexico MAO|MAO New Mexico|New Mexico Miss America","false","generated"
"miss-america-nm-teen","miss-america","Miss New Mexico's Teen","Teen","State","New Mexico","NM","miss new mexicos teen","Miss New Mexico's Teen|Miss New Mexico's Teen Pageant|Miss New Mexico's Teen Organization|Miss NM's Teen|Miss New Mexico Teen|Miss New Mexicos Teen|Miss New Mexico's Outstanding Teen|New Mexico MAO|MAO New Mexico|New Mexico Miss America","false","generated"
"miss-america-ny-miss","miss-america","Miss New York","Miss","State","New York","NY","miss new york","Miss New York|Miss New York Pageant|Miss New York Organization|Miss NY|New York Miss|New York MAO|MAO New York|New York Miss America","false","generated"
"miss-america-ny-teen","miss-america","Miss New York's Teen","Teen","State","New York","NY","miss new yorks teen","Miss New York's Teen|Miss New York's Teen Pageant|Miss New York's Teen Organization|Miss NY's Teen|Miss New York Teen|Miss New Yorks Teen|Miss New York's Outstanding Teen|New York MAO|MAO New York|New York Miss America","false","generated"
"miss-america-nc-miss","miss-america","Miss North Carolina","Miss","State","North Carolina","NC","miss north carolina","Miss North Carolina|Miss North Carolina Pageant|Miss North Carolina Organization|Miss NC|North Carolina Miss|North Carolina MAO|MAO North Carolina|North Carolina Miss America","false","generated"
"miss-america-nc-teen","miss-america","Miss North Carolina's Teen","Teen","State","North Carolina","NC","miss north carolinas teen","Miss North Carolina's Teen|Miss North Carolina's Teen Pageant|Miss North Carolina's Teen Organization|Miss NC's Teen|Miss North Carolina Teen|Miss North Carolinas Teen|Miss North Carolina's Outstanding Teen|North Carolina MAO|MAO North Carolina|North Carolina Miss America","false","generated"
"miss-america-nd-miss","miss-america","Miss North Dakota","Miss","State","North Dakota","ND","miss north dakota","Miss North Dakota|Miss North Dakota Pageant|Miss North Dakota Organization|Miss ND|North Dakota Miss|North Dakota MAO|MAO North Dakota|North Dakota Miss America","false","generated"
"miss-america-nd-teen","miss-america","Miss North Dakota's Teen","Teen","State","North Dakota","ND","miss north dakotas teen","Miss North Dakota's Teen|Miss North Dakota's Teen Pageant|Miss North Dakota's Teen Organization|Miss ND's Teen|Miss North Dakota Teen|Miss North Dakotas Teen|Miss North Dakota's Outstanding Teen|North Dakota MAO|MAO North Dakota|North Dakota Miss America","false","generated"
"miss-america-oh-miss","miss-america","Miss Ohio","Miss","State","Ohio","OH","miss ohio","Miss Ohio|Miss Ohio Pageant|Miss Ohio Organization|Miss OH|Ohio Miss|Ohio MAO|MAO Ohio|Ohio Miss America","false","generated"
"miss-america-oh-teen","miss-america","Miss Ohio's Teen","Teen","State","Ohio","OH","miss ohios teen","Miss Ohio's Teen|Miss Ohio's Teen Pageant|Miss Ohio's Teen Organization|Miss OH's Teen|Miss Ohio Teen|Miss Ohios Teen|Miss Ohio's Outstanding Teen|Ohio MAO|MAO Ohio|Ohio Miss America","false","generated"
"miss-america-ok-miss","miss-america","Miss Oklahoma","Miss","State","Oklahoma","OK","miss oklahoma","Miss Oklahoma|Miss Oklahoma Pageant|Miss Oklahoma Organization|Miss OK|Oklahoma Miss|Oklahoma MAO|MAO Oklahoma|Oklahoma Miss America","false","generated"
"miss-america-ok-teen","miss-america","Miss Oklahoma's Teen","Teen","State","Oklahoma","OK","miss oklahomas teen","Miss Oklahoma's Teen|Miss Oklahoma's Teen Pageant|Miss Oklahoma's Teen Organization|Miss OK's Teen|Miss Oklahoma Teen|Miss Oklahomas Teen|Miss Oklahoma's Outstanding Teen|Oklahoma MAO|MAO Oklahoma|Oklahoma Miss America","false","generated"
"miss-america-or-miss","miss-america","Miss Oregon","Miss","State","Oregon","OR","miss oregon","Miss Oregon|Miss Oregon Pageant|Miss Oregon Organization|Miss OR|Oregon Miss|Oregon MAO|MAO Oregon|Oregon Miss America","false","generated"
"miss-america-or-teen","miss-america","Miss Oregon's Teen","Teen","State","Oregon","OR","miss oregons teen","Miss Oregon's Teen|Miss Oregon's Teen Pageant|Miss Oregon's Teen Organization|Miss OR's Teen|Miss Oregon Teen|Miss Oregons Teen|Miss Oregon's Outstanding Teen|Oregon MAO|MAO Oregon|Oregon Miss America","false","generated"
"miss-america-pa-miss","miss-america","Miss Pennsylvania","Miss","State","Pennsylvania","PA","miss pennsylvania","Miss Pennsylvania|Miss Pennsylvania Pageant|Miss Pennsylvania Organization|Miss PA|Pennsylvania Miss|Pennsylvania MAO|MAO Pennsylvania|Pennsylvania Miss America","false","generated"
"miss-america-pa-teen","miss-america","Miss Pennsylvania's Teen","Teen","State","Pennsylvania","PA","miss pennsylvanias teen","Miss Pennsylvania's Teen|Miss Pennsylvania's Teen Pageant|Miss Pennsylvania's Teen Organization|Miss PA's Teen|Miss Pennsylvania Teen|Miss Pennsylvanias Teen|Miss Pennsylvania's Outstanding Teen|Pennsylvania MAO|MAO Pennsylvania|Pennsylvania Miss America","false","generated"
"miss-america-ri-miss","miss-america","Miss Rhode Island","Miss","State","Rhode Island","RI","miss rhode island","Miss Rhode Island|Miss Rhode Island Pageant|Miss Rhode Island Organization|Miss RI|Rhode Island Miss|Rhode Island MAO|MAO Rhode Island|Rhode Island Miss America","false","generated"
"miss-america-ri-teen","miss-america","Miss Rhode Island's Teen","Teen","State","Rhode Island","RI","miss rhode islands teen","Miss Rhode Island's Teen|Miss Rhode Island's Teen Pageant|Miss Rhode Island's Teen Organization|Miss RI's Teen|Miss Rhode Island Teen|Miss Rhode Islands Teen|Miss Rhode Island's Outstanding Teen|Rhode Island MAO|MAO Rhode Island|Rhode Island Miss America","false","generated"
"miss-america-sc-miss","miss-america","Miss South Carolina","Miss","State","South Carolina","SC","miss south carolina","Miss South Carolina|Miss South Carolina Pageant|Miss South Carolina Organization|Miss SC|South Carolina Miss|South Carolina MAO|MAO South Carolina|South Carolina Miss America","false","generated"
"miss-america-sc-teen","miss-america","Miss South Carolina's Teen","Teen","State","South Carolina","SC","miss south carolinas teen","Miss South Carolina's Teen|Miss South Carolina's Teen Pageant|Miss South Carolina's Teen Organization|Miss SC's Teen|Miss South Carolina Teen|Miss South Carolinas Teen|Miss South Carolina's Outstanding Teen|South Carolina MAO|MAO South Carolina|South Carolina Miss America","false","generated"
"miss-america-sd-miss","miss-america","Miss South Dakota","Miss","State","South Dakota","SD","miss south dakota","Miss South Dakota|Miss South Dakota Pageant|Miss South Dakota Organization|Miss SD|South Dakota Miss|South Dakota MAO|MAO South Dakota|South Dakota Miss America","false","generated"
"miss-america-sd-teen","miss-america","Miss South Dakota's Teen","Teen","State","South Dakota","SD","miss south dakotas teen","Miss South Dakota's Teen|Miss South Dakota's Teen Pageant|Miss South Dakota's Teen Organization|Miss SD's Teen|Miss South Dakota Teen|Miss South Dakotas Teen|Miss South Dakota's Outstanding Teen|South Dakota MAO|MAO South Dakota|South Dakota Miss America","false","generated"
"miss-america-tn-miss","miss-america","Miss Tennessee","Miss","State","Tennessee","TN","miss tennessee","Miss Tennessee|Miss Tennessee Pageant|Miss Tennessee Organization|Miss TN|Tennessee Miss|Tennessee MAO|MAO Tennessee|Tennessee Miss America","false","generated"
"miss-america-tn-teen","miss-america","Miss Tennessee's Teen","Teen","State","Tennessee","TN","miss tennessees teen","Miss Tennessee's Teen|Miss Tennessee's Teen Pageant|Miss Tennessee's Teen Organization|Miss TN's Teen|Miss Tennessee Teen|Miss Tennessees Teen|Miss Tennessee's Outstanding Teen|Tennessee MAO|MAO Tennessee|Tennessee Miss America","false","generated"
"miss-america-tx-miss","miss-america","Miss Texas","Miss","State","Texas","TX","miss texas","Miss Texas|Miss Texas Pageant|Miss Texas Organization|Miss TX|Texas Miss|Texas MAO|MAO Texas|Texas Miss America","false","generated"
"miss-america-tx-teen","miss-america","Miss Texas's Teen","Teen","State","Texas","TX","miss texass teen","Miss Texas's Teen|Miss Texas's Teen Pageant|Miss Texas's Teen Organization|Miss TX's Teen|Miss Texas Teen|Miss Texass Teen|Miss Texas's Outstanding Teen|Texas MAO|MAO Texas|Texas Miss America","false","generated"
"miss-america-ut-miss","miss-america","Miss Utah","Miss","State","Utah","UT","miss utah","Miss Utah|Miss Utah Pageant|Miss Utah Organization|Miss UT|Utah Miss|Utah MAO|MAO Utah|Utah Miss America","false","generated"
"miss-america-ut-teen","miss-america","Miss Utah's Teen","Teen","State","Utah","UT","miss utahs teen","Miss Utah's Teen|Miss Utah's Teen Pageant|Miss Utah's Teen Organization|Miss UT's Teen|Miss Utah Teen|Miss Utahs Teen|Miss Utah's Outstanding Teen|Utah MAO|MAO Utah|Utah Miss America","false","generated"
"miss-america-vt-miss","miss-america","Miss Vermont","Miss","State","Vermont","VT","miss vermont","Miss Vermont|Miss Vermont Pageant|Miss Vermont Organization|Miss VT|Vermont Miss|Vermont MAO|MAO Vermont|Vermont Miss America","false","generated"
"miss-america-vt-teen","miss-america","Miss Vermont's Teen","Teen","State","Vermont","VT","miss vermonts teen","Miss Vermont's Teen|Miss Vermont's Teen Pageant|Miss Vermont's Teen Organization|Miss VT's Teen|Miss Vermont Teen|Miss Vermonts Teen|Miss Vermont's Outstanding Teen|Vermont MAO|MAO Vermont|Vermont Miss America","false","generated"
"miss-america-va-miss","miss-america","Miss Virginia","Miss","State","Virginia","VA","miss virginia","Miss Virginia|Miss Virginia Pageant|Miss Virginia Organization|Miss VA|Virginia Miss|Virginia MAO|MAO Virginia|Virginia Miss America","false","generated"
"miss-america-va-teen","miss-america","Miss Virginia's Teen","Teen","State","Virginia","VA","miss virginias teen","Miss Virginia's Teen|Miss Virginia's Teen Pageant|Miss Virginia's Teen Organization|Miss VA's Teen|Miss Virginia Teen|Miss Virginias Teen|Miss Virginia's Outstanding Teen|Virginia MAO|MAO Virginia|Virginia Miss America","false","generated"
"miss-america-wa-miss","miss-america","Miss Washington","Miss","State","Washington","WA","miss washington","Miss Washington|Miss Washington Pageant|Miss Washington Organization|Miss WA|Washington Miss|Washington MAO|MAO Washington|Washington Miss America","false","generated"
"miss-america-wa-teen","miss-america","Miss Washington's Teen","Teen","State","Washington","WA","miss washingtons teen","Miss Washington's Teen|Miss Washington's Teen Pageant|Miss Washington's Teen Organization|Miss WA's Teen|Miss Washington Teen|Miss Washingtons Teen|Miss Washington's Outstanding Teen|Washington MAO|MAO Washington|Washington Miss America","false","generated"
"miss-america-wv-miss","miss-america","Miss West Virginia","Miss","State","West Virginia","WV","miss west virginia","Miss West Virginia|Miss West Virginia Pageant|Miss West Virginia Organization|Miss WV|West Virginia Miss|West Virginia MAO|MAO West Virginia|West Virginia Miss America","false","generated"
"miss-america-wv-teen","miss-america","Miss West Virginia's Teen","Teen","State","West Virginia","WV","miss west virginias teen","Miss West Virginia's Teen|Miss West Virginia's Teen Pageant|Miss West Virginia's Teen Organization|Miss WV's Teen|Miss West Virginia Teen|Miss West Virginias Teen|Miss West Virginia's Outstanding Teen|West Virginia MAO|MAO West Virginia|West Virginia Miss America","false","generated"
"miss-america-wi-miss","miss-america","Miss Wisconsin","Miss","State","Wisconsin","WI","miss wisconsin","Miss Wisconsin|Miss Wisconsin Pageant|Miss Wisconsin Organization|Miss WI|Wisconsin Miss|Wisconsin MAO|MAO Wisconsin|Wisconsin Miss America","false","generated"
"miss-america-wi-teen","miss-america","Miss Wisconsin's Teen","Teen","State","Wisconsin","WI","miss wisconsins teen","Miss Wisconsin's Teen|Miss Wisconsin's Teen Pageant|Miss Wisconsin's Teen Organization|Miss WI's Teen|Miss Wisconsin Teen|Miss Wisconsins Teen|Miss Wisconsin's Outstanding Teen|Wisconsin MAO|MAO Wisconsin|Wisconsin Miss America","false","generated"
"miss-america-wy-miss","miss-america","Miss Wyoming","Miss","State","Wyoming","WY","miss wyoming","Miss Wyoming|Miss Wyoming Pageant|Miss Wyoming Organization|Miss WY|Wyoming Miss|Wyoming MAO|MAO Wyoming|Wyoming Miss America","false","generated"
"miss-america-wy-teen","miss-america","Miss Wyoming's Teen","Teen","State","Wyoming","WY","miss wyomings teen","Miss Wyoming's Teen|Miss Wyoming's Teen Pageant|Miss Wyoming's Teen Organization|Miss WY's Teen|Miss Wyoming Teen|Miss Wyomings Teen|Miss Wyoming's Outstanding Teen|Wyoming MAO|MAO Wyoming|Wyoming Miss America","false","generated"
"miss-america-dc-miss","miss-america","Miss District of Columbia","Miss","State","District of Columbia","DC","miss district of columbia","Miss District of Columbia|Miss District of Columbia Pageant|Miss District of Columbia Organization|Miss DC|District of Columbia Miss|District of Columbia MAO|MAO District of Columbia|District of Columbia Miss America","false","generated"
"miss-america-dc-teen","miss-america","Miss District of Columbia's Teen","Teen","State","District of Columbia","DC","miss district of columbias teen","Miss District of Columbia's Teen|Miss District of Columbia's Teen Pageant|Miss District of Columbia's Teen Organization|Miss DC's Teen|Miss District of Columbia Teen|Miss District of Columbias Teen|Miss District of Columbia's Outstanding Teen|District of Columbia MAO|MAO District of Columbia|District of Columbia Miss America","false","generated"
"miss-america-pr-miss","miss-america","Miss Puerto Rico","Miss","State","Puerto Rico","PR","miss puerto rico","Miss Puerto Rico|Miss Puerto Rico Pageant|Miss Puerto Rico Organization|Miss PR|Puerto Rico Miss|Puerto Rico MAO|MAO Puerto Rico|Puerto Rico Miss America","false","generated"
"miss-america-pr-teen","miss-america","Miss Puerto Rico's Teen","Teen","State","Puerto Rico","PR","miss puerto ricos teen","Miss Puerto Rico's Teen|Miss Puerto Rico's Teen Pageant|Miss Puerto Rico's Teen Organization|Miss PR's Teen|Miss Puerto Rico Teen|Miss Puerto Ricos Teen|Miss Puerto Rico's Outstanding Teen|Puerto Rico MAO|MAO Puerto Rico|Puerto Rico Miss America","false","generated"
"miss-usa-al-miss","miss-usa","Miss Alabama USA","Miss","State","Alabama","AL","miss alabama usa","Miss Alabama USA|Miss Alabama USA Pageant|Miss Alabama USA Organization|Miss AL USA|Alabama Miss USA|Miss USA Alabama|Alabama MUO|MUO Alabama|Alabama MUS|MUS Alabama","false","generated"
"miss-usa-al-teen","miss-usa","Miss Alabama Teen USA","Teen","State","Alabama","AL","miss alabama teen usa","Miss Alabama Teen USA|Miss Alabama Teen USA Pageant|Miss Alabama Teen USA Organization|Miss AL Teen USA|Alabama Miss Teen USA|Miss Teen USA Alabama|Miss Alabama's Teen USA|Alabama MUO|MUO Alabama|Alabama MUS|MUS Alabama|Alabama Miss USA","false","generated"
"miss-usa-ak-miss","miss-usa","Miss Alaska USA","Miss","State","Alaska","AK","miss alaska usa","Miss Alaska USA|Miss Alaska USA Pageant|Miss Alaska USA Organization|Miss AK USA|Alaska Miss USA|Miss USA Alaska|Alaska MUO|MUO Alaska|Alaska MUS|MUS Alaska","false","generated"
"miss-usa-ak-teen","miss-usa","Miss Alaska Teen USA","Teen","State","Alaska","AK","miss alaska teen usa","Miss Alaska Teen USA|Miss Alaska Teen USA Pageant|Miss Alaska Teen USA Organization|Miss AK Teen USA|Alaska Miss Teen USA|Miss Teen USA Alaska|Miss Alaska's Teen USA|Alaska MUO|MUO Alaska|Alaska MUS|MUS Alaska|Alaska Miss USA","false","generated"
"miss-usa-az-miss","miss-usa","Miss Arizona USA","Miss","State","Arizona","AZ","miss arizona usa","Miss Arizona USA|Miss Arizona USA Pageant|Miss Arizona USA Organization|Miss AZ USA|Arizona Miss USA|Miss USA Arizona|Arizona MUO|MUO Arizona|Arizona MUS|MUS Arizona","false","generated"
"miss-usa-az-teen","miss-usa","Miss Arizona Teen USA","Teen","State","Arizona","AZ","miss arizona teen usa","Miss Arizona Teen USA|Miss Arizona Teen USA Pageant|Miss Arizona Teen USA Organization|Miss AZ Teen USA|Arizona Miss Teen USA|Miss Teen USA Arizona|Miss Arizona's Teen USA|Arizona MUO|MUO Arizona|Arizona MUS|MUS Arizona|Arizona Miss USA","false","generated"
"miss-usa-ar-miss","miss-usa","Miss Arkansas USA","Miss","State","Arkansas","AR","miss arkansas usa","Miss Arkansas USA|Miss Arkansas USA Pageant|Miss Arkansas USA Organization|Miss AR USA|Arkansas Miss USA|Miss USA Arkansas|Arkansas MUO|MUO Arkansas|Arkansas MUS|MUS Arkansas","false","generated"
"miss-usa-ar-teen","miss-usa","Miss Arkansas Teen USA","Teen","State","Arkansas","AR","miss arkansas teen usa","Miss Arkansas Teen USA|Miss Arkansas Teen USA Pageant|Miss Arkansas Teen USA Organization|Miss AR Teen USA|Arkansas Miss Teen USA|Miss Teen USA Arkansas|Miss Arkansas's Teen USA|Arkansas MUO|MUO Arkansas|Arkansas MUS|MUS Arkansas|Arkansas Miss USA","false","generated"
"miss-usa-ca-miss","miss-usa","Miss California USA","Miss","State","California","CA","miss california usa","Miss California USA|Miss California USA Pageant|Miss California USA Organization|Miss CA USA|California Miss USA|Miss USA California|California MUO|MUO California|California MUS|MUS California","false","generated"
"miss-usa-ca-teen","miss-usa","Miss California Teen USA","Teen","State","California","CA","miss california teen usa","Miss California Teen USA|Miss California Teen USA Pageant|Miss California Teen USA Organization|Miss CA Teen USA|California Miss Teen USA|Miss Teen USA California|Miss California's Teen USA|California MUO|MUO California|California MUS|MUS California|California Miss USA","false","generated"
"miss-usa-co-miss","miss-usa","Miss Colorado USA","Miss","State","Colorado","CO","miss colorado usa","Miss Colorado USA|Miss Colorado USA Pageant|Miss Colorado USA Organization|Miss CO USA|Colorado Miss USA|Miss USA Colorado|Colorado MUO|MUO Colorado|Colorado MUS|MUS Colorado","false","generated"
"miss-usa-co-teen","miss-usa","Miss Colorado Teen USA","Teen","State","Colorado","CO","miss colorado teen usa","Miss Colorado Teen USA|Miss Colorado Teen USA Pageant|Miss Colorado Teen USA Organization|Miss CO Teen USA|Colorado Miss Teen USA|Miss Teen USA Colorado|Miss Colorado's Teen USA|Colorado MUO|MUO Colorado|Colorado MUS|MUS Colorado|Colorado Miss USA","false","generated"
"miss-usa-ct-miss","miss-usa","Miss Connecticut USA","Miss","State","Connecticut","CT","miss connecticut usa","Miss Connecticut USA|Miss Connecticut USA Pageant|Miss Connecticut USA Organization|Miss CT USA|Connecticut Miss USA|Miss USA Connecticut|Connecticut MUO|MUO Connecticut|Connecticut MUS|MUS Connecticut","false","generated"
"miss-usa-ct-teen","miss-usa","Miss Connecticut Teen USA","Teen","State","Connecticut","CT","miss connecticut teen usa","Miss Connecticut Teen USA|Miss Connecticut Teen USA Pageant|Miss Connecticut Teen USA Organization|Miss CT Teen USA|Connecticut Miss Teen USA|Miss Teen USA Connecticut|Miss Connecticut's Teen USA|Connecticut MUO|MUO Connecticut|Connecticut MUS|MUS Connecticut|Connecticut Miss USA","false","generated"
"miss-usa-de-miss","miss-usa","Miss Delaware USA","Miss","State","Delaware","DE","miss delaware usa","Miss Delaware USA|Miss Delaware USA Pageant|Miss Delaware USA Organization|Miss DE USA|Delaware Miss USA|Miss USA Delaware|Delaware MUO|MUO Delaware|Delaware MUS|MUS Delaware","false","generated"
"miss-usa-de-teen","miss-usa","Miss Delaware Teen USA","Teen","State","Delaware","DE","miss delaware teen usa","Miss Delaware Teen USA|Miss Delaware Teen USA Pageant|Miss Delaware Teen USA Organization|Miss DE Teen USA|Delaware Miss Teen USA|Miss Teen USA Delaware|Miss Delaware's Teen USA|Delaware MUO|MUO Delaware|Delaware MUS|MUS Delaware|Delaware Miss USA","false","generated"
"miss-usa-fl-miss","miss-usa","Miss Florida USA","Miss","State","Florida","FL","miss florida usa","Miss Florida USA|Miss Florida USA Pageant|Miss Florida USA Organization|Miss FL USA|Florida Miss USA|Miss USA Florida|Florida MUO|MUO Florida|Florida MUS|MUS Florida","false","generated"
"miss-usa-fl-teen","miss-usa","Miss Florida Teen USA","Teen","State","Florida","FL","miss florida teen usa","Miss Florida Teen USA|Miss Florida Teen USA Pageant|Miss Florida Teen USA Organization|Miss FL Teen USA|Florida Miss Teen USA|Miss Teen USA Florida|Miss Florida's Teen USA|Florida MUO|MUO Florida|Florida MUS|MUS Florida|Florida Miss USA","false","generated"
"miss-usa-ga-miss","miss-usa","Miss Georgia USA","Miss","State","Georgia","GA","miss georgia usa","Miss Georgia USA|Miss Georgia USA Pageant|Miss Georgia USA Organization|Miss GA USA|Georgia Miss USA|Miss USA Georgia|Georgia MUO|MUO Georgia|Georgia MUS|MUS Georgia","false","generated"
"miss-usa-ga-teen","miss-usa","Miss Georgia Teen USA","Teen","State","Georgia","GA","miss georgia teen usa","Miss Georgia Teen USA|Miss Georgia Teen USA Pageant|Miss Georgia Teen USA Organization|Miss GA Teen USA|Georgia Miss Teen USA|Miss Teen USA Georgia|Miss Georgia's Teen USA|Georgia MUO|MUO Georgia|Georgia MUS|MUS Georgia|Georgia Miss USA","false","generated"
"miss-usa-hi-miss","miss-usa","Miss Hawaii USA","Miss","State","Hawaii","HI","miss hawaii usa","Miss Hawaii USA|Miss Hawaii USA Pageant|Miss Hawaii USA Organization|Miss HI USA|Hawaii Miss USA|Miss USA Hawaii|Hawaii MUO|MUO Hawaii|Hawaii MUS|MUS Hawaii","false","generated"
"miss-usa-hi-teen","miss-usa","Miss Hawaii Teen USA","Teen","State","Hawaii","HI","miss hawaii teen usa","Miss Hawaii Teen USA|Miss Hawaii Teen USA Pageant|Miss Hawaii Teen USA Organization|Miss HI Teen USA|Hawaii Miss Teen USA|Miss Teen USA Hawaii|Miss Hawaii's Teen USA|Hawaii MUO|MUO Hawaii|Hawaii MUS|MUS Hawaii|Hawaii Miss USA","false","generated"
"miss-usa-id-miss","miss-usa","Miss Idaho USA","Miss","State","Idaho","ID","miss idaho usa","Miss Idaho USA|Miss Idaho USA Pageant|Miss Idaho USA Organization|Miss ID USA|Idaho Miss USA|Miss USA Idaho|Idaho MUO|MUO Idaho|Idaho MUS|MUS Idaho","false","generated"
"miss-usa-id-teen","miss-usa","Miss Idaho Teen USA","Teen","State","Idaho","ID","miss idaho teen usa","Miss Idaho Teen USA|Miss Idaho Teen USA Pageant|Miss Idaho Teen USA Organization|Miss ID Teen USA|Idaho Miss Teen USA|Miss Teen USA Idaho|Miss Idaho's Teen USA|Idaho MUO|MUO Idaho|Idaho MUS|MUS Idaho|Idaho Miss USA","false","generated"
"miss-usa-il-miss","miss-usa","Miss Illinois USA","Miss","State","Illinois","IL","miss illinois usa","Miss Illinois USA|Miss Illinois USA Pageant|Miss Illinois USA Organization|Miss IL USA|Illinois Miss USA|Miss USA Illinois|Illinois MUO|MUO Illinois|Illinois MUS|MUS Illinois","false","generated"
"miss-usa-il-teen","miss-usa","Miss Illinois Teen USA","Teen","State","Illinois","IL","miss illinois teen usa","Miss Illinois Teen USA|Miss Illinois Teen USA Pageant|Miss Illinois Teen USA Organization|Miss IL Teen USA|Illinois Miss Teen USA|Miss Teen USA Illinois|Miss Illinois's Teen USA|Illinois MUO|MUO Illinois|Illinois MUS|MUS Illinois|Illinois Miss USA","false","generated"
"miss-usa-in-miss","miss-usa","Miss Indiana USA","Miss","State","Indiana","IN","miss indiana usa","Miss Indiana USA|Miss Indiana USA Pageant|Miss Indiana USA Organization|Miss IN USA|Indiana Miss USA|Miss USA Indiana|Indiana MUO|MUO Indiana|Indiana MUS|MUS Indiana","false","generated"
"miss-usa-in-teen","miss-usa","Miss Indiana Teen USA","Teen","State","Indiana","IN","miss indiana teen usa","Miss Indiana Teen USA|Miss Indiana Teen USA Pageant|Miss Indiana Teen USA Organization|Miss IN Teen USA|Indiana Miss Teen USA|Miss Teen USA Indiana|Miss Indiana's Teen USA|Indiana MUO|MUO Indiana|Indiana MUS|MUS Indiana|Indiana Miss USA","false","generated"
"miss-usa-ia-miss","miss-usa","Miss Iowa USA","Miss","State","Iowa","IA","miss iowa usa","Miss Iowa USA|Miss Iowa USA Pageant|Miss Iowa USA Organization|Miss IA USA|Iowa Miss USA|Miss USA Iowa|Iowa MUO|MUO Iowa|Iowa MUS|MUS Iowa","false","generated"
"miss-usa-ia-teen","miss-usa","Miss Iowa Teen USA","Teen","State","Iowa","IA","miss iowa teen usa","Miss Iowa Teen USA|Miss Iowa Teen USA Pageant|Miss Iowa Teen USA Organization|Miss IA Teen USA|Iowa Miss Teen USA|Miss Teen USA Iowa|Miss Iowa's Teen USA|Iowa MUO|MUO Iowa|Iowa MUS|MUS Iowa|Iowa Miss USA","false","generated"
"miss-usa-ks-miss","miss-usa","Miss Kansas USA","Miss","State","Kansas","KS","miss kansas usa","Miss Kansas USA|Miss Kansas USA Pageant|Miss Kansas USA Organization|Miss KS USA|Kansas Miss USA|Miss USA Kansas|Kansas MUO|MUO Kansas|Kansas MUS|MUS Kansas","false","generated"
"miss-usa-ks-teen","miss-usa","Miss Kansas Teen USA","Teen","State","Kansas","KS","miss kansas teen usa","Miss Kansas Teen USA|Miss Kansas Teen USA Pageant|Miss Kansas Teen USA Organization|Miss KS Teen USA|Kansas Miss Teen USA|Miss Teen USA Kansas|Miss Kansas's Teen USA|Kansas MUO|MUO Kansas|Kansas MUS|MUS Kansas|Kansas Miss USA","false","generated"
"miss-usa-ky-miss","miss-usa","Miss Kentucky USA","Miss","State","Kentucky","KY","miss kentucky usa","Miss Kentucky USA|Miss Kentucky USA Pageant|Miss Kentucky USA Organization|Miss KY USA|Kentucky Miss USA|Miss USA Kentucky|Kentucky MUO|MUO Kentucky|Kentucky MUS|MUS Kentucky","false","generated"
"miss-usa-ky-teen","miss-usa","Miss Kentucky Teen USA","Teen","State","Kentucky","KY","miss kentucky teen usa","Miss Kentucky Teen USA|Miss Kentucky Teen USA Pageant|Miss Kentucky Teen USA Organization|Miss KY Teen USA|Kentucky Miss Teen USA|Miss Teen USA Kentucky|Miss Kentucky's Teen USA|Kentucky MUO|MUO Kentucky|Kentucky MUS|MUS Kentucky|Kentucky Miss USA","false","generated"
"miss-usa-la-miss","miss-usa","Miss Louisiana USA","Miss","State","Louisiana","LA","miss louisiana usa","Miss Louisiana USA|Miss Louisiana USA Pageant|Miss Louisiana USA Organization|Miss LA USA|Louisiana Miss USA|Miss USA Louisiana|Louisiana MUO|MUO Louisiana|Louisiana MUS|MUS Louisiana","false","generated"
"miss-usa-la-teen","miss-usa","Miss Louisiana Teen USA","Teen","State","Louisiana","LA","miss louisiana teen usa","Miss Louisiana Teen USA|Miss Louisiana Teen USA Pageant|Miss Louisiana Teen USA Organization|Miss LA Teen USA|Louisiana Miss Teen USA|Miss Teen USA Louisiana|Miss Louisiana's Teen USA|Louisiana MUO|MUO Louisiana|Louisiana MUS|MUS Louisiana|Louisiana Miss USA","false","generated"
"miss-usa-me-miss","miss-usa","Miss Maine USA","Miss","State","Maine","ME","miss maine usa","Miss Maine USA|Miss Maine USA Pageant|Miss Maine USA Organization|Miss ME USA|Maine Miss USA|Miss USA Maine|Maine MUO|MUO Maine|Maine MUS|MUS Maine","false","generated"
"miss-usa-me-teen","miss-usa","Miss Maine Teen USA","Teen","State","Maine","ME","miss maine teen usa","Miss Maine Teen USA|Miss Maine Teen USA Pageant|Miss Maine Teen USA Organization|Miss ME Teen USA|Maine Miss Teen USA|Miss Teen USA Maine|Miss Maine's Teen USA|Maine MUO|MUO Maine|Maine MUS|MUS Maine|Maine Miss USA","false","generated"
"miss-usa-md-miss","miss-usa","Miss Maryland USA","Miss","State","Maryland","MD","miss maryland usa","Miss Maryland USA|Miss Maryland USA Pageant|Miss Maryland USA Organization|Miss MD USA|Maryland Miss USA|Miss USA Maryland|Maryland MUO|MUO Maryland|Maryland MUS|MUS Maryland","false","generated"
"miss-usa-md-teen","miss-usa","Miss Maryland Teen USA","Teen","State","Maryland","MD","miss maryland teen usa","Miss Maryland Teen USA|Miss Maryland Teen USA Pageant|Miss Maryland Teen USA Organization|Miss MD Teen USA|Maryland Miss Teen USA|Miss Teen USA Maryland|Miss Maryland's Teen USA|Maryland MUO|MUO Maryland|Maryland MUS|MUS Maryland|Maryland Miss USA","false","generated"
"miss-usa-ma-miss","miss-usa","Miss Massachusetts USA","Miss","State","Massachusetts","MA","miss massachusetts usa","Miss Massachusetts USA|Miss Massachusetts USA Pageant|Miss Massachusetts USA Organization|Miss MA USA|Massachusetts Miss USA|Miss USA Massachusetts|Massachusetts MUO|MUO Massachusetts|Massachusetts MUS|MUS Massachusetts","false","generated"
"miss-usa-ma-teen","miss-usa","Miss Massachusetts Teen USA","Teen","State","Massachusetts","MA","miss massachusetts teen usa","Miss Massachusetts Teen USA|Miss Massachusetts Teen USA Pageant|Miss Massachusetts Teen USA Organization|Miss MA Teen USA|Massachusetts Miss Teen USA|Miss Teen USA Massachusetts|Miss Massachusetts's Teen USA|Massachusetts MUO|MUO Massachusetts|Massachusetts MUS|MUS Massachusetts|Massachusetts Miss USA","false","generated"
"miss-usa-mi-miss","miss-usa","Miss Michigan USA","Miss","State","Michigan","MI","miss michigan usa","Miss Michigan USA|Miss Michigan USA Pageant|Miss Michigan USA Organization|Miss MI USA|Michigan Miss USA|Miss USA Michigan|Michigan MUO|MUO Michigan|Michigan MUS|MUS Michigan","false","generated"
"miss-usa-mi-teen","miss-usa","Miss Michigan Teen USA","Teen","State","Michigan","MI","miss michigan teen usa","Miss Michigan Teen USA|Miss Michigan Teen USA Pageant|Miss Michigan Teen USA Organization|Miss MI Teen USA|Michigan Miss Teen USA|Miss Teen USA Michigan|Miss Michigan's Teen USA|Michigan MUO|MUO Michigan|Michigan MUS|MUS Michigan|Michigan Miss USA","false","generated"
"miss-usa-mn-miss","miss-usa","Miss Minnesota USA","Miss","State","Minnesota","MN","miss minnesota usa","Miss Minnesota USA|Miss Minnesota USA Pageant|Miss Minnesota USA Organization|Miss MN USA|Minnesota Miss USA|Miss USA Minnesota|Minnesota MUO|MUO Minnesota|Minnesota MUS|MUS Minnesota","false","generated"
"miss-usa-mn-teen","miss-usa","Miss Minnesota Teen USA","Teen","State","Minnesota","MN","miss minnesota teen usa","Miss Minnesota Teen USA|Miss Minnesota Teen USA Pageant|Miss Minnesota Teen USA Organization|Miss MN Teen USA|Minnesota Miss Teen USA|Miss Teen USA Minnesota|Miss Minnesota's Teen USA|Minnesota MUO|MUO Minnesota|Minnesota MUS|MUS Minnesota|Minnesota Miss USA","false","generated"
"miss-usa-ms-miss","miss-usa","Miss Mississippi USA","Miss","State","Mississippi","MS","miss mississippi usa","Miss Mississippi USA|Miss Mississippi USA Pageant|Miss Mississippi USA Organization|Miss MS USA|Mississippi Miss USA|Miss USA Mississippi|Mississippi MUO|MUO Mississippi|Mississippi MUS|MUS Mississippi","false","generated"
"miss-usa-ms-teen","miss-usa","Miss Mississippi Teen USA","Teen","State","Mississippi","MS","miss mississippi teen usa","Miss Mississippi Teen USA|Miss Mississippi Teen USA Pageant|Miss Mississippi Teen USA Organization|Miss MS Teen USA|Mississippi Miss Teen USA|Miss Teen USA Mississippi|Miss Mississippi's Teen USA|Mississippi MUO|MUO Mississippi|Mississippi MUS|MUS Mississippi|Mississippi Miss USA","false","generated"
"miss-usa-mo-miss","miss-usa","Miss Missouri USA","Miss","State","Missouri","MO","miss missouri usa","Miss Missouri USA|Miss Missouri USA Pageant|Miss Missouri USA Organization|Miss MO USA|Missouri Miss USA|Miss USA Missouri|Missouri MUO|MUO Missouri|Missouri MUS|MUS Missouri","false","generated"
"miss-usa-mo-teen","miss-usa","Miss Missouri Teen USA","Teen","State","Missouri","MO","miss missouri teen usa","Miss Missouri Teen USA|Miss Missouri Teen USA Pageant|Miss Missouri Teen USA Organization|Miss MO Teen USA|Missouri Miss Teen USA|Miss Teen USA Missouri|Miss Missouri's Teen USA|Missouri MUO|MUO Missouri|Missouri MUS|MUS Missouri|Missouri Miss USA","false","generated"
"miss-usa-mt-miss","miss-usa","Miss Montana USA","Miss","State","Montana","MT","miss montana usa","Miss Montana USA|Miss Montana USA Pageant|Miss Montana USA Organization|Miss MT USA|Montana Miss USA|Miss USA Montana|Montana MUO|MUO Montana|Montana MUS|MUS Montana","false","generated"
"miss-usa-mt-teen","miss-usa","Miss Montana Teen USA","Teen","State","Montana","MT","miss montana teen usa","Miss Montana Teen USA|Miss Montana Teen USA Pageant|Miss Montana Teen USA Organization|Miss MT Teen USA|Montana Miss Teen USA|Miss Teen USA Montana|Miss Montana's Teen USA|Montana MUO|MUO Montana|Montana MUS|MUS Montana|Montana Miss USA","false","generated"
"miss-usa-ne-miss","miss-usa","Miss Nebraska USA","Miss","State","Nebraska","NE","miss nebraska usa","Miss Nebraska USA|Miss Nebraska USA Pageant|Miss Nebraska USA Organization|Miss NE USA|Nebraska Miss USA|Miss USA Nebraska|Nebraska MUO|MUO Nebraska|Nebraska MUS|MUS Nebraska","false","generated"
"miss-usa-ne-teen","miss-usa","Miss Nebraska Teen USA","Teen","State","Nebraska","NE","miss nebraska teen usa","Miss Nebraska Teen USA|Miss Nebraska Teen USA Pageant|Miss Nebraska Teen USA Organization|Miss NE Teen USA|Nebraska Miss Teen USA|Miss Teen USA Nebraska|Miss Nebraska's Teen USA|Nebraska MUO|MUO Nebraska|Nebraska MUS|MUS Nebraska|Nebraska Miss USA","false","generated"
"miss-usa-nv-miss","miss-usa","Miss Nevada USA","Miss","State","Nevada","NV","miss nevada usa","Miss Nevada USA|Miss Nevada USA Pageant|Miss Nevada USA Organization|Miss NV USA|Nevada Miss USA|Miss USA Nevada|Nevada MUO|MUO Nevada|Nevada MUS|MUS Nevada","false","generated"
"miss-usa-nv-teen","miss-usa","Miss Nevada Teen USA","Teen","State","Nevada","NV","miss nevada teen usa","Miss Nevada Teen USA|Miss Nevada Teen USA Pageant|Miss Nevada Teen USA Organization|Miss NV Teen USA|Nevada Miss Teen USA|Miss Teen USA Nevada|Miss Nevada's Teen USA|Nevada MUO|MUO Nevada|Nevada MUS|MUS Nevada|Nevada Miss USA","false","generated"
"miss-usa-nh-miss","miss-usa","Miss New Hampshire USA","Miss","State","New Hampshire","NH","miss new hampshire usa","Miss New Hampshire USA|Miss New Hampshire USA Pageant|Miss New Hampshire USA Organization|Miss NH USA|New Hampshire Miss USA|Miss USA New Hampshire|New Hampshire MUO|MUO New Hampshire|New Hampshire MUS|MUS New Hampshire","false","generated"
"miss-usa-nh-teen","miss-usa","Miss New Hampshire Teen USA","Teen","State","New Hampshire","NH","miss new hampshire teen usa","Miss New Hampshire Teen USA|Miss New Hampshire Teen USA Pageant|Miss New Hampshire Teen USA Organization|Miss NH Teen USA|New Hampshire Miss Teen USA|Miss Teen USA New Hampshire|Miss New Hampshire's Teen USA|New Hampshire MUO|MUO New Hampshire|New Hampshire MUS|MUS New Hampshire|New Hampshire Miss USA","false","generated"
"miss-usa-nj-miss","miss-usa","Miss New Jersey USA","Miss","State","New Jersey","NJ","miss new jersey usa","Miss New Jersey USA|Miss New Jersey USA Pageant|Miss New Jersey USA Organization|Miss NJ USA|New Jersey Miss USA|Miss USA New Jersey|New Jersey MUO|MUO New Jersey|New Jersey MUS|MUS New Jersey","false","generated"
"miss-usa-nj-teen","miss-usa","Miss New Jersey Teen USA","Teen","State","New Jersey","NJ","miss new jersey teen usa","Miss New Jersey Teen USA|Miss New Jersey Teen USA Pageant|Miss New Jersey Teen USA Organization|Miss NJ Teen USA|New Jersey Miss Teen USA|Miss Teen USA New Jersey|Miss New Jersey's Teen USA|New Jersey MUO|MUO New Jersey|New Jersey MUS|MUS New Jersey|New Jersey Miss USA","false","generated"
"miss-usa-nm-miss","miss-usa","Miss New Mexico USA","Miss","State","New Mexico","NM","miss new mexico usa","Miss New Mexico USA|Miss New Mexico USA Pageant|Miss New Mexico USA Organization|Miss NM USA|New Mexico Miss USA|Miss USA New Mexico|New Mexico MUO|MUO New Mexico|New Mexico MUS|MUS New Mexico","false","generated"
"miss-usa-nm-teen","miss-usa","Miss New Mexico Teen USA","Teen","State","New Mexico","NM","miss new mexico teen usa","Miss New Mexico Teen USA|Miss New Mexico Teen USA Pageant|Miss New Mexico Teen USA Organization|Miss NM Teen USA|New Mexico Miss Teen USA|Miss Teen USA New Mexico|Miss New Mexico's Teen USA|New Mexico MUO|MUO New Mexico|New Mexico MUS|MUS New Mexico|New Mexico Miss USA","false","generated"
"miss-usa-ny-miss","miss-usa","Miss New York USA","Miss","State","New York","NY","miss new york usa","Miss New York USA|Miss New York USA Pageant|Miss New York USA Organization|Miss NY USA|New York Miss USA|Miss USA New York|New York MUO|MUO New York|New York MUS|MUS New York","false","generated"
"miss-usa-ny-teen","miss-usa","Miss New York Teen USA","Teen","State","New York","NY","miss new york teen usa","Miss New York Teen USA|Miss New York Teen USA Pageant|Miss New York Teen USA Organization|Miss NY Teen USA|New York Miss Teen USA|Miss Teen USA New York|Miss New York's Teen USA|New York MUO|MUO New York|New York MUS|MUS New York|New York Miss USA","false","generated"
"miss-usa-nc-miss","miss-usa","Miss North Carolina USA","Miss","State","North Carolina","NC","miss north carolina usa","Miss North Carolina USA|Miss North Carolina USA Pageant|Miss North Carolina USA Organization|Miss NC USA|North Carolina Miss USA|Miss USA North Carolina|North Carolina MUO|MUO North Carolina|North Carolina MUS|MUS North Carolina","false","generated"
"miss-usa-nc-teen","miss-usa","Miss North Carolina Teen USA","Teen","State","North Carolina","NC","miss north carolina teen usa","Miss North Carolina Teen USA|Miss North Carolina Teen USA Pageant|Miss North Carolina Teen USA Organization|Miss NC Teen USA|North Carolina Miss Teen USA|Miss Teen USA North Carolina|Miss North Carolina's Teen USA|North Carolina MUO|MUO North Carolina|North Carolina MUS|MUS North Carolina|North Carolina Miss USA","false","generated"
"miss-usa-nd-miss","miss-usa","Miss North Dakota USA","Miss","State","North Dakota","ND","miss north dakota usa","Miss North Dakota USA|Miss North Dakota USA Pageant|Miss North Dakota USA Organization|Miss ND USA|North Dakota Miss USA|Miss USA North Dakota|North Dakota MUO|MUO North Dakota|North Dakota MUS|MUS North Dakota","false","generated"
"miss-usa-nd-teen","miss-usa","Miss North Dakota Teen USA","Teen","State","North Dakota","ND","miss north dakota teen usa","Miss North Dakota Teen USA|Miss North Dakota Teen USA Pageant|Miss North Dakota Teen USA Organization|Miss ND Teen USA|North Dakota Miss Teen USA|Miss Teen USA North Dakota|Miss North Dakota's Teen USA|North Dakota MUO|MUO North Dakota|North Dakota MUS|MUS North Dakota|North Dakota Miss USA","false","generated"
"miss-usa-oh-miss","miss-usa","Miss Ohio USA","Miss","State","Ohio","OH","miss ohio usa","Miss Ohio USA|Miss Ohio USA Pageant|Miss Ohio USA Organization|Miss OH USA|Ohio Miss USA|Miss USA Ohio|Ohio MUO|MUO Ohio|Ohio MUS|MUS Ohio","false","generated"
"miss-usa-oh-teen","miss-usa","Miss Ohio Teen USA","Teen","State","Ohio","OH","miss ohio teen usa","Miss Ohio Teen USA|Miss Ohio Teen USA Pageant|Miss Ohio Teen USA Organization|Miss OH Teen USA|Ohio Miss Teen USA|Miss Teen USA Ohio|Miss Ohio's Teen USA|Ohio MUO|MUO Ohio|Ohio MUS|MUS Ohio|Ohio Miss USA","false","generated"
"miss-usa-ok-miss","miss-usa","Miss Oklahoma USA","Miss","State","Oklahoma","OK","miss oklahoma usa","Miss Oklahoma USA|Miss Oklahoma USA Pageant|Miss Oklahoma USA Organization|Miss OK USA|Oklahoma Miss USA|Miss USA Oklahoma|Oklahoma MUO|MUO Oklahoma|Oklahoma MUS|MUS Oklahoma","false","generated"
"miss-usa-ok-teen","miss-usa","Miss Oklahoma Teen USA","Teen","State","Oklahoma","OK","miss oklahoma teen usa","Miss Oklahoma Teen USA|Miss Oklahoma Teen USA Pageant|Miss Oklahoma Teen USA Organization|Miss OK Teen USA|Oklahoma Miss Teen USA|Miss Teen USA Oklahoma|Miss Oklahoma's Teen USA|Oklahoma MUO|MUO Oklahoma|Oklahoma MUS|MUS Oklahoma|Oklahoma Miss USA","false","generated"
"miss-usa-or-miss","miss-usa","Miss Oregon USA","Miss","State","Oregon","OR","miss oregon usa","Miss Oregon USA|Miss Oregon USA Pageant|Miss Oregon USA Organization|Miss OR USA|Oregon Miss USA|Miss USA Oregon|Oregon MUO|MUO Oregon|Oregon MUS|MUS Oregon","false","generated"
"miss-usa-or-teen","miss-usa","Miss Oregon Teen USA","Teen","State","Oregon","OR","miss oregon teen usa","Miss Oregon Teen USA|Miss Oregon Teen USA Pageant|Miss Oregon Teen USA Organization|Miss OR Teen USA|Oregon Miss Teen USA|Miss Teen USA Oregon|Miss Oregon's Teen USA|Oregon MUO|MUO Oregon|Oregon MUS|MUS Oregon|Oregon Miss USA","false","generated"
"miss-usa-pa-miss","miss-usa","Miss Pennsylvania USA","Miss","State","Pennsylvania","PA","miss pennsylvania usa","Miss Pennsylvania USA|Miss Pennsylvania USA Pageant|Miss Pennsylvania USA Organization|Miss PA USA|Pennsylvania Miss USA|Miss USA Pennsylvania|Pennsylvania MUO|MUO Pennsylvania|Pennsylvania MUS|MUS Pennsylvania","false","generated"
"miss-usa-pa-teen","miss-usa","Miss Pennsylvania Teen USA","Teen","State","Pennsylvania","PA","miss pennsylvania teen usa","Miss Pennsylvania Teen USA|Miss Pennsylvania Teen USA Pageant|Miss Pennsylvania Teen USA Organization|Miss PA Teen USA|Pennsylvania Miss Teen USA|Miss Teen USA Pennsylvania|Miss Pennsylvania's Teen USA|Pennsylvania MUO|MUO Pennsylvania|Pennsylvania MUS|MUS Pennsylvania|Pennsylvania Miss USA","false","generated"
"miss-usa-ri-miss","miss-usa","Miss Rhode Island USA","Miss","State","Rhode Island","RI","miss rhode island usa","Miss Rhode Island USA|Miss Rhode Island USA Pageant|Miss Rhode Island USA Organization|Miss RI USA|Rhode Island Miss USA|Miss USA Rhode Island|Rhode Island MUO|MUO Rhode Island|Rhode Island MUS|MUS Rhode Island","false","generated"
"miss-usa-ri-teen","miss-usa","Miss Rhode Island Teen USA","Teen","State","Rhode Island","RI","miss rhode island teen usa","Miss Rhode Island Teen USA|Miss Rhode Island Teen USA Pageant|Miss Rhode Island Teen USA Organization|Miss RI Teen USA|Rhode Island Miss Teen USA|Miss Teen USA Rhode Island|Miss Rhode Island's Teen USA|Rhode Island MUO|MUO Rhode Island|Rhode Island MUS|MUS Rhode Island|Rhode Island Miss USA","false","generated"
"miss-usa-sc-miss","miss-usa","Miss South Carolina USA","Miss","State","South Carolina","SC","miss south carolina usa","Miss South Carolina USA|Miss South Carolina USA Pageant|Miss South Carolina USA Organization|Miss SC USA|South Carolina Miss USA|Miss USA South Carolina|South Carolina MUO|MUO South Carolina|South Carolina MUS|MUS South Carolina","false","generated"
"miss-usa-sc-teen","miss-usa","Miss South Carolina Teen USA","Teen","State","South Carolina","SC","miss south carolina teen usa","Miss South Carolina Teen USA|Miss South Carolina Teen USA Pageant|Miss South Carolina Teen USA Organization|Miss SC Teen USA|South Carolina Miss Teen USA|Miss Teen USA South Carolina|Miss South Carolina's Teen USA|South Carolina MUO|MUO South Carolina|South Carolina MUS|MUS South Carolina|South Carolina Miss USA","false","generated"
"miss-usa-sd-miss","miss-usa","Miss South Dakota USA","Miss","State","South Dakota","SD","miss south dakota usa","Miss South Dakota USA|Miss South Dakota USA Pageant|Miss South Dakota USA Organization|Miss SD USA|South Dakota Miss USA|Miss USA South Dakota|South Dakota MUO|MUO South Dakota|South Dakota MUS|MUS South Dakota","false","generated"
"miss-usa-sd-teen","miss-usa","Miss South Dakota Teen USA","Teen","State","South Dakota","SD","miss south dakota teen usa","Miss South Dakota Teen USA|Miss South Dakota Teen USA Pageant|Miss South Dakota Teen USA Organization|Miss SD Teen USA|South Dakota Miss Teen USA|Miss Teen USA South Dakota|Miss South Dakota's Teen USA|South Dakota MUO|MUO South Dakota|South Dakota MUS|MUS South Dakota|South Dakota Miss USA","false","generated"
"miss-usa-tn-miss","miss-usa","Miss Tennessee USA","Miss","State","Tennessee","TN","miss tennessee usa","Miss Tennessee USA|Miss Tennessee USA Pageant|Miss Tennessee USA Organization|Miss TN USA|Tennessee Miss USA|Miss USA Tennessee|Tennessee MUO|MUO Tennessee|Tennessee MUS|MUS Tennessee","false","generated"
"miss-usa-tn-teen","miss-usa","Miss Tennessee Teen USA","Teen","State","Tennessee","TN","miss tennessee teen usa","Miss Tennessee Teen USA|Miss Tennessee Teen USA Pageant|Miss Tennessee Teen USA Organization|Miss TN Teen USA|Tennessee Miss Teen USA|Miss Teen USA Tennessee|Miss Tennessee's Teen USA|Tennessee MUO|MUO Tennessee|Tennessee MUS|MUS Tennessee|Tennessee Miss USA","false","generated"
"miss-usa-tx-miss","miss-usa","Miss Texas USA","Miss","State","Texas","TX","miss texas usa","Miss Texas USA|Miss Texas USA Pageant|Miss Texas USA Organization|Miss TX USA|Texas Miss USA|Miss USA Texas|Texas MUO|MUO Texas|Texas MUS|MUS Texas","false","generated"
"miss-usa-tx-teen","miss-usa","Miss Texas Teen USA","Teen","State","Texas","TX","miss texas teen usa","Miss Texas Teen USA|Miss Texas Teen USA Pageant|Miss Texas Teen USA Organization|Miss TX Teen USA|Texas Miss Teen USA|Miss Teen USA Texas|Miss Texas's Teen USA|Texas MUO|MUO Texas|Texas MUS|MUS Texas|Texas Miss USA","false","generated"
"miss-usa-ut-miss","miss-usa","Miss Utah USA","Miss","State","Utah","UT","miss utah usa","Miss Utah USA|Miss Utah USA Pageant|Miss Utah USA Organization|Miss UT USA|Utah Miss USA|Miss USA Utah|Utah MUO|MUO Utah|Utah MUS|MUS Utah","false","generated"
"miss-usa-ut-teen","miss-usa","Miss Utah Teen USA","Teen","State","Utah","UT","miss utah teen usa","Miss Utah Teen USA|Miss Utah Teen USA Pageant|Miss Utah Teen USA Organization|Miss UT Teen USA|Utah Miss Teen USA|Miss Teen USA Utah|Miss Utah's Teen USA|Utah MUO|MUO Utah|Utah MUS|MUS Utah|Utah Miss USA","false","generated"
"miss-usa-vt-miss","miss-usa","Miss Vermont USA","Miss","State","Vermont","VT","miss vermont usa","Miss Vermont USA|Miss Vermont USA Pageant|Miss Vermont USA Organization|Miss VT USA|Vermont Miss USA|Miss USA Vermont|Vermont MUO|MUO Vermont|Vermont MUS|MUS Vermont","false","generated"
"miss-usa-vt-teen","miss-usa","Miss Vermont Teen USA","Teen","State","Vermont","VT","miss vermont teen usa","Miss Vermont Teen USA|Miss Vermont Teen USA Pageant|Miss Vermont Teen USA Organization|Miss VT Teen USA|Vermont Miss Teen USA|Miss Teen USA Vermont|Miss Vermont's Teen USA|Vermont MUO|MUO Vermont|Vermont MUS|MUS Vermont|Vermont Miss USA","false","generated"
"miss-usa-va-miss","miss-usa","Miss Virginia USA","Miss","State","Virginia","VA","miss virginia usa","Miss Virginia USA|Miss Virginia USA Pageant|Miss Virginia USA Organization|Miss VA USA|Virginia Miss USA|Miss USA Virginia|Virginia MUO|MUO Virginia|Virginia MUS|MUS Virginia","false","generated"
"miss-usa-va-teen","miss-usa","Miss Virginia Teen USA","Teen","State","Virginia","VA","miss virginia teen usa","Miss Virginia Teen USA|Miss Virginia Teen USA Pageant|Miss Virginia Teen USA Organization|Miss VA Teen USA|Virginia Miss Teen USA|Miss Teen USA Virginia|Miss Virginia's Teen USA|Virginia MUO|MUO Virginia|Virginia MUS|MUS Virginia|Virginia Miss USA","false","generated"
"miss-usa-wa-miss","miss-usa","Miss Washington USA","Miss","State","Washington","WA","miss washington usa","Miss Washington USA|Miss Washington USA Pageant|Miss Washington USA Organization|Miss WA USA|Washington Miss USA|Miss USA Washington|Washington MUO|MUO Washington|Washington MUS|MUS Washington","false","generated"
"miss-usa-wa-teen","miss-usa","Miss Washington Teen USA","Teen","State","Washington","WA","miss washington teen usa","Miss Washington Teen USA|Miss Washington Teen USA Pageant|Miss Washington Teen USA Organization|Miss WA Teen USA|Washington Miss Teen USA|Miss Teen USA Washington|Miss Washington's Teen USA|Washington MUO|MUO Washington|Washington MUS|MUS Washington|Washington Miss USA","false","generated"
"miss-usa-wv-miss","miss-usa","Miss West Virginia USA","Miss","State","West Virginia","WV","miss west virginia usa","Miss West Virginia USA|Miss West Virginia USA Pageant|Miss West Virginia USA Organization|Miss WV USA|West Virginia Miss USA|Miss USA West Virginia|West Virginia MUO|MUO West Virginia|West Virginia MUS|MUS West Virginia","false","generated"
"miss-usa-wv-teen","miss-usa","Miss West Virginia Teen USA","Teen","State","West Virginia","WV","miss west virginia teen usa","Miss West Virginia Teen USA|Miss West Virginia Teen USA Pageant|Miss West Virginia Teen USA Organization|Miss WV Teen USA|West Virginia Miss Teen USA|Miss Teen USA West Virginia|Miss West Virginia's Teen USA|West Virginia MUO|MUO West Virginia|West Virginia MUS|MUS West Virginia|West Virginia Miss USA","false","generated"
"miss-usa-wi-miss","miss-usa","Miss Wisconsin USA","Miss","State","Wisconsin","WI","miss wisconsin usa","Miss Wisconsin USA|Miss Wisconsin USA Pageant|Miss Wisconsin USA Organization|Miss WI USA|Wisconsin Miss USA|Miss USA Wisconsin|Wisconsin MUO|MUO Wisconsin|Wisconsin MUS|MUS Wisconsin","false","generated"
"miss-usa-wi-teen","miss-usa","Miss Wisconsin Teen USA","Teen","State","Wisconsin","WI","miss wisconsin teen usa","Miss Wisconsin Teen USA|Miss Wisconsin Teen USA Pageant|Miss Wisconsin Teen USA Organization|Miss WI Teen USA|Wisconsin Miss Teen USA|Miss Teen USA Wisconsin|Miss Wisconsin's Teen USA|Wisconsin MUO|MUO Wisconsin|Wisconsin MUS|MUS Wisconsin|Wisconsin Miss USA","false","generated"
"miss-usa-wy-miss","miss-usa","Miss Wyoming USA","Miss","State","Wyoming","WY","miss wyoming usa","Miss Wyoming USA|Miss Wyoming USA Pageant|Miss Wyoming USA Organization|Miss WY USA|Wyoming Miss USA|Miss USA Wyoming|Wyoming MUO|MUO Wyoming|Wyoming MUS|MUS Wyoming","false","generated"
"miss-usa-wy-teen","miss-usa","Miss Wyoming Teen USA","Teen","State","Wyoming","WY","miss wyoming teen usa","Miss Wyoming Teen USA|Miss Wyoming Teen USA Pageant|Miss Wyoming Teen USA Organization|Miss WY Teen USA|Wyoming Miss Teen USA|Miss Teen USA Wyoming|Miss Wyoming's Teen USA|Wyoming MUO|MUO Wyoming|Wyoming MUS|MUS Wyoming|Wyoming Miss USA","false","generated"
"miss-usa-dc-miss","miss-usa","Miss District of Columbia USA","Miss","State","District of Columbia","DC","miss district of columbia usa","Miss District of Columbia USA|Miss District of Columbia USA Pageant|Miss District of Columbia USA Organization|Miss DC USA|District of Columbia Miss USA|Miss USA District of Columbia|District of Columbia MUO|MUO District of Columbia|District of Columbia MUS|MUS District of Columbia","false","generated"
"miss-usa-dc-teen","miss-usa","Miss District of Columbia Teen USA","Teen","State","District of Columbia","DC","miss district of columbia teen usa","Miss District of Columbia Teen USA|Miss District of Columbia Teen USA Pageant|Miss District of Columbia Teen USA Organization|Miss DC Teen USA|District of Columbia Miss Teen USA|Miss Teen USA District of Columbia|Miss District of Columbia's Teen USA|District of Columbia MUO|MUO District of Columbia|District of Columbia MUS|MUS District of Columbia|District of Columbia Miss USA","false","generated"
"miss-usa-pr-miss","miss-usa","Miss Puerto Rico USA","Miss","State","Puerto Rico","PR","miss puerto rico usa","Miss Puerto Rico USA|Miss Puerto Rico USA Pageant|Miss Puerto Rico USA Organization|Miss PR USA|Puerto Rico Miss USA|Miss USA Puerto Rico|Puerto Rico MUO|MUO Puerto Rico|Puerto Rico MUS|MUS Puerto Rico","false","generated"
"miss-usa-pr-teen","miss-usa","Miss Puerto Rico Teen USA","Teen","State","Puerto Rico","PR","miss puerto rico teen usa","Miss Puerto Rico Teen USA|Miss Puerto Rico Teen USA Pageant|Miss Puerto Rico Teen USA Organization|Miss PR Teen USA|Puerto Rico Miss Teen USA|Miss Teen USA Puerto Rico|Miss Puerto Rico's Teen USA|Puerto Rico MUO|MUO Puerto Rico|Puerto Rico MUS|MUS Puerto Rico|Puerto Rico Miss USA","false","generated"
"mrs-america-al-mrs","mrs-america","Mrs. Alabama America","Mrs.","State","Alabama","AL","mrs alabama america","Mrs. Alabama America|Mrs Alabama America|Mrs. Alabama America Pageant|Mrs. Alabama America Organization|Mrs. AL America|Alabama Mrs. America|Mrs. America Alabama|Alabama MAI|MAI Alabama","false","generated"
"mrs-america-al-miss-for-america-strong","mrs-america","Miss Alabama For America Strong","Miss For America Strong","State","Alabama","AL","miss alabama for america strong","Miss Alabama For America Strong|Miss Alabama For America Strong Pageant|Miss Alabama For America Strong Organization|Miss AL For America Strong|Alabama Miss For America Strong|Miss For America Strong Alabama|Alabama MAI|MAI Alabama|Alabama Mrs. America","false","generated"
"mrs-america-ak-mrs","mrs-america","Mrs. Alaska America","Mrs.","State","Alaska","AK","mrs alaska america","Mrs. Alaska America|Mrs Alaska America|Mrs. Alaska America Pageant|Mrs. Alaska America Organization|Mrs. AK America|Alaska Mrs. America|Mrs. America Alaska|Alaska MAI|MAI Alaska","false","generated"
"mrs-america-ak-miss-for-america-strong","mrs-america","Miss Alaska For America Strong","Miss For America Strong","State","Alaska","AK","miss alaska for america strong","Miss Alaska For America Strong|Miss Alaska For America Strong Pageant|Miss Alaska For America Strong Organization|Miss AK For America Strong|Alaska Miss For America Strong|Miss For America Strong Alaska|Alaska MAI|MAI Alaska|Alaska Mrs. America","false","generated"
"mrs-america-az-mrs","mrs-america","Mrs. Arizona America","Mrs.","State","Arizona","AZ","mrs arizona america","Mrs. Arizona America|Mrs Arizona America|Mrs. Arizona America Pageant|Mrs. Arizona America Organization|Mrs. AZ America|Arizona Mrs. America|Mrs. America Arizona|Arizona MAI|MAI Arizona","false","generated"
"mrs-america-az-miss-for-america-strong","mrs-america","Miss Arizona For America Strong","Miss For America Strong","State","Arizona","AZ","miss arizona for america strong","Miss Arizona For America Strong|Miss Arizona For America Strong Pageant|Miss Arizona For America Strong Organization|Miss AZ For America Strong|Arizona Miss For America Strong|Miss For America Strong Arizona|Arizona MAI|MAI Arizona|Arizona Mrs. America","false","generated"
"mrs-america-ar-mrs","mrs-america","Mrs. Arkansas America","Mrs.","State","Arkansas","AR","mrs arkansas america","Mrs. Arkansas America|Mrs Arkansas America|Mrs. Arkansas America Pageant|Mrs. Arkansas America Organization|Mrs. AR America|Arkansas Mrs. America|Mrs. America Arkansas|Arkansas MAI|MAI Arkansas","false","generated"
"mrs-america-ar-miss-for-america-strong","mrs-america","Miss Arkansas For America Strong","Miss For America Strong","State","Arkansas","AR","miss arkansas for america strong","Miss Arkansas For America Strong|Miss Arkansas For America Strong Pageant|Miss Arkansas For America Strong Organization|Miss AR For America Strong|Arkansas Miss For America Strong|Miss For America Strong Arkansas|Arkansas MAI|MAI Arkansas|Arkansas Mrs. America","false","generated"
"mrs-america-ca-mrs","mrs-america","Mrs. California America","Mrs.","State","California","CA","mrs california america","Mrs. California America|Mrs California America|Mrs. California America Pageant|Mrs. California America Organization|Mrs. CA America|California Mrs. America|Mrs. America California|California MAI|MAI California","false","generated"
"mrs-america-ca-miss-for-america-strong","mrs-america","Miss California For America Strong","Miss For America Strong","State","California","CA","miss california for america strong","Miss California For America Strong|Miss California For America Strong Pageant|Miss California For America Strong Organization|Miss CA For America Strong|California Miss For America Strong|Miss For America Strong California|California MAI|MAI California|California Mrs. America","false","generated"
"mrs-america-co-mrs","mrs-america","Mrs. Colorado America","Mrs.","State","Colorado","CO","mrs colorado america","Mrs. Colorado America|Mrs Colorado America|Mrs. Colorado America Pageant|Mrs. Colorado America Organization|Mrs. CO America|Colorado Mrs. America|Mrs. America Colorado|Colorado MAI|MAI Colorado","false","generated"
"mrs-america-co-miss-for-america-strong","mrs-america","Miss Colorado For America Strong","Miss For America Strong","State","Colorado","CO","miss colorado for america strong","Miss Colorado For America Strong|Miss Colorado For America Strong Pageant|Miss Colorado For America Strong Organization|Miss CO For America Strong|Colorado Miss For America Strong|Miss For America Strong Colorado|Colorado MAI|MAI Colorado|Colorado Mrs. America","false","generated"
"mrs-america-ct-mrs","mrs-america","Mrs. Connecticut America","Mrs.","State","Connecticut","CT","mrs connecticut america","Mrs. Connecticut America|Mrs Connecticut America|Mrs. Connecticut America Pageant|Mrs. Connecticut America Organization|Mrs. CT America|Connecticut Mrs. America|Mrs. America Connecticut|Connecticut MAI|MAI Connecticut","false","generated"
"mrs-america-ct-miss-for-america-strong","mrs-america","Miss Connecticut For America Strong","Miss For America Strong","State","Connecticut","CT","miss connecticut for america strong","Miss Connecticut For America Strong|Miss Connecticut For America Strong Pageant|Miss Connecticut For America Strong Organization|Miss CT For America Strong|Connecticut Miss For America Strong|Miss For America Strong Connecticut|Connecticut MAI|MAI Connecticut|Connecticut Mrs. America","false","generated"
"mrs-america-de-mrs","mrs-america","Mrs. Delaware America","Mrs.","State","Delaware","DE","mrs delaware america","Mrs. Delaware America|Mrs Delaware America|Mrs. Delaware America Pageant|Mrs. Delaware America Organization|Mrs. DE America|Delaware Mrs. America|Mrs. America Delaware|Delaware MAI|MAI Delaware","false","generated"
"mrs-america-de-miss-for-america-strong","mrs-america","Miss Delaware For America Strong","Miss For America Strong","State","Delaware","DE","miss delaware for america strong","Miss Delaware For America Strong|Miss Delaware For America Strong Pageant|Miss Delaware For America Strong Organization|Miss DE For America Strong|Delaware Miss For America Strong|Miss For America Strong Delaware|Delaware MAI|MAI Delaware|Delaware Mrs. America","false","generated"
"mrs-america-fl-mrs","mrs-america","Mrs. Florida America","Mrs.","State","Florida","FL","mrs florida america","Mrs. Florida America|Mrs Florida America|Mrs. Florida America Pageant|Mrs. Florida America Organization|Mrs. FL America|Florida Mrs. America|Mrs. America Florida|Florida MAI|MAI Florida","false","generated"
"mrs-america-fl-miss-for-america-strong","mrs-america","Miss Florida For America Strong","Miss For America Strong","State","Florida","FL","miss florida for america strong","Miss Florida For America Strong|Miss Florida For America Strong Pageant|Miss Florida For America Strong Organization|Miss FL For America Strong|Florida Miss For America Strong|Miss For America Strong Florida|Florida MAI|MAI Florida|Florida Mrs. America","false","generated"
"mrs-america-ga-mrs","mrs-america","Mrs. Georgia America","Mrs.","State","Georgia","GA","mrs georgia america","Mrs. Georgia America|Mrs Georgia America|Mrs. Georgia America Pageant|Mrs. Georgia America Organization|Mrs. GA America|Georgia Mrs. America|Mrs. America Georgia|Georgia MAI|MAI Georgia","false","generated"
"mrs-america-ga-miss-for-america-strong","mrs-america","Miss Georgia For America Strong","Miss For America Strong","State","Georgia","GA","miss georgia for america strong","Miss Georgia For America Strong|Miss Georgia For America Strong Pageant|Miss Georgia For America Strong Organization|Miss GA For America Strong|Georgia Miss For America Strong|Miss For America Strong Georgia|Georgia MAI|MAI Georgia|Georgia Mrs. America","false","generated"
"mrs-america-hi-mrs","mrs-america","Mrs. Hawaii America","Mrs.","State","Hawaii","HI","mrs hawaii america","Mrs. Hawaii America|Mrs Hawaii America|Mrs. Hawaii America Pageant|Mrs. Hawaii America Organization|Mrs. HI America|Hawaii Mrs. America|Mrs. America Hawaii|Hawaii MAI|MAI Hawaii","false","generated"
"mrs-america-hi-miss-for-america-strong","mrs-america","Miss Hawaii For America Strong","Miss For America Strong","State","Hawaii","HI","miss hawaii for america strong","Miss Hawaii For America Strong|Miss Hawaii For America Strong Pageant|Miss Hawaii For America Strong Organization|Miss HI For America Strong|Hawaii Miss For America Strong|Miss For America Strong Hawaii|Hawaii MAI|MAI Hawaii|Hawaii Mrs. America","false","generated"
"mrs-america-id-mrs","mrs-america","Mrs. Idaho America","Mrs.","State","Idaho","ID","mrs idaho america","Mrs. Idaho America|Mrs Idaho America|Mrs. Idaho America Pageant|Mrs. Idaho America Organization|Mrs. ID America|Idaho Mrs. America|Mrs. America Idaho|Idaho MAI|MAI Idaho","false","generated"
"mrs-america-id-miss-for-america-strong","mrs-america","Miss Idaho For America Strong","Miss For America Strong","State","Idaho","ID","miss idaho for america strong","Miss Idaho For America Strong|Miss Idaho For America Strong Pageant|Miss Idaho For America Strong Organization|Miss ID For America Strong|Idaho Miss For America Strong|Miss For America Strong Idaho|Idaho MAI|MAI Idaho|Idaho Mrs. America","false","generated"
"mrs-america-il-mrs","mrs-america","Mrs. Illinois America","Mrs.","State","Illinois","IL","mrs illinois america","Mrs. Illinois America|Mrs Illinois America|Mrs. Illinois America Pageant|Mrs. Illinois America Organization|Mrs. IL America|Illinois Mrs. America|Mrs. America Illinois|Illinois MAI|MAI Illinois","false","generated"
"mrs-america-il-miss-for-america-strong","mrs-america","Miss Illinois For America Strong","Miss For America Strong","State","Illinois","IL","miss illinois for america strong","Miss Illinois For America Strong|Miss Illinois For America Strong Pageant|Miss Illinois For America Strong Organization|Miss IL For America Strong|Illinois Miss For America Strong|Miss For America Strong Illinois|Illinois MAI|MAI Illinois|Illinois Mrs. America","false","generated"
"mrs-america-in-mrs","mrs-america","Mrs. Indiana America","Mrs.","State","Indiana","IN","mrs indiana america","Mrs. Indiana America|Mrs Indiana America|Mrs. Indiana America Pageant|Mrs. Indiana America Organization|Mrs. IN America|Indiana Mrs. America|Mrs. America Indiana|Indiana MAI|MAI Indiana","false","generated"
"mrs-america-in-miss-for-america-strong","mrs-america","Miss Indiana For America Strong","Miss For America Strong","State","Indiana","IN","miss indiana for america strong","Miss Indiana For America Strong|Miss Indiana For America Strong Pageant|Miss Indiana For America Strong Organization|Miss IN For America Strong|Indiana Miss For America Strong|Miss For America Strong Indiana|Indiana MAI|MAI Indiana|Indiana Mrs. America","false","generated"
"mrs-america-ia-mrs","mrs-america","Mrs. Iowa America","Mrs.","State","Iowa","IA","mrs iowa america","Mrs. Iowa America|Mrs Iowa America|Mrs. Iowa America Pageant|Mrs. Iowa America Organization|Mrs. IA America|Iowa Mrs. America|Mrs. America Iowa|Iowa MAI|MAI Iowa","false","generated"
"mrs-america-ia-miss-for-america-strong","mrs-america","Miss Iowa For America Strong","Miss For America Strong","State","Iowa","IA","miss iowa for america strong","Miss Iowa For America Strong|Miss Iowa For America Strong Pageant|Miss Iowa For America Strong Organization|Miss IA For America Strong|Iowa Miss For America Strong|Miss For America Strong Iowa|Iowa MAI|MAI Iowa|Iowa Mrs. America","false","generated"
"mrs-america-ks-mrs","mrs-america","Mrs. Kansas America","Mrs.","State","Kansas","KS","mrs kansas america","Mrs. Kansas America|Mrs Kansas America|Mrs. Kansas America Pageant|Mrs. Kansas America Organization|Mrs. KS America|Kansas Mrs. America|Mrs. America Kansas|Kansas MAI|MAI Kansas","false","generated"
"mrs-america-ks-miss-for-america-strong","mrs-america","Miss Kansas For America Strong","Miss For America Strong","State","Kansas","KS","miss kansas for america strong","Miss Kansas For America Strong|Miss Kansas For America Strong Pageant|Miss Kansas For America Strong Organization|Miss KS For America Strong|Kansas Miss For America Strong|Miss For America Strong Kansas|Kansas MAI|MAI Kansas|Kansas Mrs. America","false","generated"
"mrs-america-ky-mrs","mrs-america","Mrs. Kentucky America","Mrs.","State","Kentucky","KY","mrs kentucky america","Mrs. Kentucky America|Mrs Kentucky America|Mrs. Kentucky America Pageant|Mrs. Kentucky America Organization|Mrs. KY America|Kentucky Mrs. America|Mrs. America Kentucky|Kentucky MAI|MAI Kentucky","false","generated"
"mrs-america-ky-miss-for-america-strong","mrs-america","Miss Kentucky For America Strong","Miss For America Strong","State","Kentucky","KY","miss kentucky for america strong","Miss Kentucky For America Strong|Miss Kentucky For America Strong Pageant|Miss Kentucky For America Strong Organization|Miss KY For America Strong|Kentucky Miss For America Strong|Miss For America Strong Kentucky|Kentucky MAI|MAI Kentucky|Kentucky Mrs. America","false","generated"
"mrs-america-la-mrs","mrs-america","Mrs. Louisiana America","Mrs.","State","Louisiana","LA","mrs louisiana america","Mrs. Louisiana America|Mrs Louisiana America|Mrs. Louisiana America Pageant|Mrs. Louisiana America Organization|Mrs. LA America|Louisiana Mrs. America|Mrs. America Louisiana|Louisiana MAI|MAI Louisiana","false","generated"
"mrs-america-la-miss-for-america-strong","mrs-america","Miss Louisiana For America Strong","Miss For America Strong","State","Louisiana","LA","miss louisiana for america strong","Miss Louisiana For America Strong|Miss Louisiana For America Strong Pageant|Miss Louisiana For America Strong Organization|Miss LA For America Strong|Louisiana Miss For America Strong|Miss For America Strong Louisiana|Louisiana MAI|MAI Louisiana|Louisiana Mrs. America","false","generated"
"mrs-america-me-mrs","mrs-america","Mrs. Maine America","Mrs.","State","Maine","ME","mrs maine america","Mrs. Maine America|Mrs Maine America|Mrs. Maine America Pageant|Mrs. Maine America Organization|Mrs. ME America|Maine Mrs. America|Mrs. America Maine|Maine MAI|MAI Maine","false","generated"
"mrs-america-me-miss-for-america-strong","mrs-america","Miss Maine For America Strong","Miss For America Strong","State","Maine","ME","miss maine for america strong","Miss Maine For America Strong|Miss Maine For America Strong Pageant|Miss Maine For America Strong Organization|Miss ME For America Strong|Maine Miss For America Strong|Miss For America Strong Maine|Maine MAI|MAI Maine|Maine Mrs. America","false","generated"
"mrs-america-md-mrs","mrs-america","Mrs. Maryland America","Mrs.","State","Maryland","MD","mrs maryland america","Mrs. Maryland America|Mrs Maryland America|Mrs. Maryland America Pageant|Mrs. Maryland America Organization|Mrs. MD America|Maryland Mrs. America|Mrs. America Maryland|Maryland MAI|MAI Maryland","false","generated"
"mrs-america-md-miss-for-america-strong","mrs-america","Miss Maryland For America Strong","Miss For America Strong","State","Maryland","MD","miss maryland for america strong","Miss Maryland For America Strong|Miss Maryland For America Strong Pageant|Miss Maryland For America Strong Organization|Miss MD For America Strong|Maryland Miss For America Strong|Miss For America Strong Maryland|Maryland MAI|MAI Maryland|Maryland Mrs. America","false","generated"
"mrs-america-ma-mrs","mrs-america","Mrs. Massachusetts America","Mrs.","State","Massachusetts","MA","mrs massachusetts america","Mrs. Massachusetts America|Mrs Massachusetts America|Mrs. Massachusetts America Pageant|Mrs. Massachusetts America Organization|Mrs. MA America|Massachusetts Mrs. America|Mrs. America Massachusetts|Massachusetts MAI|MAI Massachusetts","false","generated"
"mrs-america-ma-miss-for-america-strong","mrs-america","Miss Massachusetts For America Strong","Miss For America Strong","State","Massachusetts","MA","miss massachusetts for america strong","Miss Massachusetts For America Strong|Miss Massachusetts For America Strong Pageant|Miss Massachusetts For America Strong Organization|Miss MA For America Strong|Massachusetts Miss For America Strong|Miss For America Strong Massachusetts|Massachusetts MAI|MAI Massachusetts|Massachusetts Mrs. America","false","generated"
"mrs-america-mi-mrs","mrs-america","Mrs. Michigan America","Mrs.","State","Michigan","MI","mrs michigan america","Mrs. Michigan America|Mrs Michigan America|Mrs. Michigan America Pageant|Mrs. Michigan America Organization|Mrs. MI America|Michigan Mrs. America|Mrs. America Michigan|Michigan MAI|MAI Michigan","false","generated"
"mrs-america-mi-miss-for-america-strong","mrs-america","Miss Michigan For America Strong","Miss For America Strong","State","Michigan","MI","miss michigan for america strong","Miss Michigan For America Strong|Miss Michigan For America Strong Pageant|Miss Michigan For America Strong Organization|Miss MI For America Strong|Michigan Miss For America Strong|Miss For America Strong Michigan|Michigan MAI|MAI Michigan|Michigan Mrs. America","false","generated"
"mrs-america-mn-mrs","mrs-america","Mrs. Minnesota America","Mrs.","State","Minnesota","MN","mrs minnesota america","Mrs. Minnesota America|Mrs Minnesota America|Mrs. Minnesota America Pageant|Mrs. Minnesota America Organization|Mrs. MN America|Minnesota Mrs. America|Mrs. America Minnesota|Minnesota MAI|MAI Minnesota","false","generated"
"mrs-america-mn-miss-for-america-strong","mrs-america","Miss Minnesota For America Strong","Miss For America Strong","State","Minnesota","MN","miss minnesota for america strong","Miss Minnesota For America Strong|Miss Minnesota For America Strong Pageant|Miss Minnesota For America Strong Organization|Miss MN For America Strong|Minnesota Miss For America Strong|Miss For America Strong Minnesota|Minnesota MAI|MAI Minnesota|Minnesota Mrs. America","false","generated"
"mrs-america-ms-mrs","mrs-america","Mrs. Mississippi America","Mrs.","State","Mississippi","MS","mrs mississippi america","Mrs. Mississippi America|Mrs Mississippi America|Mrs. Mississippi America Pageant|Mrs. Mississippi America Organization|Mrs. MS America|Mississippi Mrs. America|Mrs. America Mississippi|Mississippi MAI|MAI Mississippi","false","generated"
"mrs-america-ms-miss-for-america-strong","mrs-america","Miss Mississippi For America Strong","Miss For America Strong","State","Mississippi","MS","miss mississippi for america strong","Miss Mississippi For America Strong|Miss Mississippi For America Strong Pageant|Miss Mississippi For America Strong Organization|Miss MS For America Strong|Mississippi Miss For America Strong|Miss For America Strong Mississippi|Mississippi MAI|MAI Mississippi|Mississippi Mrs. America","false","generated"
"mrs-america-mo-mrs","mrs-america","Mrs. Missouri America","Mrs.","State","Missouri","MO","mrs missouri america","Mrs. Missouri America|Mrs Missouri America|Mrs. Missouri America Pageant|Mrs. Missouri America Organization|Mrs. MO America|Missouri Mrs. America|Mrs. America Missouri|Missouri MAI|MAI Missouri","false","generated"
"mrs-america-mo-miss-for-america-strong","mrs-america","Miss Missouri For America Strong","Miss For America Strong","State","Missouri","MO","miss missouri for america strong","Miss Missouri For America Strong|Miss Missouri For America Strong Pageant|Miss Missouri For America Strong Organization|Miss MO For America Strong|Missouri Miss For America Strong|Miss For America Strong Missouri|Missouri MAI|MAI Missouri|Missouri Mrs. America","false","generated"
"mrs-america-mt-mrs","mrs-america","Mrs. Montana America","Mrs.","State","Montana","MT","mrs montana america","Mrs. Montana America|Mrs Montana America|Mrs. Montana America Pageant|Mrs. Montana America Organization|Mrs. MT America|Montana Mrs. America|Mrs. America Montana|Montana MAI|MAI Montana","false","generated"
"mrs-america-mt-miss-for-america-strong","mrs-america","Miss Montana For America Strong","Miss For America Strong","State","Montana","MT","miss montana for america strong","Miss Montana For America Strong|Miss Montana For America Strong Pageant|Miss Montana For America Strong Organization|Miss MT For America Strong|Montana Miss For America Strong|Miss For America Strong Montana|Montana MAI|MAI Montana|Montana Mrs. America","false","generated"
"mrs-america-ne-mrs","mrs-america","Mrs. Nebraska America","Mrs.","State","Nebraska","NE","mrs nebraska america","Mrs. Nebraska America|Mrs Nebraska America|Mrs. Nebraska America Pageant|Mrs. Nebraska America Organization|Mrs. NE America|Nebraska Mrs. America|Mrs. America Nebraska|Nebraska MAI|MAI Nebraska","false","generated"
"mrs-america-ne-miss-for-america-strong","mrs-america","Miss Nebraska For America Strong","Miss For America Strong","State","Nebraska","NE","miss nebraska for america strong","Miss Nebraska For America Strong|Miss Nebraska For America Strong Pageant|Miss Nebraska For America Strong Organization|Miss NE For America Strong|Nebraska Miss For America Strong|Miss For America Strong Nebraska|Nebraska MAI|MAI Nebraska|Nebraska Mrs. America","false","generated"
"mrs-america-nv-mrs","mrs-america","Mrs. Nevada America","Mrs.","State","Nevada","NV","mrs nevada america","Mrs. Nevada America|Mrs Nevada America|Mrs. Nevada America Pageant|Mrs. Nevada America Organization|Mrs. NV America|Nevada Mrs. America|Mrs. America Nevada|Nevada MAI|MAI Nevada","false","generated"
"mrs-america-nv-miss-for-america-strong","mrs-america","Miss Nevada For America Strong","Miss For America Strong","State","Nevada","NV","miss nevada for america strong","Miss Nevada For America Strong|Miss Nevada For America Strong Pageant|Miss Nevada For America Strong Organization|Miss NV For America Strong|Nevada Miss For America Strong|Miss For America Strong Nevada|Nevada MAI|MAI Nevada|Nevada Mrs. America","false","generated"
"mrs-america-nh-mrs","mrs-america","Mrs. New Hampshire America","Mrs.","State","New Hampshire","NH","mrs new hampshire america","Mrs. New Hampshire America|Mrs New Hampshire America|Mrs. New Hampshire America Pageant|Mrs. New Hampshire America Organization|Mrs. NH America|New Hampshire Mrs. America|Mrs. America New Hampshire|New Hampshire MAI|MAI New Hampshire","false","generated"
"mrs-america-nh-miss-for-america-strong","mrs-america","Miss New Hampshire For America Strong","Miss For America Strong","State","New Hampshire","NH","miss new hampshire for america strong","Miss New Hampshire For America Strong|Miss New Hampshire For America Strong Pageant|Miss New Hampshire For America Strong Organization|Miss NH For America Strong|New Hampshire Miss For America Strong|Miss For America Strong New Hampshire|New Hampshire MAI|MAI New Hampshire|New Hampshire Mrs. America","false","generated"
"mrs-america-nj-mrs","mrs-america","Mrs. New Jersey America","Mrs.","State","New Jersey","NJ","mrs new jersey america","Mrs. New Jersey America|Mrs New Jersey America|Mrs. New Jersey America Pageant|Mrs. New Jersey America Organization|Mrs. NJ America|New Jersey Mrs. America|Mrs. America New Jersey|New Jersey MAI|MAI New Jersey","false","generated"
"mrs-america-nj-miss-for-america-strong","mrs-america","Miss New Jersey For America Strong","Miss For America Strong","State","New Jersey","NJ","miss new jersey for america strong","Miss New Jersey For America Strong|Miss New Jersey For America Strong Pageant|Miss New Jersey For America Strong Organization|Miss NJ For America Strong|New Jersey Miss For America Strong|Miss For America Strong New Jersey|New Jersey MAI|MAI New Jersey|New Jersey Mrs. America","false","generated"
"mrs-america-nm-mrs","mrs-america","Mrs. New Mexico America","Mrs.","State","New Mexico","NM","mrs new mexico america","Mrs. New Mexico America|Mrs New Mexico America|Mrs. New Mexico America Pageant|Mrs. New Mexico America Organization|Mrs. NM America|New Mexico Mrs. America|Mrs. America New Mexico|New Mexico MAI|MAI New Mexico","false","generated"
"mrs-america-nm-miss-for-america-strong","mrs-america","Miss New Mexico For America Strong","Miss For America Strong","State","New Mexico","NM","miss new mexico for america strong","Miss New Mexico For America Strong|Miss New Mexico For America Strong Pageant|Miss New Mexico For America Strong Organization|Miss NM For America Strong|New Mexico Miss For America Strong|Miss For America Strong New Mexico|New Mexico MAI|MAI New Mexico|New Mexico Mrs. America","false","generated"
"mrs-america-ny-mrs","mrs-america","Mrs. New York America","Mrs.","State","New York","NY","mrs new york america","Mrs. New York America|Mrs New York America|Mrs. New York America Pageant|Mrs. New York America Organization|Mrs. NY America|New York Mrs. America|Mrs. America New York|New York MAI|MAI New York","false","generated"
"mrs-america-ny-miss-for-america-strong","mrs-america","Miss New York For America Strong","Miss For America Strong","State","New York","NY","miss new york for america strong","Miss New York For America Strong|Miss New York For America Strong Pageant|Miss New York For America Strong Organization|Miss NY For America Strong|New York Miss For America Strong|Miss For America Strong New York|New York MAI|MAI New York|New York Mrs. America","false","generated"
"mrs-america-nc-mrs","mrs-america","Mrs. North Carolina America","Mrs.","State","North Carolina","NC","mrs north carolina america","Mrs. North Carolina America|Mrs North Carolina America|Mrs. North Carolina America Pageant|Mrs. North Carolina America Organization|Mrs. NC America|North Carolina Mrs. America|Mrs. America North Carolina|North Carolina MAI|MAI North Carolina","false","generated"
"mrs-america-nc-miss-for-america-strong","mrs-america","Miss North Carolina For America Strong","Miss For America Strong","State","North Carolina","NC","miss north carolina for america strong","Miss North Carolina For America Strong|Miss North Carolina For America Strong Pageant|Miss North Carolina For America Strong Organization|Miss NC For America Strong|North Carolina Miss For America Strong|Miss For America Strong North Carolina|North Carolina MAI|MAI North Carolina|North Carolina Mrs. America","false","generated"
"mrs-america-nd-mrs","mrs-america","Mrs. North Dakota America","Mrs.","State","North Dakota","ND","mrs north dakota america","Mrs. North Dakota America|Mrs North Dakota America|Mrs. North Dakota America Pageant|Mrs. North Dakota America Organization|Mrs. ND America|North Dakota Mrs. America|Mrs. America North Dakota|North Dakota MAI|MAI North Dakota","false","generated"
"mrs-america-nd-miss-for-america-strong","mrs-america","Miss North Dakota For America Strong","Miss For America Strong","State","North Dakota","ND","miss north dakota for america strong","Miss North Dakota For America Strong|Miss North Dakota For America Strong Pageant|Miss North Dakota For America Strong Organization|Miss ND For America Strong|North Dakota Miss For America Strong|Miss For America Strong North Dakota|North Dakota MAI|MAI North Dakota|North Dakota Mrs. America","false","generated"
"mrs-america-oh-mrs","mrs-america","Mrs. Ohio America","Mrs.","State","Ohio","OH","mrs ohio america","Mrs. Ohio America|Mrs Ohio America|Mrs. Ohio America Pageant|Mrs. Ohio America Organization|Mrs. OH America|Ohio Mrs. America|Mrs. America Ohio|Ohio MAI|MAI Ohio","false","generated"
"mrs-america-oh-miss-for-america-strong","mrs-america","Miss Ohio For America Strong","Miss For America Strong","State","Ohio","OH","miss ohio for america strong","Miss Ohio For America Strong|Miss Ohio For America Strong Pageant|Miss Ohio For America Strong Organization|Miss OH For America Strong|Ohio Miss For America Strong|Miss For America Strong Ohio|Ohio MAI|MAI Ohio|Ohio Mrs. America","false","generated"
"mrs-america-ok-mrs","mrs-america","Mrs. Oklahoma America","Mrs.","State","Oklahoma","OK","mrs oklahoma america","Mrs. Oklahoma America|Mrs Oklahoma America|Mrs. Oklahoma America Pageant|Mrs. Oklahoma America Organization|Mrs. OK America|Oklahoma Mrs. America|Mrs. America Oklahoma|Oklahoma MAI|MAI Oklahoma","false","generated"
"mrs-america-ok-miss-for-america-strong","mrs-america","Miss Oklahoma For America Strong","Miss For America Strong","State","Oklahoma","OK","miss oklahoma for america strong","Miss Oklahoma For America Strong|Miss Oklahoma For America Strong Pageant|Miss Oklahoma For America Strong Organization|Miss OK For America Strong|Oklahoma Miss For America Strong|Miss For America Strong Oklahoma|Oklahoma MAI|MAI Oklahoma|Oklahoma Mrs. America","false","generated"
"mrs-america-or-mrs","mrs-america","Mrs. Oregon America","Mrs.","State","Oregon","OR","mrs oregon america","Mrs. Oregon America|Mrs Oregon America|Mrs. Oregon America Pageant|Mrs. Oregon America Organization|Mrs. OR America|Oregon Mrs. America|Mrs. America Oregon|Oregon MAI|MAI Oregon","false","generated"
"mrs-america-or-miss-for-america-strong","mrs-america","Miss Oregon For America Strong","Miss For America Strong","State","Oregon","OR","miss oregon for america strong","Miss Oregon For America Strong|Miss Oregon For America Strong Pageant|Miss Oregon For America Strong Organization|Miss OR For America Strong|Oregon Miss For America Strong|Miss For America Strong Oregon|Oregon MAI|MAI Oregon|Oregon Mrs. America","false","generated"
"mrs-america-pa-mrs","mrs-america","Mrs. Pennsylvania America","Mrs.","State","Pennsylvania","PA","mrs pennsylvania america","Mrs. Pennsylvania America|Mrs Pennsylvania America|Mrs. Pennsylvania America Pageant|Mrs. Pennsylvania America Organization|Mrs. PA America|Pennsylvania Mrs. America|Mrs. America Pennsylvania|Pennsylvania MAI|MAI Pennsylvania","false","generated"
"mrs-america-pa-miss-for-america-strong","mrs-america","Miss Pennsylvania For America Strong","Miss For America Strong","State","Pennsylvania","PA","miss pennsylvania for america strong","Miss Pennsylvania For America Strong|Miss Pennsylvania For America Strong Pageant|Miss Pennsylvania For America Strong Organization|Miss PA For America Strong|Pennsylvania Miss For America Strong|Miss For America Strong Pennsylvania|Pennsylvania MAI|MAI Pennsylvania|Pennsylvania Mrs. America","false","generated"
"mrs-america-ri-mrs","mrs-america","Mrs. Rhode Island America","Mrs.","State","Rhode Island","RI","mrs rhode island america","Mrs. Rhode Island America|Mrs Rhode Island America|Mrs. Rhode Island America Pageant|Mrs. Rhode Island America Organization|Mrs. RI America|Rhode Island Mrs. America|Mrs. America Rhode Island|Rhode Island MAI|MAI Rhode Island","false","generated"
"mrs-america-ri-miss-for-america-strong","mrs-america","Miss Rhode Island For America Strong","Miss For America Strong","State","Rhode Island","RI","miss rhode island for america strong","Miss Rhode Island For America Strong|Miss Rhode Island For America Strong Pageant|Miss Rhode Island For America Strong Organization|Miss RI For America Strong|Rhode Island Miss For America Strong|Miss For America Strong Rhode Island|Rhode Island MAI|MAI Rhode Island|Rhode Island Mrs. America","false","generated"
"mrs-america-sc-mrs","mrs-america","Mrs. South Carolina America","Mrs.","State","South Carolina","SC","mrs south carolina america","Mrs. South Carolina America|Mrs South Carolina America|Mrs. South Carolina America Pageant|Mrs. South Carolina America Organization|Mrs. SC America|South Carolina Mrs. America|Mrs. America South Carolina|South Carolina MAI|MAI South Carolina","false","generated"
"mrs-america-sc-miss-for-america-strong","mrs-america","Miss South Carolina For America Strong","Miss For America Strong","State","South Carolina","SC","miss south carolina for america strong","Miss South Carolina For America Strong|Miss South Carolina For America Strong Pageant|Miss South Carolina For America Strong Organization|Miss SC For America Strong|South Carolina Miss For America Strong|Miss For America Strong South Carolina|South Carolina MAI|MAI South Carolina|South Carolina Mrs. America","false","generated"
"mrs-america-sd-mrs","mrs-america","Mrs. South Dakota America","Mrs.","State","South Dakota","SD","mrs south dakota america","Mrs. South Dakota America|Mrs South Dakota America|Mrs. South Dakota America Pageant|Mrs. South Dakota America Organization|Mrs. SD America|South Dakota Mrs. America|Mrs. America South Dakota|South Dakota MAI|MAI South Dakota","false","generated"
"mrs-america-sd-miss-for-america-strong","mrs-america","Miss South Dakota For America Strong","Miss For America Strong","State","South Dakota","SD","miss south dakota for america strong","Miss South Dakota For America Strong|Miss South Dakota For America Strong Pageant|Miss South Dakota For America Strong Organization|Miss SD For America Strong|South Dakota Miss For America Strong|Miss For America Strong South Dakota|South Dakota MAI|MAI South Dakota|South Dakota Mrs. America","false","generated"
"mrs-america-tn-mrs","mrs-america","Mrs. Tennessee America","Mrs.","State","Tennessee","TN","mrs tennessee america","Mrs. Tennessee America|Mrs Tennessee America|Mrs. Tennessee America Pageant|Mrs. Tennessee America Organization|Mrs. TN America|Tennessee Mrs. America|Mrs. America Tennessee|Tennessee MAI|MAI Tennessee","false","generated"
"mrs-america-tn-miss-for-america-strong","mrs-america","Miss Tennessee For America Strong","Miss For America Strong","State","Tennessee","TN","miss tennessee for america strong","Miss Tennessee For America Strong|Miss Tennessee For America Strong Pageant|Miss Tennessee For America Strong Organization|Miss TN For America Strong|Tennessee Miss For America Strong|Miss For America Strong Tennessee|Tennessee MAI|MAI Tennessee|Tennessee Mrs. America","false","generated"
"mrs-america-tx-mrs","mrs-america","Mrs. Texas America","Mrs.","State","Texas","TX","mrs texas america","Mrs. Texas America|Mrs Texas America|Mrs. Texas America Pageant|Mrs. Texas America Organization|Mrs. TX America|Texas Mrs. America|Mrs. America Texas|Texas MAI|MAI Texas","false","generated"
"mrs-america-tx-miss-for-america-strong","mrs-america","Miss Texas For America Strong","Miss For America Strong","State","Texas","TX","miss texas for america strong","Miss Texas For America Strong|Miss Texas For America Strong Pageant|Miss Texas For America Strong Organization|Miss TX For America Strong|Texas Miss For America Strong|Miss For America Strong Texas|Texas MAI|MAI Texas|Texas Mrs. America","false","generated"
"mrs-america-ut-mrs","mrs-america","Mrs. Utah America","Mrs.","State","Utah","UT","mrs utah america","Mrs. Utah America|Mrs Utah America|Mrs. Utah America Pageant|Mrs. Utah America Organization|Mrs. UT America|Utah Mrs. America|Mrs. America Utah|Utah MAI|MAI Utah","false","generated"
"mrs-america-ut-miss-for-america-strong","mrs-america","Miss Utah For America Strong","Miss For America Strong","State","Utah","UT","miss utah for america strong","Miss Utah For America Strong|Miss Utah For America Strong Pageant|Miss Utah For America Strong Organization|Miss UT For America Strong|Utah Miss For America Strong|Miss For America Strong Utah|Utah MAI|MAI Utah|Utah Mrs. America","false","generated"
"mrs-america-vt-mrs","mrs-america","Mrs. Vermont America","Mrs.","State","Vermont","VT","mrs vermont america","Mrs. Vermont America|Mrs Vermont America|Mrs. Vermont America Pageant|Mrs. Vermont America Organization|Mrs. VT America|Vermont Mrs. America|Mrs. America Vermont|Vermont MAI|MAI Vermont","false","generated"
"mrs-america-vt-miss-for-america-strong","mrs-america","Miss Vermont For America Strong","Miss For America Strong","State","Vermont","VT","miss vermont for america strong","Miss Vermont For America Strong|Miss Vermont For America Strong Pageant|Miss Vermont For America Strong Organization|Miss VT For America Strong|Vermont Miss For America Strong|Miss For America Strong Vermont|Vermont MAI|MAI Vermont|Vermont Mrs. America","false","generated"
"mrs-america-va-mrs","mrs-america","Mrs. Virginia America","Mrs.","State","Virginia","VA","mrs virginia america","Mrs. Virginia America|Mrs Virginia America|Mrs. Virginia America Pageant|Mrs. Virginia America Organization|Mrs. VA America|Virginia Mrs. America|Mrs. America Virginia|Virginia MAI|MAI Virginia","false","generated"
"mrs-america-va-miss-for-america-strong","mrs-america","Miss Virginia For America Strong","Miss For America Strong","State","Virginia","VA","miss virginia for america strong","Miss Virginia For America Strong|Miss Virginia For America Strong Pageant|Miss Virginia For America Strong Organization|Miss VA For America Strong|Virginia Miss For America Strong|Miss For America Strong Virginia|Virginia MAI|MAI Virginia|Virginia Mrs. America","false","generated"
"mrs-america-wa-mrs","mrs-america","Mrs. Washington America","Mrs.","State","Washington","WA","mrs washington america","Mrs. Washington America|Mrs Washington America|Mrs. Washington America Pageant|Mrs. Washington America Organization|Mrs. WA America|Washington Mrs. America|Mrs. America Washington|Washington MAI|MAI Washington","false","generated"
"mrs-america-wa-miss-for-america-strong","mrs-america","Miss Washington For America Strong","Miss For America Strong","State","Washington","WA","miss washington for america strong","Miss Washington For America Strong|Miss Washington For America Strong Pageant|Miss Washington For America Strong Organization|Miss WA For America Strong|Washington Miss For America Strong|Miss For America Strong Washington|Washington MAI|MAI Washington|Washington Mrs. America","false","generated"
"mrs-america-wv-mrs","mrs-america","Mrs. West Virginia America","Mrs.","State","West Virginia","WV","mrs west virginia america","Mrs. West Virginia America|Mrs West Virginia America|Mrs. West Virginia America Pageant|Mrs. West Virginia America Organization|Mrs. WV America|West Virginia Mrs. America|Mrs. America West Virginia|West Virginia MAI|MAI West Virginia","false","generated"
"mrs-america-wv-miss-for-america-strong","mrs-america","Miss West Virginia For America Strong","Miss For America Strong","State","West Virginia","WV","miss west virginia for america strong","Miss West Virginia For America Strong|Miss West Virginia For America Strong Pageant|Miss West Virginia For America Strong Organization|Miss WV For America Strong|West Virginia Miss For America Strong|Miss For America Strong West Virginia|West Virginia MAI|MAI West Virginia|West Virginia Mrs. America","false","generated"
"mrs-america-wi-mrs","mrs-america","Mrs. Wisconsin America","Mrs.","State","Wisconsin","WI","mrs wisconsin america","Mrs. Wisconsin America|Mrs Wisconsin America|Mrs. Wisconsin America Pageant|Mrs. Wisconsin America Organization|Mrs. WI America|Wisconsin Mrs. America|Mrs. America Wisconsin|Wisconsin MAI|MAI Wisconsin","false","generated"
"mrs-america-wi-miss-for-america-strong","mrs-america","Miss Wisconsin For America Strong","Miss For America Strong","State","Wisconsin","WI","miss wisconsin for america strong","Miss Wisconsin For America Strong|Miss Wisconsin For America Strong Pageant|Miss Wisconsin For America Strong Organization|Miss WI For America Strong|Wisconsin Miss For America Strong|Miss For America Strong Wisconsin|Wisconsin MAI|MAI Wisconsin|Wisconsin Mrs. America","false","generated"
"mrs-america-wy-mrs","mrs-america","Mrs. Wyoming America","Mrs.","State","Wyoming","WY","mrs wyoming america","Mrs. Wyoming America|Mrs Wyoming America|Mrs. Wyoming America Pageant|Mrs. Wyoming America Organization|Mrs. WY America|Wyoming Mrs. America|Mrs. America Wyoming|Wyoming MAI|MAI Wyoming","false","generated"
"mrs-america-wy-miss-for-america-strong","mrs-america","Miss Wyoming For America Strong","Miss For America Strong","State","Wyoming","WY","miss wyoming for america strong","Miss Wyoming For America Strong|Miss Wyoming For America Strong Pageant|Miss Wyoming For America Strong Organization|Miss WY For America Strong|Wyoming Miss For America Strong|Miss For America Strong Wyoming|Wyoming MAI|MAI Wyoming|Wyoming Mrs. America","false","generated"
"mrs-america-dc-mrs","mrs-america","Mrs. District of Columbia America","Mrs.","State","District of Columbia","DC","mrs district of columbia america","Mrs. District of Columbia America|Mrs District of Columbia America|Mrs. District of Columbia America Pageant|Mrs. District of Columbia America Organization|Mrs. DC America|District of Columbia Mrs. America|Mrs. America District of Columbia|District of Columbia MAI|MAI District of Columbia","false","generated"
"mrs-america-dc-miss-for-america-strong","mrs-america","Miss District of Columbia For America Strong","Miss For America Strong","State","District of Columbia","DC","miss district of columbia for america strong","Miss District of Columbia For America Strong|Miss District of Columbia For America Strong Pageant|Miss District of Columbia For America Strong Organization|Miss DC For America Strong|District of Columbia Miss For America Strong|Miss For America Strong District of Columbia|District of Columbia MAI|MAI District of Columbia|District of Columbia Mrs. America","false","generated"
"mrs-america-pr-mrs","mrs-america","Mrs. Puerto Rico America","Mrs.","State","Puerto Rico","PR","mrs puerto rico america","Mrs. Puerto Rico America|Mrs Puerto Rico America|Mrs. Puerto Rico America Pageant|Mrs. Puerto Rico America Organization|Mrs. PR America|Puerto Rico Mrs. America|Mrs. America Puerto Rico|Puerto Rico MAI|MAI Puerto Rico","false","generated"
"mrs-america-pr-miss-for-america-strong","mrs-america","Miss Puerto Rico For America Strong","Miss For America Strong","State","Puerto Rico","PR","miss puerto rico for america strong","Miss Puerto Rico For America Strong|Miss Puerto Rico For America Strong Pageant|Miss Puerto Rico For America Strong Organization|Miss PR For America Strong|Puerto Rico Miss For America Strong|Miss For America Strong Puerto Rico|Puerto Rico MAI|MAI Puerto Rico|Puerto Rico Mrs. America","false","generated"
"nam-al-main","nam","National American Miss Alabama","","State","Alabama","AL","national american miss alabama","National American Miss Alabama|National American Miss Alabama Pageant|National American Miss Alabama Organization|National American Miss AL|Alabama NAM|NAM Alabama","false","generated"
"nam-ak-main","nam","National American Miss Alaska","","State","Alaska","AK","national american miss alaska","National American Miss Alaska|National American Miss Alaska Pageant|National American Miss Alaska Organization|National American Miss AK|Alaska NAM|NAM Alaska","false","generated"
"nam-az-main","nam","National American Miss Arizona","","State","Arizona","AZ","national american miss arizona","National American Miss Arizona|National American Miss Arizona Pageant|National American Miss Arizona Organization|National American Miss AZ|Arizona NAM|NAM Arizona","false","generated"
"nam-ar-main","nam","National American Miss Arkansas","","State","Arkansas","AR","national american miss arkansas","National American Miss Arkansas|National American Miss Arkansas Pageant|National American Miss Arkansas Organization|National American Miss AR|Arkansas NAM|NAM Arkansas","false","generated"
"nam-ca-main","nam","National American Miss California","","State","California","CA","national american miss california","National American Miss California|National American Miss California Pageant|National American Miss California Organization|National American Miss CA|California NAM|NAM California","false","generated"
"nam-co-main","nam","National American Miss Colorado","","State","Colorado","CO","national american miss colorado","National American Miss Colorado|National American Miss Colorado Pageant|National American Miss Colorado Organization|National American Miss CO|Colorado NAM|NAM Colorado","false","generated"
"nam-ct-main","nam","National American Miss Connecticut","","State","Connecticut","CT","national american miss connecticut","National American Miss Connecticut|National American Miss Connecticut Pageant|National American Miss Connecticut Organization|National American Miss CT|Connecticut NAM|NAM Connecticut","false","generated"
"nam-de-main","nam","National American Miss Delaware","","State","Delaware","DE","national american miss delaware","National American Miss Delaware|National American Miss Delaware Pageant|National American Miss Delaware Organization|National American Miss DE|Delaware NAM|NAM Delaware","false","generated"
"nam-fl-main","nam","National American Miss Florida","","State","Florida","FL","national american miss florida","National American Miss Florida|National American Miss Florida Pageant|National American Miss Florida Organization|National American Miss FL|Florida NAM|NAM Florida","false","generated"
"nam-ga-main","nam","National American Miss Georgia","","State","Georgia","GA","national american miss georgia","National American Miss Georgia|National American Miss Georgia Pageant|National American Miss Georgia Organization|National American Miss GA|Georgia NAM|NAM Georgia","false","generated"
"nam-hi-main","nam","National American Miss Hawaii","","State","Hawaii","HI","national american miss hawaii","National American Miss Hawaii|National American Miss Hawaii Pageant|National American Miss Hawaii Organization|National American Miss HI|Hawaii NAM|NAM Hawaii","false","generated"
"nam-id-main","nam","National American Miss Idaho","","State","Idaho","ID","national american miss idaho","National American Miss Idaho|National American Miss Idaho Pageant|National American Miss Idaho Organization|National American Miss ID|Idaho NAM|NAM Idaho","false","generated"
"nam-il-main","nam","National American Miss Illinois","","State","Illinois","IL","national american miss illinois","National American Miss Illinois|National American Miss Illinois Pageant|National American Miss Illinois Organization|National American Miss IL|Illinois NAM|NAM Illinois","false","generated"
"nam-in-main","nam","National American Miss Indiana","","State","Indiana","IN","national american miss indiana","National American Miss Indiana|National American Miss Indiana Pageant|National American Miss Indiana Organization|National American Miss IN|Indiana NAM|NAM Indiana","false","generated"
"nam-ia-main","nam","National American Miss Iowa","","State","Iowa","IA","national american miss iowa","National American Miss Iowa|National American Miss Iowa Pageant|National American Miss Iowa Organization|National American Miss IA|Iowa NAM|NAM Iowa","false","generated"
"nam-ks-main","nam","National American Miss Kansas","","State","Kansas","KS","national american miss kansas","National American Miss Kansas|National American Miss Kansas Pageant|National American Miss Kansas Organization|National American Miss KS|Kansas NAM|NAM Kansas","false","generated"
"nam-ky-main","nam","National American Miss Kentucky","","State","Kentucky","KY","national american miss kentucky","National American Miss Kentucky|National American Miss Kentucky Pageant|National American Miss Kentucky Organization|National American Miss KY|Kentucky NAM|NAM Kentucky","false","generated"
"nam-la-main","nam","National American Miss Louisiana","","State","Louisiana","LA","national american miss louisiana","National American Miss Louisiana|National American Miss Louisiana Pageant|National American Miss Louisiana Organization|National American Miss LA|Louisiana NAM|NAM Louisiana","false","generated"
"nam-me-main","nam","National American Miss Maine","","State","Maine","ME","national american miss maine","National American Miss Maine|National American Miss Maine Pageant|National American Miss Maine Organization|National American Miss ME|Maine NAM|NAM Maine","false","generated"
"nam-md-main","nam","National American Miss Maryland","","State","Maryland","MD","national american miss maryland","National American Miss Maryland|National American Miss Maryland Pageant|National American Miss Maryland Organization|National American Miss MD|Maryland NAM|NAM Maryland","false","generated"
"nam-ma-main","nam","National American Miss Massachusetts","","State","Massachusetts","MA","national american miss massachusetts","National American Miss Massachusetts|National American Miss Massachusetts Pageant|National American Miss Massachusetts Organization|National American Miss MA|Massachusetts NAM|NAM Massachusetts","false","generated"
"nam-mi-main","nam","National American Miss Michigan","","State","Michigan","MI","national american miss michigan","National American Miss Michigan|National American Miss Michigan Pageant|National American Miss Michigan Organization|National American Miss MI|Michigan NAM|NAM Michigan","false","generated"
"nam-mn-main","nam","National American Miss Minnesota","","State","Minnesota","MN","national american miss minnesota","National American Miss Minnesota|National American Miss Minnesota Pageant|National American Miss Minnesota Organization|National American Miss MN|Minnesota NAM|NAM Minnesota","false","generated"
"nam-ms-main","nam","National American Miss Mississippi","","State","Mississippi","MS","national american miss mississippi","National American Miss Mississippi|National American Miss Mississippi Pageant|National American Miss Mississippi Organization|National American Miss MS|Mississippi NAM|NAM Mississippi","false","generated"
"nam-mo-main","nam","National American Miss Missouri","","State","Missouri","MO","national american miss missouri","National American Miss Missouri|National American Miss Missouri Pageant|National American Miss Missouri Organization|National American Miss MO|Missouri NAM|NAM Missouri","false","generated"
"nam-mt-main","nam","National American Miss Montana","","State","Montana","MT","national american miss montana","National American Miss Montana|National American Miss Montana Pageant|National American Miss Montana Organization|National American Miss MT|Montana NAM|NAM Montana","false","generated"
"nam-ne-main","nam","National American Miss Nebraska","","State","Nebraska","NE","national american miss nebraska","National American Miss Nebraska|National American Miss Nebraska Pageant|National American Miss Nebraska Organization|National American Miss NE|Nebraska NAM|NAM Nebraska","false","generated"
"nam-nv-main","nam","National American Miss Nevada","","State","Nevada","NV","national american miss nevada","National American Miss Nevada|National American Miss Nevada Pageant|National American Miss Nevada Organization|National American Miss NV|Nevada NAM|NAM Nevada","false","generated"
"nam-nh-main","nam","National American Miss New Hampshire","","State","New Hampshire","NH","national american miss new hampshire","National American Miss New Hampshire|National American Miss New Hampshire Pageant|National American Miss New Hampshire Organization|National American Miss NH|New Hampshire NAM|NAM New Hampshire","false","generated"
"nam-nj-main","nam","National American Miss New Jersey","","State","New Jersey","NJ","national american miss new jersey","National American Miss New Jersey|National American Miss New Jersey Pageant|National American Miss New Jersey Organization|National American Miss NJ|New Jersey NAM|NAM New Jersey","false","generated"
"nam-nm-main","nam","National American Miss New Mexico","","State","New Mexico","NM","national american miss new mexico","National American Miss New Mexico|National American Miss New Mexico Pageant|National American Miss New Mexico Organization|National American Miss NM|New Mexico NAM|NAM New Mexico","false","generated"
"nam-ny-main","nam","National American Miss New York","","State","New York","NY","national american miss new york","National American Miss New York|National American Miss New York Pageant|National American Miss New York Organization|National American Miss NY|New York NAM|NAM New York","false","generated"
"nam-nc-main","nam","National American Miss North Carolina","","State","North Carolina","NC","national american miss north carolina","National American Miss North Carolina|National American Miss North Carolina Pageant|National American Miss North Carolina Organization|National American Miss NC|North Carolina NAM|NAM North Carolina","false","generated"
"nam-nd-main","nam","National American Miss North Dakota","","State","North Dakota","ND","national american miss north dakota","National American Miss North Dakota|National American Miss North Dakota Pageant|National American Miss North Dakota Organization|National American Miss ND|North Dakota NAM|NAM North Dakota","false","generated"
"nam-oh-main","nam","National American Miss Ohio","","State","Ohio","OH","national american miss ohio","National American Miss Ohio|National American Miss Ohio Pageant|National American Miss Ohio Organization|National American Miss OH|Ohio NAM|NAM Ohio","false","generated"
"nam-ok-main","nam","National American Miss Oklahoma","","State","Oklahoma","OK","national american miss oklahoma","National American Miss Oklahoma|National American Miss Oklahoma Pageant|National American Miss Oklahoma Organization|National American Miss OK|Oklahoma NAM|NAM Oklahoma","false","generated"
"nam-or-main","nam","National American Miss Oregon","","State","Oregon","OR","national american miss oregon","National American Miss Oregon|National American Miss Oregon Pageant|National American Miss Oregon Organization|National American Miss OR|Oregon NAM|NAM Oregon","false","generated"
"nam-pa-main","nam","National American Miss Pennsylvania","","State","Pennsylvania","PA","national american miss pennsylvania","National American Miss Pennsylvania|National American Miss Pennsylvania Pageant|National American Miss Pennsylvania Organization|National American Miss PA|Pennsylvania NAM|NAM Pennsylvania","false","generated"
"nam-ri-main","nam","National American Miss Rhode Island","","State","Rhode Island","RI","national american miss rhode island","National American Miss Rhode Island|National American Miss Rhode Island Pageant|National American Miss Rhode Island Organization|National American Miss RI|Rhode Island NAM|NAM Rhode Island","false","generated"
"nam-sc-main","nam","National American Miss South Carolina","","State","South Carolina","SC","national american miss south carolina","National American Miss South Carolina|National American Miss South Carolina Pageant|National American Miss South Carolina Organization|National American Miss SC|South Carolina NAM|NAM South Carolina","false","generated"
"nam-sd-main","nam","National American Miss South Dakota","","State","South Dakota","SD","national american miss south dakota","National American Miss South Dakota|National American Miss South Dakota Pageant|National American Miss South Dakota Organization|National American Miss SD|South Dakota NAM|NAM South Dakota","false","generated"
"nam-tn-main","nam","National American Miss Tennessee","","State","Tennessee","TN","national american miss tennessee","National American Miss Tennessee|National American Miss Tennessee Pageant|National American Miss Tennessee Organization|National American Miss TN|Tennessee NAM|NAM Tennessee","false","generated"
"nam-tx-main","nam","National American Miss Texas","","State","Texas","TX","national american miss texas","National American Miss Texas|National American Miss Texas Pageant|National American Miss Texas Organization|National American Miss TX|Texas NAM|NAM Texas","false","generated"
"nam-ut-main","nam","National American Miss Utah","","State","Utah","UT","national american miss utah","National American Miss Utah|National American Miss Utah Pageant|National American Miss Utah Organization|National American Miss UT|Utah NAM|NAM Utah","false","generated"
"nam-vt-main","nam","National American Miss Vermont","","State","Vermont","VT","national american miss vermont","National American Miss Vermont|National American Miss Vermont Pageant|National American Miss Vermont Organization|National American Miss VT|Vermont NAM|NAM Vermont","false","generated"
"nam-va-main","nam","National American Miss Virginia","","State","Virginia","VA","national american miss virginia","National American Miss Virginia|National American Miss Virginia Pageant|National American Miss Virginia Organization|National American Miss VA|Virginia NAM|NAM Virginia","false","generated"
"nam-wa-main","nam","National American Miss Washington","","State","Washington","WA","national american miss washington","National American Miss Washington|National American Miss Washington Pageant|National American Miss Washington Organization|National American Miss WA|Washington NAM|NAM Washington","false","generated"
"nam-wv-main","nam","National American Miss West Virginia","","State","West Virginia","WV","national american miss west virginia","National American Miss West Virginia|National American Miss West Virginia Pageant|National American Miss West Virginia Organization|National American Miss WV|West Virginia NAM|NAM West Virginia","false","generated"
"nam-wi-main","nam","National American Miss Wisconsin","","State","Wisconsin","WI","national american miss wisconsin","National American Miss Wisconsin|National American Miss Wisconsin Pageant|National American Miss Wisconsin Organization|National American Miss WI|Wisconsin NAM|NAM Wisconsin","false","generated"
"nam-wy-main","nam","National American Miss Wyoming","","State","Wyoming","WY","national american miss wyoming","National American Miss Wyoming|National American Miss Wyoming Pageant|National American Miss Wyoming Organization|National American Miss WY|Wyoming NAM|NAM Wyoming","false","generated"
"nam-dc-main","nam","National American Miss District of Columbia","","State","District of Columbia","DC","national american miss district of columbia","National American Miss District of Columbia|National American Miss District of Columbia Pageant|National American Miss District of Columbia Organization|National American Miss DC|District of Columbia NAM|NAM District of Columbia","false","generated"
"nam-pr-main","nam","National American Miss Puerto Rico","","State","Puerto Rico","PR","national american miss puerto rico","National American Miss Puerto Rico|National American Miss Puerto Rico Pageant|National American Miss Puerto Rico Organization|National American Miss PR|Puerto Rico NAM|NAM Puerto Rico","false","generated"
"intl-pageants-al-miss","intl-pageants","Miss Alabama International","Miss","State","Alabama","AL","miss alabama international","Miss Alabama International|Miss Alabama International Pageant|Miss Alabama International Organization|Miss AL International|Alabama Miss International|Miss International Alabama|Alabama IPI|IPI Alabama|Alabama International","false","generated"
"intl-pageants-al-ms","intl-pageants","Ms. Alabama International","Ms.","State","Alabama","AL","ms alabama international","Ms. Alabama International|Ms Alabama International|Ms. Alabama International Pageant|Ms. Alabama International Organization|Ms. AL International|Alabama Ms. International|Ms. International Alabama|Alabama IPI|IPI Alabama|Alabama International","false","generated"
"intl-pageants-al-mrs","intl-pageants","Mrs. Alabama International","Mrs.","State","Alabama","AL","mrs alabama international","Mrs. Alabama International|Mrs Alabama International|Mrs. Alabama International Pageant|Mrs. Alabama International Organization|Mrs. AL International|Alabama Mrs. International|Mrs. International Alabama|Alabama IPI|IPI Alabama|Alabama International","false","generated"
"intl-pageants-al-teen","intl-pageants","Miss Alabama Teen International","Teen","State","Alabama","AL","miss alabama teen international","Miss Alabama Teen International|Miss Alabama Teen International Pageant|Miss Alabama Teen International Organization|Miss AL Teen International|Alabama Miss Teen International|Miss Teen International Alabama|Miss Alabama's Teen International|Alabama IPI|IPI Alabama|Alabama International","false","generated"
"intl-pageants-al-jr-teen","intl-pageants","Miss Alabama Jr. Teen International","Jr. Teen","State","Alabama","AL","miss alabama jr teen international","Miss Alabama Jr. Teen International|Miss Alabama Jr Teen International|Miss Alabama Jr. Teen International Pageant|Miss Alabama Jr. Teen International Organization|Miss AL Jr. Teen International|Alabama Miss Jr. Teen International|Miss Jr. Teen International Alabama|Alabama IPI|IPI Alabama|Alabama International","false","generated"
"intl-pageants-ak-miss","intl-pageants","Miss Alaska International","Miss","State","Alaska","AK","miss alaska international","Miss Alaska International|Miss Alaska International Pageant|Miss Alaska International Organization|Miss AK International|Alaska Miss International|Miss International Alaska|Alaska IPI|IPI Alaska|Alaska International","false","generated"
"intl-pageants-ak-ms","intl-pageants","Ms. Alaska International","Ms.","State","Alaska","AK","ms alaska international","Ms. Alaska International|Ms Alaska International|Ms. Alaska International Pageant|Ms. Alaska International Organization|Ms. AK International|Alaska Ms. International|Ms. International Alaska|Alaska IPI|IPI Alaska|Alaska International","false","generated"
"intl-pageants-ak-mrs","intl-pageants","Mrs. Alaska International","Mrs.","State","Alaska","AK","mrs alaska international","Mrs. Alaska International|Mrs Alaska International|Mrs. Alaska International Pageant|Mrs. Alaska International Organization|Mrs. AK International|Alaska Mrs. International|Mrs. International Alaska|Alaska IPI|IPI Alaska|Alaska International","false","generated"
"intl-pageants-ak-teen","intl-pageants","Miss Alaska Teen International","Teen","State","Alaska","AK","miss alaska teen international","Miss Alaska Teen International|Miss Alaska Teen International Pageant|Miss Alaska Teen International Organization|Miss AK Teen International|Alaska Miss Teen International|Miss Teen International Alaska|Miss Alaska's Teen International|Alaska IPI|IPI Alaska|Alaska International","false","generated"
"intl-pageants-ak-jr-teen","intl-pageants","Miss Alaska Jr. Teen International","Jr. Teen","State","Alaska","AK","miss alaska jr teen international","Miss Alaska Jr. Teen International|Miss Alaska Jr Teen International|Miss Alaska Jr. Teen International Pageant|Miss Alaska Jr. Teen International Organization|Miss AK Jr. Teen International|Alaska Miss Jr. Teen International|Miss Jr. Teen International Alaska|Alaska IPI|IPI Alaska|Alaska International","false","generated"
"intl-pageants-az-miss","intl-pageants","Miss Arizona International","Miss","State","Arizona","AZ","miss arizona international","Miss Arizona International|Miss Arizona International Pageant|Miss Arizona International Organization|Miss AZ International|Arizona Miss International|Miss International Arizona|Arizona IPI|IPI Arizona|Arizona International","false","generated"
"intl-pageants-az-ms","intl-pageants","Ms. Arizona International","Ms.","State","Arizona","AZ","ms arizona international","Ms. Arizona International|Ms Arizona International|Ms. Arizona International Pageant|Ms. Arizona International Organization|Ms. AZ International|Arizona Ms. International|Ms. International Arizona|Arizona IPI|IPI Arizona|Arizona International","false","generated"
"intl-pageants-az-mrs","intl-pageants","Mrs. Arizona International","Mrs.","State","Arizona","AZ","mrs arizona international","Mrs. Arizona International|Mrs Arizona International|Mrs. Arizona International Pageant|Mrs. Arizona International Organization|Mrs. AZ International|Arizona Mrs. International|Mrs. International Arizona|Arizona IPI|IPI Arizona|Arizona International","false","generated"
"intl-pageants-az-teen","intl-pageants","Miss Arizona Teen International","Teen","State","Arizona","AZ","miss arizona teen international","Miss Arizona Teen International|Miss Arizona Teen International Pageant|Miss Arizona Teen International Organization|Miss AZ Teen International|Arizona Miss Teen International|Miss Teen International Arizona|Miss Arizona's Teen International|Arizona IPI|IPI Arizona|Arizona International","false","generated"
"intl-pageants-az-jr-teen","intl-pageants","Miss Arizona Jr. Teen International","Jr. Teen","State","Arizona","AZ","miss arizona jr teen international","Miss Arizona Jr. Teen International|Miss Arizona Jr Teen International|Miss Arizona Jr. Teen International Pageant|Miss Arizona Jr. Teen International Organization|Miss AZ Jr. Teen International|Arizona Miss Jr. Teen International|Miss Jr. Teen International Arizona|Arizona IPI|IPI Arizona|Arizona International","false","generated"
"intl-pageants-ar-miss","intl-pageants","Miss Arkansas International","Miss","State","Arkansas","AR","miss arkansas international","Miss Arkansas International|Miss Arkansas International Pageant|Miss Arkansas International Organization|Miss AR International|Arkansas Miss International|Miss International Arkansas|Arkansas IPI|IPI Arkansas|Arkansas International","false","generated"
"intl-pageants-ar-ms","intl-pageants","Ms. Arkansas International","Ms.","State","Arkansas","AR","ms arkansas international","Ms. Arkansas International|Ms Arkansas International|Ms. Arkansas International Pageant|Ms. Arkansas International Organization|Ms. AR International|Arkansas Ms. International|Ms. International Arkansas|Arkansas IPI|IPI Arkansas|Arkansas International","false","generated"
"intl-pageants-ar-mrs","intl-pageants","Mrs. Arkansas International","Mrs.","State","Arkansas","AR","mrs arkansas international","Mrs. Arkansas International|Mrs Arkansas International|Mrs. Arkansas International Pageant|Mrs. Arkansas International Organization|Mrs. AR International|Arkansas Mrs. International|Mrs. International Arkansas|Arkansas IPI|IPI Arkansas|Arkansas International","false","generated"
"intl-pageants-ar-teen","intl-pageants","Miss Arkansas Teen International","Teen","State","Arkansas","AR","miss arkansas teen international","Miss Arkansas Teen International|Miss Arkansas Teen International Pageant|Miss Arkansas Teen International Organization|Miss AR Teen International|Arkansas Miss Teen International|Miss Teen International Arkansas|Miss Arkansas's Teen International|Arkansas IPI|IPI Arkansas|Arkansas International","false","generated"
"intl-pageants-ar-jr-teen","intl-pageants","Miss Arkansas Jr. Teen International","Jr. Teen","State","Arkansas","AR","miss arkansas jr teen international","Miss Arkansas Jr. Teen International|Miss Arkansas Jr Teen International|Miss Arkansas Jr. Teen International Pageant|Miss Arkansas Jr. Teen International Organization|Miss AR Jr. Teen International|Arkansas Miss Jr. Teen International|Miss Jr. Teen International Arkansas|Arkansas IPI|IPI Arkansas|Arkansas International","false","generated"
"intl-pageants-ca-miss","intl-pageants","Miss California International","Miss","State","California","CA","miss california international","Miss California International|Miss California International Pageant|Miss California International Organization|Miss CA International|California Miss International|Miss International California|California IPI|IPI California|California International","false","generated"
"intl-pageants-ca-ms","intl-pageants","Ms. California International","Ms.","State","California","CA","ms california international","Ms. California International|Ms California International|Ms. California International Pageant|Ms. California International Organization|Ms. CA International|California Ms. International|Ms. International California|California IPI|IPI California|California International","false","generated"
"intl-pageants-ca-mrs","intl-pageants","Mrs. California International","Mrs.","State","California","CA","mrs california international","Mrs. California International|Mrs California International|Mrs. California International Pageant|Mrs. California International Organization|Mrs. CA International|California Mrs. International|Mrs. International California|California IPI|IPI California|California International","false","generated"
"intl-pageants-ca-teen","intl-pageants","Miss California Teen International","Teen","State","California","CA","miss california teen international","Miss California Teen International|Miss California Teen International Pageant|Miss California Teen International Organization|Miss CA Teen International|California Miss Teen International|Miss Teen International California|Miss California's Teen International|California IPI|IPI California|California International","false","generated"
"intl-pageants-ca-jr-teen","intl-pageants","Miss California Jr. Teen International","Jr. Teen","State","California","CA","miss california jr teen international","Miss California Jr. Teen International|Miss California Jr Teen International|Miss California Jr. Teen International Pageant|Miss California Jr. Teen International Organization|Miss CA Jr. Teen International|California Miss Jr. Teen International|Miss Jr. Teen International California|California IPI|IPI California|California International","false","generated"
"intl-pageants-co-miss","intl-pageants","Miss Colorado International","Miss","State","Colorado","CO","miss colorado international","Miss Colorado International|Miss Colorado International Pageant|Miss Colorado International Organization|Miss CO International|Colorado Miss International|Miss International Colorado|Colorado IPI|IPI Colorado|Colorado International","false","generated"
"intl-pageants-co-ms","intl-pageants","Ms. Colorado International","Ms.","State","Colorado","CO","ms colorado international","Ms. Colorado International|Ms Colorado International|Ms. Colorado International Pageant|Ms. Colorado International Organization|Ms. CO International|Colorado Ms. International|Ms. International Colorado|Colorado IPI|IPI Colorado|Colorado International","false","generated"
"intl-pageants-co-mrs","intl-pageants","Mrs. Colorado International","Mrs.","State","Colorado","CO","mrs colorado international","Mrs. Colorado International|Mrs Colorado International|Mrs. Colorado International Pageant|Mrs. Colorado International Organization|Mrs. CO International|Colorado Mrs. International|Mrs. International Colorado|Colorado IPI|IPI Colorado|Colorado International","false","generated"
"intl-pageants-co-teen","intl-pageants","Miss Colorado Teen International","Teen","State","Colorado","CO","miss colorado teen international","Miss Colorado Teen International|Miss Colorado Teen International Pageant|Miss Colorado Teen International Organization|Miss CO Teen International|Colorado Miss Teen International|Miss Teen International Colorado|Miss Colorado's Teen International|Colorado IPI|IPI Colorado|Colorado International","false","generated"
"intl-pageants-co-jr-teen","intl-pageants","Miss Colorado Jr. Teen International","Jr. Teen","State","Colorado","CO","miss colorado jr teen international","Miss Colorado Jr. Teen International|Miss Colorado Jr Teen International|Miss Colorado Jr. Teen International Pageant|Miss Colorado Jr. Teen International Organization|Miss CO Jr. Teen International|Colorado Miss Jr. Teen International|Miss Jr. Teen International Colorado|Colorado IPI|IPI Colorado|Colorado International","false","generated"
"intl-pageants-ct-miss","intl-pageants","Miss Connecticut International","Miss","State","Connecticut","CT","miss connecticut international","Miss Connecticut International|Miss Connecticut International Pageant|Miss Connecticut International Organization|Miss CT International|Connecticut Miss International|Miss International Connecticut|Connecticut IPI|IPI Connecticut|Connecticut International","false","generated"
"intl-pageants-ct-ms","intl-pageants","Ms. Connecticut International","Ms.","State","Connecticut","CT","ms connecticut international","Ms. Connecticut International|Ms Connecticut International|Ms. Connecticut International Pageant|Ms. Connecticut International Organization|Ms. CT International|Connecticut Ms. International|Ms. International Connecticut|Connecticut IPI|IPI Connecticut|Connecticut International","false","generated"
"intl-pageants-ct-mrs","intl-pageants","Mrs. Connecticut International","Mrs.","State","Connecticut","CT","mrs connecticut international","Mrs. Connecticut International|Mrs Connecticut International|Mrs. Connecticut International Pageant|Mrs. Connecticut International Organization|Mrs. CT International|Connecticut Mrs. International|Mrs. International Connecticut|Connecticut IPI|IPI Connecticut|Connecticut International","false","generated"
"intl-pageants-ct-teen","intl-pageants","Miss Connecticut Teen International","Teen","State","Connecticut","CT","miss connecticut teen international","Miss Connecticut Teen International|Miss Connecticut Teen International Pageant|Miss Connecticut Teen International Organization|Miss CT Teen International|Connecticut Miss Teen International|Miss Teen International Connecticut|Miss Connecticut's Teen International|Connecticut IPI|IPI Connecticut|Connecticut International","false","generated"
"intl-pageants-ct-jr-teen","intl-pageants","Miss Connecticut Jr. Teen International","Jr. Teen","State","Connecticut","CT","miss connecticut jr teen international","Miss Connecticut Jr. Teen International|Miss Connecticut Jr Teen International|Miss Connecticut Jr. Teen International Pageant|Miss Connecticut Jr. Teen International Organization|Miss CT Jr. Teen International|Connecticut Miss Jr. Teen International|Miss Jr. Teen International Connecticut|Connecticut IPI|IPI Connecticut|Connecticut International","false","generated"
"intl-pageants-de-miss","intl-pageants","Miss Delaware International","Miss","State","Delaware","DE","miss delaware international","Miss Delaware International|Miss Delaware International Pageant|Miss Delaware International Organization|Miss DE International|Delaware Miss International|Miss International Delaware|Delaware IPI|IPI Delaware|Delaware International","false","generated"
"intl-pageants-de-ms","intl-pageants","Ms. Delaware International","Ms.","State","Delaware","DE","ms delaware international","Ms. Delaware International|Ms Delaware International|Ms. Delaware International Pageant|Ms. Delaware International Organization|Ms. DE International|Delaware Ms. International|Ms. International Delaware|Delaware IPI|IPI Delaware|Delaware International","false","generated"
"intl-pageants-de-mrs","intl-pageants","Mrs. Delaware International","Mrs.","State","Delaware","DE","mrs delaware international","Mrs. Delaware International|Mrs Delaware International|Mrs. Delaware International Pageant|Mrs. Delaware International Organization|Mrs. DE International|Delaware Mrs. International|Mrs. International Delaware|Delaware IPI|IPI Delaware|Delaware International","false","generated"
"intl-pageants-de-teen","intl-pageants","Miss Delaware Teen International","Teen","State","Delaware","DE","miss delaware teen international","Miss Delaware Teen International|Miss Delaware Teen International Pageant|Miss Delaware Teen International Organization|Miss DE Teen International|Delaware Miss Teen International|Miss Teen International Delaware|Miss Delaware's Teen International|Delaware IPI|IPI Delaware|Delaware International","false","generated"
"intl-pageants-de-jr-teen","intl-pageants","Miss Delaware Jr. Teen International","Jr. Teen","State","Delaware","DE","miss delaware jr teen international","Miss Delaware Jr. Teen International|Miss Delaware Jr Teen International|Miss Delaware Jr. Teen International Pageant|Miss Delaware Jr. Teen International Organization|Miss DE Jr. Teen International|Delaware Miss Jr. Teen International|Miss Jr. Teen International Delaware|Delaware IPI|IPI Delaware|Delaware International","false","generated"
"intl-pageants-fl-miss","intl-pageants","Miss Florida International","Miss","State","Florida","FL","miss florida international","Miss Florida International|Miss Florida International Pageant|Miss Florida International Organization|Miss FL International|Florida Miss International|Miss International Florida|Florida IPI|IPI Florida|Florida International","false","generated"
"intl-pageants-fl-ms","intl-pageants","Ms. Florida International","Ms.","State","Florida","FL","ms florida international","Ms. Florida International|Ms Florida International|Ms. Florida International Pageant|Ms. Florida International Organization|Ms. FL International|Florida Ms. International|Ms. International Florida|Florida IPI|IPI Florida|Florida International","false","generated"
"intl-pageants-fl-mrs","intl-pageants","Mrs. Florida International","Mrs.","State","Florida","FL","mrs florida international","Mrs. Florida International|Mrs Florida International|Mrs. Florida International Pageant|Mrs. Florida International Organization|Mrs. FL International|Florida Mrs. International|Mrs. International Florida|Florida IPI|IPI Florida|Florida International","false","generated"
"intl-pageants-fl-teen","intl-pageants","Miss Florida Teen International","Teen","State","Florida","FL","miss florida teen international","Miss Florida Teen International|Miss Florida Teen International Pageant|Miss Florida Teen International Organization|Miss FL Teen International|Florida Miss Teen International|Miss Teen International Florida|Miss Florida's Teen International|Florida IPI|IPI Florida|Florida International","false","generated"
"intl-pageants-fl-jr-teen","intl-pageants","Miss Florida Jr. Teen International","Jr. Teen","State","Florida","FL","miss florida jr teen international","Miss Florida Jr. Teen International|Miss Florida Jr Teen International|Miss Florida Jr. Teen International Pageant|Miss Florida Jr. Teen International Organization|Miss FL Jr. Teen International|Florida Miss Jr. Teen International|Miss Jr. Teen International Florida|Florida IPI|IPI Florida|Florida International","false","generated"
"intl-pageants-ga-miss","intl-pageants","Miss Georgia International","Miss","State","Georgia","GA","miss georgia international","Miss Georgia International|Miss Georgia International Pageant|Miss Georgia International Organization|Miss GA International|Georgia Miss International|Miss International Georgia|Georgia IPI|IPI Georgia|Georgia International","false","generated"
"intl-pageants-ga-ms","intl-pageants","Ms. Georgia International","Ms.","State","Georgia","GA","ms georgia international","Ms. Georgia International|Ms Georgia International|Ms. Georgia International Pageant|Ms. Georgia International Organization|Ms. GA International|Georgia Ms. International|Ms. International Georgia|Georgia IPI|IPI Georgia|Georgia International","false","generated"
"intl-pageants-ga-mrs","intl-pageants","Mrs. Georgia International","Mrs.","State","Georgia","GA","mrs georgia international","Mrs. Georgia International|Mrs Georgia International|Mrs. Georgia International Pageant|Mrs. Georgia International Organization|Mrs. GA International|Georgia Mrs. International|Mrs. International Georgia|Georgia IPI|IPI Georgia|Georgia International","false","generated"
"intl-pageants-ga-teen","intl-pageants","Miss Georgia Teen International","Teen","State","Georgia","GA","miss georgia teen international","Miss Georgia Teen International|Miss Georgia Teen International Pageant|Miss Georgia Teen International Organization|Miss GA Teen International|Georgia Miss Teen International|Miss Teen International Georgia|Miss Georgia's Teen International|Georgia IPI|IPI Georgia|Georgia International","false","generated"
"intl-pageants-ga-jr-teen","intl-pageants","Miss Georgia Jr. Teen International","Jr. Teen","State","Georgia","GA","miss georgia jr teen international","Miss Georgia Jr. Teen International|Miss Georgia Jr Teen International|Miss Georgia Jr. Teen International Pageant|Miss Georgia Jr. Teen International Organization|Miss GA Jr. Teen International|Georgia Miss Jr. Teen International|Miss Jr. Teen International Georgia|Georgia IPI|IPI Georgia|Georgia International","false","generated"
"intl-pageants-hi-miss","intl-pageants","Miss Hawaii International","Miss","State","Hawaii","HI","miss hawaii international","Miss Hawaii International|Miss Hawaii International Pageant|Miss Hawaii International Organization|Miss HI International|Hawaii Miss International|Miss International Hawaii|Hawaii IPI|IPI Hawaii|Hawaii International","false","generated"
"intl-pageants-hi-ms","intl-pageants","Ms. Hawaii International","Ms.","State","Hawaii","HI","ms hawaii international","Ms. Hawaii International|Ms Hawaii International|Ms. Hawaii International Pageant|Ms. Hawaii International Organization|Ms. HI International|Hawaii Ms. International|Ms. International Hawaii|Hawaii IPI|IPI Hawaii|Hawaii International","false","generated"
"intl-pageants-hi-mrs","intl-pageants","Mrs. Hawaii International","Mrs.","State","Hawaii","HI","mrs hawaii international","Mrs. Hawaii International|Mrs Hawaii International|Mrs. Hawaii International Pageant|Mrs. Hawaii International Organization|Mrs. HI International|Hawaii Mrs. International|Mrs. International Hawaii|Hawaii IPI|IPI Hawaii|Hawaii International","false","generated"
"intl-pageants-hi-teen","intl-pageants","Miss Hawaii Teen International","Teen","State","Hawaii","HI","miss hawaii teen international","Miss Hawaii Teen International|Miss Hawaii Teen International Pageant|Miss Hawaii Teen International Organization|Miss HI Teen International|Hawaii Miss Teen International|Miss Teen International Hawaii|Miss Hawaii's Teen International|Hawaii IPI|IPI Hawaii|Hawaii International","false","generated"
"intl-pageants-hi-jr-teen","intl-pageants","Miss Hawaii Jr. Teen International","Jr. Teen","State","Hawaii","HI","miss hawaii jr teen international","Miss Hawaii Jr. Teen International|Miss Hawaii Jr Teen International|Miss Hawaii Jr. Teen International Pageant|Miss Hawaii Jr. Teen International Organization|Miss HI Jr. Teen International|Hawaii Miss Jr. Teen International|Miss Jr. Teen International Hawaii|Hawaii IPI|IPI Hawaii|Hawaii International","false","generated"
"intl-pageants-id-miss","intl-pageants","Miss Idaho International","Miss","State","Idaho","ID","miss idaho international","Miss Idaho International|Miss Idaho International Pageant|Miss Idaho International Organization|Miss ID International|Idaho Miss International|Miss International Idaho|Idaho IPI|IPI Idaho|Idaho International","false","generated"
"intl-pageants-id-ms","intl-pageants","Ms. Idaho International","Ms.","State","Idaho","ID","ms idaho international","Ms. Idaho International|Ms Idaho International|Ms. Idaho International Pageant|Ms. Idaho International Organization|Ms. ID International|Idaho Ms. International|Ms. International Idaho|Idaho IPI|IPI Idaho|Idaho International","false","generated"
"intl-pageants-id-mrs","intl-pageants","Mrs. Idaho International","Mrs.","State","Idaho","ID","mrs idaho international","Mrs. Idaho International|Mrs Idaho International|Mrs. Idaho International Pageant|Mrs. Idaho International Organization|Mrs. ID International|Idaho Mrs. International|Mrs. International Idaho|Idaho IPI|IPI Idaho|Idaho International","false","generated"
"intl-pageants-id-teen","intl-pageants","Miss Idaho Teen International","Teen","State","Idaho","ID","miss idaho teen international","Miss Idaho Teen International|Miss Idaho Teen International Pageant|Miss Idaho Teen International Organization|Miss ID Teen International|Idaho Miss Teen International|Miss Teen International Idaho|Miss Idaho's Teen International|Idaho IPI|IPI Idaho|Idaho International","false","generated"
"intl-pageants-id-jr-teen","intl-pageants","Miss Idaho Jr. Teen International","Jr. Teen","State","Idaho","ID","miss idaho jr teen international","Miss Idaho Jr. Teen International|Miss Idaho Jr Teen International|Miss Idaho Jr. Teen International Pageant|Miss Idaho Jr. Teen International Organization|Miss ID Jr. Teen International|Idaho Miss Jr. Teen International|Miss Jr. Teen International Idaho|Idaho IPI|IPI Idaho|Idaho International","false","generated"
"intl-pageants-il-miss","intl-pageants","Miss Illinois International","Miss","State","Illinois","IL","miss illinois international","Miss Illinois International|Miss Illinois International Pageant|Miss Illinois International Organization|Miss IL International|Illinois Miss International|Miss International Illinois|Illinois IPI|IPI Illinois|Illinois International","false","generated"
"intl-pageants-il-ms","intl-pageants","Ms. Illinois International","Ms.","State","Illinois","IL","ms illinois international","Ms. Illinois International|Ms Illinois International|Ms. Illinois International Pageant|Ms. Illinois International Organization|Ms. IL International|Illinois Ms. International|Ms. International Illinois|Illinois IPI|IPI Illinois|Illinois International","false","generated"
"intl-pageants-il-mrs","intl-pageants","Mrs. Illinois International","Mrs.","State","Illinois","IL","mrs illinois international","Mrs. Illinois International|Mrs Illinois International|Mrs. Illinois International Pageant|Mrs. Illinois International Organization|Mrs. IL International|Illinois Mrs. International|Mrs. International Illinois|Illinois IPI|IPI Illinois|Illinois International","false","generated"
"intl-pageants-il-teen","intl-pageants","Miss Illinois Teen International","Teen","State","Illinois","IL","miss illinois teen international","Miss Illinois Teen International|Miss Illinois Teen International Pageant|Miss Illinois Teen International Organization|Miss IL Teen International|Illinois Miss Teen International|Miss Teen International Illinois|Miss Illinois's Teen International|Illinois IPI|IPI Illinois|Illinois International","false","generated"
"intl-pageants-il-jr-teen","intl-pageants","Miss Illinois Jr. Teen International","Jr. Teen","State","Illinois","IL","miss illinois jr teen international","Miss Illinois Jr. Teen International|Miss Illinois Jr Teen International|Miss Illinois Jr. Teen International Pageant|Miss Illinois Jr. Teen International Organization|Miss IL Jr. Teen International|Illinois Miss Jr. Teen International|Miss Jr. Teen International Illinois|Illinois IPI|IPI Illinois|Illinois International","false","generated"
"intl-pageants-in-miss","intl-pageants","Miss Indiana International","Miss","State","Indiana","IN","miss indiana international","Miss Indiana International|Miss Indiana International Pageant|Miss Indiana International Organization|Miss IN International|Indiana Miss International|Miss International Indiana|Indiana IPI|IPI Indiana|Indiana International","false","generated"
"intl-pageants-in-ms","intl-pageants","Ms. Indiana International","Ms.","State","Indiana","IN","ms indiana international","Ms. Indiana International|Ms Indiana International|Ms. Indiana International Pageant|Ms. Indiana International Organization|Ms. IN International|Indiana Ms. International|Ms. International Indiana|Indiana IPI|IPI Indiana|Indiana International","false","generated"
"intl-pageants-in-mrs","intl-pageants","Mrs. Indiana International","Mrs.","State","Indiana","IN","mrs indiana international","Mrs. Indiana International|Mrs Indiana International|Mrs. Indiana International Pageant|Mrs. Indiana International Organization|Mrs. IN International|Indiana Mrs. International|Mrs. International Indiana|Indiana IPI|IPI Indiana|Indiana International","false","generated"
"intl-pageants-in-teen","intl-pageants","Miss Indiana Teen International","Teen","State","Indiana","IN","miss indiana teen international","Miss Indiana Teen International|Miss Indiana Teen International Pageant|Miss Indiana Teen International Organization|Miss IN Teen International|Indiana Miss Teen International|Miss Teen International Indiana|Miss Indiana's Teen International|Indiana IPI|IPI Indiana|Indiana International","false","generated"
"intl-pageants-in-jr-teen","intl-pageants","Miss Indiana Jr. Teen International","Jr. Teen","State","Indiana","IN","miss indiana jr teen international","Miss Indiana Jr. Teen International|Miss Indiana Jr Teen International|Miss Indiana Jr. Teen International Pageant|Miss Indiana Jr. Teen International Organization|Miss IN Jr. Teen International|Indiana Miss Jr. Teen International|Miss Jr. Teen International Indiana|Indiana IPI|IPI Indiana|Indiana International","false","generated"
"intl-pageants-ia-miss","intl-pageants","Miss Iowa International","Miss","State","Iowa","IA","miss iowa international","Miss Iowa International|Miss Iowa International Pageant|Miss Iowa International Organization|Miss IA International|Iowa Miss International|Miss International Iowa|Iowa IPI|IPI Iowa|Iowa International","false","generated"
"intl-pageants-ia-ms","intl-pageants","Ms. Iowa International","Ms.","State","Iowa","IA","ms iowa international","Ms. Iowa International|Ms Iowa International|Ms. Iowa International Pageant|Ms. Iowa International Organization|Ms. IA International|Iowa Ms. International|Ms. International Iowa|Iowa IPI|IPI Iowa|Iowa International","false","generated"
"intl-pageants-ia-mrs","intl-pageants","Mrs. Iowa International","Mrs.","State","Iowa","IA","mrs iowa international","Mrs. Iowa International|Mrs Iowa International|Mrs. Iowa International Pageant|Mrs. Iowa International Organization|Mrs. IA International|Iowa Mrs. International|Mrs. International Iowa|Iowa IPI|IPI Iowa|Iowa International","false","generated"
"intl-pageants-ia-teen","intl-pageants","Miss Iowa Teen International","Teen","State","Iowa","IA","miss iowa teen international","Miss Iowa Teen International|Miss Iowa Teen International Pageant|Miss Iowa Teen International Organization|Miss IA Teen International|Iowa Miss Teen International|Miss Teen International Iowa|Miss Iowa's Teen International|Iowa IPI|IPI Iowa|Iowa International","false","generated"
"intl-pageants-ia-jr-teen","intl-pageants","Miss Iowa Jr. Teen International","Jr. Teen","State","Iowa","IA","miss iowa jr teen international","Miss Iowa Jr. Teen International|Miss Iowa Jr Teen International|Miss Iowa Jr. Teen International Pageant|Miss Iowa Jr. Teen International Organization|Miss IA Jr. Teen International|Iowa Miss Jr. Teen International|Miss Jr. Teen International Iowa|Iowa IPI|IPI Iowa|Iowa International","false","generated"
"intl-pageants-ks-miss","intl-pageants","Miss Kansas International","Miss","State","Kansas","KS","miss kansas international","Miss Kansas International|Miss Kansas International Pageant|Miss Kansas International Organization|Miss KS International|Kansas Miss International|Miss International Kansas|Kansas IPI|IPI Kansas|Kansas International","false","generated"
"intl-pageants-ks-ms","intl-pageants","Ms. Kansas International","Ms.","State","Kansas","KS","ms kansas international","Ms. Kansas International|Ms Kansas International|Ms. Kansas International Pageant|Ms. Kansas International Organization|Ms. KS International|Kansas Ms. International|Ms. International Kansas|Kansas IPI|IPI Kansas|Kansas International","false","generated"
"intl-pageants-ks-mrs","intl-pageants","Mrs. Kansas International","Mrs.","State","Kansas","KS","mrs kansas international","Mrs. Kansas International|Mrs Kansas International|Mrs. Kansas International Pageant|Mrs. Kansas International Organization|Mrs. KS International|Kansas Mrs. International|Mrs. International Kansas|Kansas IPI|IPI Kansas|Kansas International","false","generated"
"intl-pageants-ks-teen","intl-pageants","Miss Kansas Teen International","Teen","State","Kansas","KS","miss kansas teen international","Miss Kansas Teen International|Miss Kansas Teen International Pageant|Miss Kansas Teen International Organization|Miss KS Teen International|Kansas Miss Teen International|Miss Teen International Kansas|Miss Kansas's Teen International|Kansas IPI|IPI Kansas|Kansas International","false","generated"
"intl-pageants-ks-jr-teen","intl-pageants","Miss Kansas Jr. Teen International","Jr. Teen","State","Kansas","KS","miss kansas jr teen international","Miss Kansas Jr. Teen International|Miss Kansas Jr Teen International|Miss Kansas Jr. Teen International Pageant|Miss Kansas Jr. Teen International Organization|Miss KS Jr. Teen International|Kansas Miss Jr. Teen International|Miss Jr. Teen International Kansas|Kansas IPI|IPI Kansas|Kansas International","false","generated"
"intl-pageants-ky-miss","intl-pageants","Miss Kentucky International","Miss","State","Kentucky","KY","miss kentucky international","Miss Kentucky International|Miss Kentucky International Pageant|Miss Kentucky International Organization|Miss KY International|Kentucky Miss International|Miss International Kentucky|Kentucky IPI|IPI Kentucky|Kentucky International","false","generated"
"intl-pageants-ky-ms","intl-pageants","Ms. Kentucky International","Ms.","State","Kentucky","KY","ms kentucky international","Ms. Kentucky International|Ms Kentucky International|Ms. Kentucky International Pageant|Ms. Kentucky International Organization|Ms. KY International|Kentucky Ms. International|Ms. International Kentucky|Kentucky IPI|IPI Kentucky|Kentucky International","false","generated"
"intl-pageants-ky-mrs","intl-pageants","Mrs. Kentucky International","Mrs.","State","Kentucky","KY","mrs kentucky international","Mrs. Kentucky International|Mrs Kentucky International|Mrs. Kentucky International Pageant|Mrs. Kentucky International Organization|Mrs. KY International|Kentucky Mrs. International|Mrs. International Kentucky|Kentucky IPI|IPI Kentucky|Kentucky International","false","generated"
"intl-pageants-ky-teen","intl-pageants","Miss Kentucky Teen International","Teen","State","Kentucky","KY","miss kentucky teen international","Miss Kentucky Teen International|Miss Kentucky Teen International Pageant|Miss Kentucky Teen International Organization|Miss KY Teen International|Kentucky Miss Teen International|Miss Teen International Kentucky|Miss Kentucky's Teen International|Kentucky IPI|IPI Kentucky|Kentucky International","false","generated"
"intl-pageants-ky-jr-teen","intl-pageants","Miss Kentucky Jr. Teen International","Jr. Teen","State","Kentucky","KY","miss kentucky jr teen international","Miss Kentucky Jr. Teen International|Miss Kentucky Jr Teen International|Miss Kentucky Jr. Teen International Pageant|Miss Kentucky Jr. Teen International Organization|Miss KY Jr. Teen International|Kentucky Miss Jr. Teen International|Miss Jr. Teen International Kentucky|Kentucky IPI|IPI Kentucky|Kentucky International","false","generated"
"intl-pageants-la-miss","intl-pageants","Miss Louisiana International","Miss","State","Louisiana","LA","miss louisiana international","Miss Louisiana International|Miss Louisiana International Pageant|Miss Louisiana International Organization|Miss LA International|Louisiana Miss International|Miss International Louisiana|Louisiana IPI|IPI Louisiana|Louisiana International","false","generated"
"intl-pageants-la-ms","intl-pageants","Ms. Louisiana International","Ms.","State","Louisiana","LA","ms louisiana international","Ms. Louisiana International|Ms Louisiana International|Ms. Louisiana International Pageant|Ms. Louisiana International Organization|Ms. LA International|Louisiana Ms. International|Ms. International Louisiana|Louisiana IPI|IPI Louisiana|Louisiana International","false","generated"
"intl-pageants-la-mrs","intl-pageants","Mrs. Louisiana International","Mrs.","State","Louisiana","LA","mrs louisiana international","Mrs. Louisiana International|Mrs Louisiana International|Mrs. Louisiana International Pageant|Mrs. Louisiana International Organization|Mrs. LA International|Louisiana Mrs. International|Mrs. International Louisiana|Louisiana IPI|IPI Louisiana|Louisiana International","false","generated"
"intl-pageants-la-teen","intl-pageants","Miss Louisiana Teen International","Teen","State","Louisiana","LA","miss louisiana teen international","Miss Louisiana Teen International|Miss Louisiana Teen International Pageant|Miss Louisiana Teen International Organization|Miss LA Teen International|Louisiana Miss Teen International|Miss Teen International Louisiana|Miss Louisiana's Teen International|Louisiana IPI|IPI Louisiana|Louisiana International","false","generated"
"intl-pageants-la-jr-teen","intl-pageants","Miss Louisiana Jr. Teen International","Jr. Teen","State","Louisiana","LA","miss louisiana jr teen international","Miss Louisiana Jr. Teen International|Miss Louisiana Jr Teen International|Miss Louisiana Jr. Teen International Pageant|Miss Louisiana Jr. Teen International Organization|Miss LA Jr. Teen International|Louisiana Miss Jr. Teen International|Miss Jr. Teen International Louisiana|Louisiana IPI|IPI Louisiana|Louisiana International","false","generated"
"intl-pageants-me-miss","intl-pageants","Miss Maine International","Miss","State","Maine","ME","miss maine international","Miss Maine International|Miss Maine International Pageant|Miss Maine International Organization|Miss ME International|Maine Miss International|Miss International Maine|Maine IPI|IPI Maine|Maine International","false","generated"
"intl-pageants-me-ms","intl-pageants","Ms. Maine International","Ms.","State","Maine","ME","ms maine international","Ms. Maine International|Ms Maine International|Ms. Maine International Pageant|Ms. Maine International Organization|Ms. ME International|Maine Ms. International|Ms. International Maine|Maine IPI|IPI Maine|Maine International","false","generated"
"intl-pageants-me-mrs","intl-pageants","Mrs. Maine International","Mrs.","State","Maine","ME","mrs maine international","Mrs. Maine International|Mrs Maine International|Mrs. Maine International Pageant|Mrs. Maine International Organization|Mrs. ME International|Maine Mrs. International|Mrs. International Maine|Maine IPI|IPI Maine|Maine International","false","generated"
"intl-pageants-me-teen","intl-pageants","Miss Maine Teen International","Teen","State","Maine","ME","miss maine teen international","Miss Maine Teen International|Miss Maine Teen International Pageant|Miss Maine Teen International Organization|Miss ME Teen International|Maine Miss Teen International|Miss Teen International Maine|Miss Maine's Teen International|Maine IPI|IPI Maine|Maine International","false","generated"
"intl-pageants-me-jr-teen","intl-pageants","Miss Maine Jr. Teen International","Jr. Teen","State","Maine","ME","miss maine jr teen international","Miss Maine Jr. Teen International|Miss Maine Jr Teen International|Miss Maine Jr. Teen International Pageant|Miss Maine Jr. Teen International Organization|Miss ME Jr. Teen International|Maine Miss Jr. Teen International|Miss Jr. Teen International Maine|Maine IPI|IPI Maine|Maine International","false","generated"
"intl-pageants-md-miss","intl-pageants","Miss Maryland International","Miss","State","Maryland","MD","miss maryland international","Miss Maryland International|Miss Maryland International Pageant|Miss Maryland International Organization|Miss MD International|Maryland Miss International|Miss International Maryland|Maryland IPI|IPI Maryland|Maryland International","false","generated"
"intl-pageants-md-ms","intl-pageants","Ms. Maryland International","Ms.","State","Maryland","MD","ms maryland international","Ms. Maryland International|Ms Maryland International|Ms. Maryland International Pageant|Ms. Maryland International Organization|Ms. MD International|Maryland Ms. International|Ms. International Maryland|Maryland IPI|IPI Maryland|Maryland International","false","generated"
"intl-pageants-md-mrs","intl-pageants","Mrs. Maryland International","Mrs.","State","Maryland","MD","mrs maryland international","Mrs. Maryland International|Mrs Maryland International|Mrs. Maryland International Pageant|Mrs. Maryland International Organization|Mrs. MD International|Maryland Mrs. International|Mrs. International Maryland|Maryland IPI|IPI Maryland|Maryland International","false","generated"
"intl-pageants-md-teen","intl-pageants","Miss Maryland Teen International","Teen","State","Maryland","MD","miss maryland teen international","Miss Maryland Teen International|Miss Maryland Teen International Pageant|Miss Maryland Teen International Organization|Miss MD Teen International|Maryland Miss Teen International|Miss Teen International Maryland|Miss Maryland's Teen International|Maryland IPI|IPI Maryland|Maryland International","false","generated"
"intl-pageants-md-jr-teen","intl-pageants","Miss Maryland Jr. Teen International","Jr. Teen","State","Maryland","MD","miss maryland jr teen international","Miss Maryland Jr. Teen International|Miss Maryland Jr Teen International|Miss Maryland Jr. Teen International Pageant|Miss Maryland Jr. Teen International Organization|Miss MD Jr. Teen International|Maryland Miss Jr. Teen International|Miss Jr. Teen International Maryland|Maryland IPI|IPI Maryland|Maryland International","false","generated"
"intl-pageants-ma-miss","intl-pageants","Miss Massachusetts International","Miss","State","Massachusetts","MA","miss massachusetts international","Miss Massachusetts International|Miss Massachusetts International Pageant|Miss Massachusetts International Organization|Miss MA International|Massachusetts Miss International|Miss International Massachusetts|Massachusetts IPI|IPI Massachusetts|Massachusetts International","false","generated"
"intl-pageants-ma-ms","intl-pageants","Ms. Massachusetts International","Ms.","State","Massachusetts","MA","ms massachusetts international","Ms. Massachusetts International|Ms Massachusetts International|Ms. Massachusetts International Pageant|Ms. Massachusetts International Organization|Ms. MA International|Massachusetts Ms. International|Ms. International Massachusetts|Massachusetts IPI|IPI Massachusetts|Massachusetts International","false","generated"
"intl-pageants-ma-mrs","intl-pageants","Mrs. Massachusetts International","Mrs.","State","Massachusetts","MA","mrs massachusetts international","Mrs. Massachusetts International|Mrs Massachusetts International|Mrs. Massachusetts International Pageant|Mrs. Massachusetts International Organization|Mrs. MA International|Massachusetts Mrs. International|Mrs. International Massachusetts|Massachusetts IPI|IPI Massachusetts|Massachusetts International","false","generated"
"intl-pageants-ma-teen","intl-pageants","Miss Massachusetts Teen International","Teen","State","Massachusetts","MA","miss massachusetts teen international","Miss Massachusetts Teen International|Miss Massachusetts Teen International Pageant|Miss Massachusetts Teen International Organization|Miss MA Teen International|Massachusetts Miss Teen International|Miss Teen International Massachusetts|Miss Massachusetts's Teen International|Massachusetts IPI|IPI Massachusetts|Massachusetts International","false","generated"
"intl-pageants-ma-jr-teen","intl-pageants","Miss Massachusetts Jr. Teen International","Jr. Teen","State","Massachusetts","MA","miss massachusetts jr teen international","Miss Massachusetts Jr. Teen International|Miss Massachusetts Jr Teen International|Miss Massachusetts Jr. Teen International Pageant|Miss Massachusetts Jr. Teen International Organization|Miss MA Jr. Teen International|Massachusetts Miss Jr. Teen International|Miss Jr. Teen International Massachusetts|Massachusetts IPI|IPI Massachusetts|Massachusetts International","false","generated"
"intl-pageants-mi-miss","intl-pageants","Miss Michigan International","Miss","State","Michigan","MI","miss michigan international","Miss Michigan International|Miss Michigan International Pageant|Miss Michigan International Organization|Miss MI International|Michigan Miss International|Miss International Michigan|Michigan IPI|IPI Michigan|Michigan International","false","generated"
"intl-pageants-mi-ms","intl-pageants","Ms. Michigan International","Ms.","State","Michigan","MI","ms michigan international","Ms. Michigan International|Ms Michigan International|Ms. Michigan International Pageant|Ms. Michigan International Organization|Ms. MI International|Michigan Ms. International|Ms. International Michigan|Michigan IPI|IPI Michigan|Michigan International","false","generated"
"intl-pageants-mi-mrs","intl-pageants","Mrs. Michigan International","Mrs.","State","Michigan","MI","mrs michigan international","Mrs. Michigan International|Mrs Michigan International|Mrs. Michigan International Pageant|Mrs. Michigan International Organization|Mrs. MI International|Michigan Mrs. International|Mrs. International Michigan|Michigan IPI|IPI Michigan|Michigan International","false","generated"
"intl-pageants-mi-teen","intl-pageants","Miss Michigan Teen International","Teen","State","Michigan","MI","miss michigan teen international","Miss Michigan Teen International|Miss Michigan Teen International Pageant|Miss Michigan Teen International Organization|Miss MI Teen International|Michigan Miss Teen International|Miss Teen International Michigan|Miss Michigan's Teen International|Michigan IPI|IPI Michigan|Michigan International","false","generated"
"intl-pageants-mi-jr-teen","intl-pageants","Miss Michigan Jr. Teen International","Jr. Teen","State","Michigan","MI","miss michigan jr teen international","Miss Michigan Jr. Teen International|Miss Michigan Jr Teen International|Miss Michigan Jr. Teen International Pageant|Miss Michigan Jr. Teen International Organization|Miss MI Jr. Teen International|Michigan Miss Jr. Teen International|Miss Jr. Teen International Michigan|Michigan IPI|IPI Michigan|Michigan International","false","generated"
"intl-pageants-mn-miss","intl-pageants","Miss Minnesota International","Miss","State","Minnesota","MN","miss minnesota international","Miss Minnesota International|Miss Minnesota International Pageant|Miss Minnesota International Organization|Miss MN International|Minnesota Miss International|Miss International Minnesota|Minnesota IPI|IPI Minnesota|Minnesota International","false","generated"
"intl-pageants-mn-ms","intl-pageants","Ms. Minnesota International","Ms.","State","Minnesota","MN","ms minnesota international","Ms. Minnesota International|Ms Minnesota International|Ms. Minnesota International Pageant|Ms. Minnesota International Organization|Ms. MN International|Minnesota Ms. International|Ms. International Minnesota|Minnesota IPI|IPI Minnesota|Minnesota International","false","generated"
"intl-pageants-mn-mrs","intl-pageants","Mrs. Minnesota International","Mrs.","State","Minnesota","MN","mrs minnesota international","Mrs. Minnesota International|Mrs Minnesota International|Mrs. Minnesota International Pageant|Mrs. Minnesota International Organization|Mrs. MN International|Minnesota Mrs. International|Mrs. International Minnesota|Minnesota IPI|IPI Minnesota|Minnesota International","false","generated"
"intl-pageants-mn-teen","intl-pageants","Miss Minnesota Teen International","Teen","State","Minnesota","MN","miss minnesota teen international","Miss Minnesota Teen International|Miss Minnesota Teen International Pageant|Miss Minnesota Teen International Organization|Miss MN Teen International|Minnesota Miss Teen International|Miss Teen International Minnesota|Miss Minnesota's Teen International|Minnesota IPI|IPI Minnesota|Minnesota International","false","generated"
"intl-pageants-mn-jr-teen","intl-pageants","Miss Minnesota Jr. Teen International","Jr. Teen","State","Minnesota","MN","miss minnesota jr teen international","Miss Minnesota Jr. Teen International|Miss Minnesota Jr Teen International|Miss Minnesota Jr. Teen International Pageant|Miss Minnesota Jr. Teen International Organization|Miss MN Jr. Teen International|Minnesota Miss Jr. Teen International|Miss Jr. Teen International Minnesota|Minnesota IPI|IPI Minnesota|Minnesota International","false","generated"
"intl-pageants-ms-miss","intl-pageants","Miss Mississippi International","Miss","State","Mississippi","MS","miss mississippi international","Miss Mississippi International|Miss Mississippi International Pageant|Miss Mississippi International Organization|Miss MS International|Mississippi Miss International|Miss International Mississippi|Mississippi IPI|IPI Mississippi|Mississippi International","false","generated"
"intl-pageants-ms-ms","intl-pageants","Ms. Mississippi International","Ms.","State","Mississippi","MS","ms mississippi international","Ms. Mississippi International|Ms Mississippi International|Ms. Mississippi International Pageant|Ms. Mississippi International Organization|Ms. MS International|Mississippi Ms. International|Ms. International Mississippi|Mississippi IPI|IPI Mississippi|Mississippi International","false","generated"
"intl-pageants-ms-mrs","intl-pageants","Mrs. Mississippi International","Mrs.","State","Mississippi","MS","mrs mississippi international","Mrs. Mississippi International|Mrs Mississippi International|Mrs. Mississippi International Pageant|Mrs. Mississippi International Organization|Mrs. MS International|Mississippi Mrs. International|Mrs. International Mississippi|Mississippi IPI|IPI Mississippi|Mississippi International","false","generated"
"intl-pageants-ms-teen","intl-pageants","Miss Mississippi Teen International","Teen","State","Mississippi","MS","miss mississippi teen international","Miss Mississippi Teen International|Miss Mississippi Teen International Pageant|Miss Mississippi Teen International Organization|Miss MS Teen International|Mississippi Miss Teen International|Miss Teen International Mississippi|Miss Mississippi's Teen International|Mississippi IPI|IPI Mississippi|Mississippi International","false","generated"
"intl-pageants-ms-jr-teen","intl-pageants","Miss Mississippi Jr. Teen International","Jr. Teen","State","Mississippi","MS","miss mississippi jr teen international","Miss Mississippi Jr. Teen International|Miss Mississippi Jr Teen International|Miss Mississippi Jr. Teen International Pageant|Miss Mississippi Jr. Teen International Organization|Miss MS Jr. Teen International|Mississippi Miss Jr. Teen International|Miss Jr. Teen International Mississippi|Mississippi IPI|IPI Mississippi|Mississippi International","false","generated"
"intl-pageants-mo-miss","intl-pageants","Miss Missouri International","Miss","State","Missouri","MO","miss missouri international","Miss Missouri International|Miss Missouri International Pageant|Miss Missouri International Organization|Miss MO International|Missouri Miss International|Miss International Missouri|Missouri IPI|IPI Missouri|Missouri International","false","generated"
"intl-pageants-mo-ms","intl-pageants","Ms. Missouri International","Ms.","State","Missouri","MO","ms missouri international","Ms. Missouri International|Ms Missouri International|Ms. Missouri International Pageant|Ms. Missouri International Organization|Ms. MO International|Missouri Ms. International|Ms. International Missouri|Missouri IPI|IPI Missouri|Missouri International","false","generated"
"intl-pageants-mo-mrs","intl-pageants","Mrs. Missouri International","Mrs.","State","Missouri","MO","mrs missouri international","Mrs. Missouri International|Mrs Missouri International|Mrs. Missouri International Pageant|Mrs. Missouri International Organization|Mrs. MO International|Missouri Mrs. International|Mrs. International Missouri|Missouri IPI|IPI Missouri|Missouri International","false","generated"
"intl-pageants-mo-teen","intl-pageants","Miss Missouri Teen International","Teen","State","Missouri","MO","miss missouri teen international","Miss Missouri Teen International|Miss Missouri Teen International Pageant|Miss Missouri Teen International Organization|Miss MO Teen International|Missouri Miss Teen International|Miss Teen International Missouri|Miss Missouri's Teen International|Missouri IPI|IPI Missouri|Missouri International","false","generated"
"intl-pageants-mo-jr-teen","intl-pageants","Miss Missouri Jr. Teen International","Jr. Teen","State","Missouri","MO","miss missouri jr teen international","Miss Missouri Jr. Teen International|Miss Missouri Jr Teen International|Miss Missouri Jr. Teen International Pageant|Miss Missouri Jr. Teen International Organization|Miss MO Jr. Teen International|Missouri Miss Jr. Teen International|Miss Jr. Teen International Missouri|Missouri IPI|IPI Missouri|Missouri International","false","generated"
"intl-pageants-mt-miss","intl-pageants","Miss Montana International","Miss","State","Montana","MT","miss montana international","Miss Montana International|Miss Montana International Pageant|Miss Montana International Organization|Miss MT International|Montana Miss International|Miss International Montana|Montana IPI|IPI Montana|Montana International","false","generated"
"intl-pageants-mt-ms","intl-pageants","Ms. Montana International","Ms.","State","Montana","MT","ms montana international","Ms. Montana International|Ms Montana International|Ms. Montana International Pageant|Ms. Montana International Organization|Ms. MT International|Montana Ms. International|Ms. International Montana|Montana IPI|IPI Montana|Montana International","false","generated"
"intl-pageants-mt-mrs","intl-pageants","Mrs. Montana International","Mrs.","State","Montana","MT","mrs montana international","Mrs. Montana International|Mrs Montana International|Mrs. Montana International Pageant|Mrs. Montana International Organization|Mrs. MT International|Montana Mrs. International|Mrs. International Montana|Montana IPI|IPI Montana|Montana International","false","generated"
"intl-pageants-mt-teen","intl-pageants","Miss Montana Teen International","Teen","State","Montana","MT","miss montana teen international","Miss Montana Teen International|Miss Montana Teen International Pageant|Miss Montana Teen International Organization|Miss MT Teen International|Montana Miss Teen International|Miss Teen International Montana|Miss Montana's Teen International|Montana IPI|IPI Montana|Montana International","false","generated"
"intl-pageants-mt-jr-teen","intl-pageants","Miss Montana Jr. Teen International","Jr. Teen","State","Montana","MT","miss montana jr teen international","Miss Montana Jr. Teen International|Miss Montana Jr Teen International|Miss Montana Jr. Teen International Pageant|Miss Montana Jr. Teen International Organization|Miss MT Jr. Teen International|Montana Miss Jr. Teen International|Miss Jr. Teen International Montana|Montana IPI|IPI Montana|Montana International","false","generated"
"intl-pageants-ne-miss","intl-pageants","Miss Nebraska International","Miss","State","Nebraska","NE","miss nebraska international","Miss Nebraska International|Miss Nebraska International Pageant|Miss Nebraska International Organization|Miss NE International|Nebraska Miss International|Miss International Nebraska|Nebraska IPI|IPI Nebraska|Nebraska International","false","generated"
"intl-pageants-ne-ms","intl-pageants","Ms. Nebraska International","Ms.","State","Nebraska","NE","ms nebraska international","Ms. Nebraska International|Ms Nebraska International|Ms. Nebraska International Pageant|Ms. Nebraska International Organization|Ms. NE International|Nebraska Ms. International|Ms. International Nebraska|Nebraska IPI|IPI Nebraska|Nebraska International","false","generated"
"intl-pageants-ne-mrs","intl-pageants","Mrs. Nebraska International","Mrs.","State","Nebraska","NE","mrs nebraska international","Mrs. Nebraska International|Mrs Nebraska International|Mrs. Nebraska International Pageant|Mrs. Nebraska International Organization|Mrs. NE International|Nebraska Mrs. International|Mrs. International Nebraska|Nebraska IPI|IPI Nebraska|Nebraska International","false","generated"
"intl-pageants-ne-teen","intl-pageants","Miss Nebraska Teen International","Teen","State","Nebraska","NE","miss nebraska teen international","Miss Nebraska Teen International|Miss Nebraska Teen International Pageant|Miss Nebraska Teen International Organization|Miss NE Teen International|Nebraska Miss Teen International|Miss Teen International Nebraska|Miss Nebraska's Teen International|Nebraska IPI|IPI Nebraska|Nebraska International","false","generated"
"intl-pageants-ne-jr-teen","intl-pageants","Miss Nebraska Jr. Teen International","Jr. Teen","State","Nebraska","NE","miss nebraska jr teen international","Miss Nebraska Jr. Teen International|Miss Nebraska Jr Teen International|Miss Nebraska Jr. Teen International Pageant|Miss Nebraska Jr. Teen International Organization|Miss NE Jr. Teen International|Nebraska Miss Jr. Teen International|Miss Jr. Teen International Nebraska|Nebraska IPI|IPI Nebraska|Nebraska International","false","generated"
"intl-pageants-nv-miss","intl-pageants","Miss Nevada International","Miss","State","Nevada","NV","miss nevada international","Miss Nevada International|Miss Nevada International Pageant|Miss Nevada International Organization|Miss NV International|Nevada Miss International|Miss International Nevada|Nevada IPI|IPI Nevada|Nevada International","false","generated"
"intl-pageants-nv-ms","intl-pageants","Ms. Nevada International","Ms.","State","Nevada","NV","ms nevada international","Ms. Nevada International|Ms Nevada International|Ms. Nevada International Pageant|Ms. Nevada International Organization|Ms. NV International|Nevada Ms. International|Ms. International Nevada|Nevada IPI|IPI Nevada|Nevada International","false","generated"
"intl-pageants-nv-mrs","intl-pageants","Mrs. Nevada International","Mrs.","State","Nevada","NV","mrs nevada international","Mrs. Nevada International|Mrs Nevada International|Mrs. Nevada International Pageant|Mrs. Nevada International Organization|Mrs. NV International|Nevada Mrs. International|Mrs. International Nevada|Nevada IPI|IPI Nevada|Nevada International","false","generated"
"intl-pageants-nv-teen","intl-pageants","Miss Nevada Teen International","Teen","State","Nevada","NV","miss nevada teen international","Miss Nevada Teen International|Miss Nevada Teen International Pageant|Miss Nevada Teen International Organization|Miss NV Teen International|Nevada Miss Teen International|Miss Teen International Nevada|Miss Nevada's Teen International|Nevada IPI|IPI Nevada|Nevada International","false","generated"
"intl-pageants-nv-jr-teen","intl-pageants","Miss Nevada Jr. Teen International","Jr. Teen","State","Nevada","NV","miss nevada jr teen international","Miss Nevada Jr. Teen International|Miss Nevada Jr Teen International|Miss Nevada Jr. Teen International Pageant|Miss Nevada Jr. Teen International Organization|Miss NV Jr. Teen International|Nevada Miss Jr. Teen International|Miss Jr. Teen International Nevada|Nevada IPI|IPI Nevada|Nevada International","false","generated"
"intl-pageants-nh-miss","intl-pageants","Miss New Hampshire International","Miss","State","New Hampshire","NH","miss new hampshire international","Miss New Hampshire International|Miss New Hampshire International Pageant|Miss New Hampshire International Organization|Miss NH International|New Hampshire Miss International|Miss International New Hampshire|New Hampshire IPI|IPI New Hampshire|New Hampshire International","false","generated"
"intl-pageants-nh-ms","intl-pageants","Ms. New Hampshire International","Ms.","State","New Hampshire","NH","ms new hampshire international","Ms. New Hampshire International|Ms New Hampshire International|Ms. New Hampshire International Pageant|Ms. New Hampshire International Organization|Ms. NH International|New Hampshire Ms. International|Ms. International New Hampshire|New Hampshire IPI|IPI New Hampshire|New Hampshire International","false","generated"
"intl-pageants-nh-mrs","intl-pageants","Mrs. New Hampshire International","Mrs.","State","New Hampshire","NH","mrs new hampshire international","Mrs. New Hampshire International|Mrs New Hampshire International|Mrs. New Hampshire International Pageant|Mrs. New Hampshire International Organization|Mrs. NH International|New Hampshire Mrs. International|Mrs. International New Hampshire|New Hampshire IPI|IPI New Hampshire|New Hampshire International","false","generated"
"intl-pageants-nh-teen","intl-pageants","Miss New Hampshire Teen International","Teen","State","New Hampshire","NH","miss new hampshire teen international","Miss New Hampshire Teen International|Miss New Hampshire Teen International Pageant|Miss New Hampshire Teen International Organization|Miss NH Teen International|New Hampshire Miss Teen International|Miss Teen International New Hampshire|Miss New Hampshire's Teen International|New Hampshire IPI|IPI New Hampshire|New Hampshire International","false","generated"
"intl-pageants-nh-jr-teen","intl-pageants","Miss New Hampshire Jr. Teen International","Jr. Teen","State","New Hampshire","NH","miss new hampshire jr teen international","Miss New Hampshire Jr. Teen International|Miss New Hampshire Jr Teen International|Miss New Hampshire Jr. Teen International Pageant|Miss New Hampshire Jr. Teen International Organization|Miss NH Jr. Teen International|New Hampshire Miss Jr. Teen International|Miss Jr. Teen International New Hampshire|New Hampshire IPI|IPI New Hampshire|New Hampshire International","false","generated"
"intl-pageants-nj-miss","intl-pageants","Miss New Jersey International","Miss","State","New Jersey","NJ","miss new jersey international","Miss New Jersey International|Miss New Jersey International Pageant|Miss New Jersey International Organization|Miss NJ International|New Jersey Miss International|Miss International New Jersey|New Jersey IPI|IPI New Jersey|New Jersey International","false","generated"
"intl-pageants-nj-ms","intl-pageants","Ms. New Jersey International","Ms.","State","New Jersey","NJ","ms new jersey international","Ms. New Jersey International|Ms New Jersey International|Ms. New Jersey International Pageant|Ms. New Jersey International Organization|Ms. NJ International|New Jersey Ms. International|Ms. International New Jersey|New Jersey IPI|IPI New Jersey|New Jersey International","false","generated"
"intl-pageants-nj-mrs","intl-pageants","Mrs. New Jersey International","Mrs.","State","New Jersey","NJ","mrs new jersey international","Mrs. New Jersey International|Mrs New Jersey International|Mrs. New Jersey International Pageant|Mrs. New Jersey International Organization|Mrs. NJ International|New Jersey Mrs. International|Mrs. International New Jersey|New Jersey IPI|IPI New Jersey|New Jersey International","false","generated"
"intl-pageants-nj-teen","intl-pageants","Miss New Jersey Teen International","Teen","State","New Jersey","NJ","miss new jersey teen international","Miss New Jersey Teen International|Miss New Jersey Teen International Pageant|Miss New Jersey Teen International Organization|Miss NJ Teen International|New Jersey Miss Teen International|Miss Teen International New Jersey|Miss New Jersey's Teen International|New Jersey IPI|IPI New Jersey|New Jersey International","false","generated"
"intl-pageants-nj-jr-teen","intl-pageants","Miss New Jersey Jr. Teen International","Jr. Teen","State","New Jersey","NJ","miss new jersey jr teen international","Miss New Jersey Jr. Teen International|Miss New Jersey Jr Teen International|Miss New Jersey Jr. Teen International Pageant|Miss New Jersey Jr. Teen International Organization|Miss NJ Jr. Teen International|New Jersey Miss Jr. Teen International|Miss Jr. Teen International New Jersey|New Jersey IPI|IPI New Jersey|New Jersey International","false","generated"
"intl-pageants-nm-miss","intl-pageants","Miss New Mexico International","Miss","State","New Mexico","NM","miss new mexico international","Miss New Mexico International|Miss New Mexico International Pageant|Miss New Mexico International Organization|Miss NM International|New Mexico Miss International|Miss International New Mexico|New Mexico IPI|IPI New Mexico|New Mexico International","false","generated"
"intl-pageants-nm-ms","intl-pageants","Ms. New Mexico International","Ms.","State","New Mexico","NM","ms new mexico international","Ms. New Mexico International|Ms New Mexico International|Ms. New Mexico International Pageant|Ms. New Mexico International Organization|Ms. NM International|New Mexico Ms. International|Ms. International New Mexico|New Mexico IPI|IPI New Mexico|New Mexico International","false","generated"
"intl-pageants-nm-mrs","intl-pageants","Mrs. New Mexico International","Mrs.","State","New Mexico","NM","mrs new mexico international","Mrs. New Mexico International|Mrs New Mexico International|Mrs. New Mexico International Pageant|Mrs. New Mexico International Organization|Mrs. NM International|New Mexico Mrs. International|Mrs. International New Mexico|New Mexico IPI|IPI New Mexico|New Mexico International","false","generated"
"intl-pageants-nm-teen","intl-pageants","Miss New Mexico Teen International","Teen","State","New Mexico","NM","miss new mexico teen international","Miss New Mexico Teen International|Miss New Mexico Teen International Pageant|Miss New Mexico Teen International Organization|Miss NM Teen International|New Mexico Miss Teen International|Miss Teen International New Mexico|Miss New Mexico's Teen International|New Mexico IPI|IPI New Mexico|New Mexico International","false","generated"
"intl-pageants-nm-jr-teen","intl-pageants","Miss New Mexico Jr. Teen International","Jr. Teen","State","New Mexico","NM","miss new mexico jr teen international","Miss New Mexico Jr. Teen International|Miss New Mexico Jr Teen International|Miss New Mexico Jr. Teen International Pageant|Miss New Mexico Jr. Teen International Organization|Miss NM Jr. Teen International|New Mexico Miss Jr. Teen International|Miss Jr. Teen International New Mexico|New Mexico IPI|IPI New Mexico|New Mexico International","false","generated"
"intl-pageants-ny-miss","intl-pageants","Miss New York International","Miss","State","New York","NY","miss new york international","Miss New York International|Miss New York International Pageant|Miss New York International Organization|Miss NY International|New York Miss International|Miss International New York|New York IPI|IPI New York|New York International","false","generated"
"intl-pageants-ny-ms","intl-pageants","Ms. New York International","Ms.","State","New York","NY","ms new york international","Ms. New York International|Ms New York International|Ms. New York International Pageant|Ms. New York International Organization|Ms. NY International|New York Ms. International|Ms. International New York|New York IPI|IPI New York|New York International","false","generated"
"intl-pageants-ny-mrs","intl-pageants","Mrs. New York International","Mrs.","State","New York","NY","mrs new york international","Mrs. New York International|Mrs New York International|Mrs. New York International Pageant|Mrs. New York International Organization|Mrs. NY International|New York Mrs. International|Mrs. International New York|New York IPI|IPI New York|New York International","false","generated"
"intl-pageants-ny-teen","intl-pageants","Miss New York Teen International","Teen","State","New York","NY","miss new york teen international","Miss New York Teen International|Miss New York Teen International Pageant|Miss New York Teen International Organization|Miss NY Teen International|New York Miss Teen International|Miss Teen International New York|Miss New York's Teen International|New York IPI|IPI New York|New York International","false","generated"
"intl-pageants-ny-jr-teen","intl-pageants","Miss New York Jr. Teen International","Jr. Teen","State","New York","NY","miss new york jr teen international","Miss New York Jr. Teen International|Miss New York Jr Teen International|Miss New York Jr. Teen International Pageant|Miss New York Jr. Teen International Organization|Miss NY Jr. Teen International|New York Miss Jr. Teen International|Miss Jr. Teen International New York|New York IPI|IPI New York|New York International","false","generated"
"intl-pageants-nc-miss","intl-pageants","Miss North Carolina International","Miss","State","North Carolina","NC","miss north carolina international","Miss North Carolina International|Miss North Carolina International Pageant|Miss North Carolina International Organization|Miss NC International|North Carolina Miss International|Miss International North Carolina|North Carolina IPI|IPI North Carolina|North Carolina International","false","generated"
"intl-pageants-nc-ms","intl-pageants","Ms. North Carolina International","Ms.","State","North Carolina","NC","ms north carolina international","Ms. North Carolina International|Ms North Carolina International|Ms. North Carolina International Pageant|Ms. North Carolina International Organization|Ms. NC International|North Carolina Ms. International|Ms. International North Carolina|North Carolina IPI|IPI North Carolina|North Carolina International","false","generated"
"intl-pageants-nc-mrs","intl-pageants","Mrs. North Carolina International","Mrs.","State","North Carolina","NC","mrs north carolina international","Mrs. North Carolina International|Mrs North Carolina International|Mrs. North Carolina International Pageant|Mrs. North Carolina International Organization|Mrs. NC International|North Carolina Mrs. International|Mrs. International North Carolina|North Carolina IPI|IPI North Carolina|North Carolina International","false","generated"
"intl-pageants-nc-teen","intl-pageants","Miss North Carolina Teen International","Teen","State","North Carolina","NC","miss north carolina teen international","Miss North Carolina Teen International|Miss North Carolina Teen International Pageant|Miss North Carolina Teen International Organization|Miss NC Teen International|North Carolina Miss Teen International|Miss Teen International North Carolina|Miss North Carolina's Teen International|North Carolina IPI|IPI North Carolina|North Carolina International","false","generated"
"intl-pageants-nc-jr-teen","intl-pageants","Miss North Carolina Jr. Teen International","Jr. Teen","State","North Carolina","NC","miss north carolina jr teen international","Miss North Carolina Jr. Teen International|Miss North Carolina Jr Teen International|Miss North Carolina Jr. Teen International Pageant|Miss North Carolina Jr. Teen International Organization|Miss NC Jr. Teen International|North Carolina Miss Jr. Teen International|Miss Jr. Teen International North Carolina|North Carolina IPI|IPI North Carolina|North Carolina International","false","generated"
"intl-pageants-nd-miss","intl-pageants","Miss North Dakota International","Miss","State","North Dakota","ND","miss north dakota international","Miss North Dakota International|Miss North Dakota International Pageant|Miss North Dakota International Organization|Miss ND International|North Dakota Miss International|Miss International North Dakota|North Dakota IPI|IPI North Dakota|North Dakota International","false","generated"
"intl-pageants-nd-ms","intl-pageants","Ms. North Dakota International","Ms.","State","North Dakota","ND","ms north dakota international","Ms. North Dakota International|Ms North Dakota International|Ms. North Dakota International Pageant|Ms. North Dakota International Organization|Ms. ND International|North Dakota Ms. International|Ms. International North Dakota|North Dakota IPI|IPI North Dakota|North Dakota International","false","generated"
"intl-pageants-nd-mrs","intl-pageants","Mrs. North Dakota International","Mrs.","State","North Dakota","ND","mrs north dakota international","Mrs. North Dakota International|Mrs North Dakota International|Mrs. North Dakota International Pageant|Mrs. North Dakota International Organization|Mrs. ND International|North Dakota Mrs. International|Mrs. International North Dakota|North Dakota IPI|IPI North Dakota|North Dakota International","false","generated"
"intl-pageants-nd-teen","intl-pageants","Miss North Dakota Teen International","Teen","State","North Dakota","ND","miss north dakota teen international","Miss North Dakota Teen International|Miss North Dakota Teen International Pageant|Miss North Dakota Teen International Organization|Miss ND Teen International|North Dakota Miss Teen International|Miss Teen International North Dakota|Miss North Dakota's Teen International|North Dakota IPI|IPI North Dakota|North Dakota International","false","generated"
"intl-pageants-nd-jr-teen","intl-pageants","Miss North Dakota Jr. Teen International","Jr. Teen","State","North Dakota","ND","miss north dakota jr teen international","Miss North Dakota Jr. Teen International|Miss North Dakota Jr Teen International|Miss North Dakota Jr. Teen International Pageant|Miss North Dakota Jr. Teen International Organization|Miss ND Jr. Teen International|North Dakota Miss Jr. Teen International|Miss Jr. Teen International North Dakota|North Dakota IPI|IPI North Dakota|North Dakota International","false","generated"
"intl-pageants-oh-miss","intl-pageants","Miss Ohio International","Miss","State","Ohio","OH","miss ohio international","Miss Ohio International|Miss Ohio International Pageant|Miss Ohio International Organization|Miss OH International|Ohio Miss International|Miss International Ohio|Ohio IPI|IPI Ohio|Ohio International","false","generated"
"intl-pageants-oh-ms","intl-pageants","Ms. Ohio International","Ms.","State","Ohio","OH","ms ohio international","Ms. Ohio International|Ms Ohio International|Ms. Ohio International Pageant|Ms. Ohio International Organization|Ms. OH International|Ohio Ms. International|Ms. International Ohio|Ohio IPI|IPI Ohio|Ohio International","false","generated"
"intl-pageants-oh-mrs","intl-pageants","Mrs. Ohio International","Mrs.","State","Ohio","OH","mrs ohio international","Mrs. Ohio International|Mrs Ohio International|Mrs. Ohio International Pageant|Mrs. Ohio International Organization|Mrs. OH International|Ohio Mrs. International|Mrs. International Ohio|Ohio IPI|IPI Ohio|Ohio International","false","generated"
"intl-pageants-oh-teen","intl-pageants","Miss Ohio Teen International","Teen","State","Ohio","OH","miss ohio teen international","Miss Ohio Teen International|Miss Ohio Teen International Pageant|Miss Ohio Teen International Organization|Miss OH Teen International|Ohio Miss Teen International|Miss Teen International Ohio|Miss Ohio's Teen International|Ohio IPI|IPI Ohio|Ohio International","false","generated"
"intl-pageants-oh-jr-teen","intl-pageants","Miss Ohio Jr. Teen International","Jr. Teen","State","Ohio","OH","miss ohio jr teen international","Miss Ohio Jr. Teen International|Miss Ohio Jr Teen International|Miss Ohio Jr. Teen International Pageant|Miss Ohio Jr. Teen International Organization|Miss OH Jr. Teen International|Ohio Miss Jr. Teen International|Miss Jr. Teen International Ohio|Ohio IPI|IPI Ohio|Ohio International","false","generated"
"intl-pageants-ok-miss","intl-pageants","Miss Oklahoma International","Miss","State","Oklahoma","OK","miss oklahoma international","Miss Oklahoma International|Miss Oklahoma International Pageant|Miss Oklahoma International Organization|Miss OK International|Oklahoma Miss International|Miss International Oklahoma|Oklahoma IPI|IPI Oklahoma|Oklahoma International","false","generated"
"intl-pageants-ok-ms","intl-pageants","Ms. Oklahoma International","Ms.","State","Oklahoma","OK","ms oklahoma international","Ms. Oklahoma International|Ms Oklahoma International|Ms. Oklahoma International Pageant|Ms. Oklahoma International Organization|Ms. OK International|Oklahoma Ms. International|Ms. International Oklahoma|Oklahoma IPI|IPI Oklahoma|Oklahoma International","false","generated"
"intl-pageants-ok-mrs","intl-pageants","Mrs. Oklahoma International","Mrs.","State","Oklahoma","OK","mrs oklahoma international","Mrs. Oklahoma International|Mrs Oklahoma International|Mrs. Oklahoma International Pageant|Mrs. Oklahoma International Organization|Mrs. OK International|Oklahoma Mrs. International|Mrs. International Oklahoma|Oklahoma IPI|IPI Oklahoma|Oklahoma International","false","generated"
"intl-pageants-ok-teen","intl-pageants","Miss Oklahoma Teen International","Teen","State","Oklahoma","OK","miss oklahoma teen international","Miss Oklahoma Teen International|Miss Oklahoma Teen International Pageant|Miss Oklahoma Teen International Organization|Miss OK Teen International|Oklahoma Miss Teen International|Miss Teen International Oklahoma|Miss Oklahoma's Teen International|Oklahoma IPI|IPI Oklahoma|Oklahoma International","false","generated"
"intl-pageants-ok-jr-teen","intl-pageants","Miss Oklahoma Jr. Teen International","Jr. Teen","State","Oklahoma","OK","miss oklahoma jr teen international","Miss Oklahoma Jr. Teen International|Miss Oklahoma Jr Teen International|Miss Oklahoma Jr. Teen International Pageant|Miss Oklahoma Jr. Teen International Organization|Miss OK Jr. Teen International|Oklahoma Miss Jr. Teen International|Miss Jr. Teen International Oklahoma|Oklahoma IPI|IPI Oklahoma|Oklahoma International","false","generated"
"intl-pageants-or-miss","intl-pageants","Miss Oregon International","Miss","State","Oregon","OR","miss oregon international","Miss Oregon International|Miss Oregon International Pageant|Miss Oregon International Organization|Miss OR International|Oregon Miss International|Miss International Oregon|Oregon IPI|IPI Oregon|Oregon International","false","generated"
"intl-pageants-or-ms","intl-pageants","Ms. Oregon International","Ms.","State","Oregon","OR","ms oregon international","Ms. Oregon International|Ms Oregon International|Ms. Oregon International Pageant|Ms. Oregon International Organization|Ms. OR International|Oregon Ms. International|Ms. International Oregon|Oregon IPI|IPI Oregon|Oregon International","false","generated"
"intl-pageants-or-mrs","intl-pageants","Mrs. Oregon International","Mrs.","State","Oregon","OR","mrs oregon international","Mrs. Oregon International|Mrs Oregon International|Mrs. Oregon International Pageant|Mrs. Oregon International Organization|Mrs. OR International|Oregon Mrs. International|Mrs. International Oregon|Oregon IPI|IPI Oregon|Oregon International","false","generated"
"intl-pageants-or-teen","intl-pageants","Miss Oregon Teen International","Teen","State","Oregon","OR","miss oregon teen international","Miss Oregon Teen International|Miss Oregon Teen International Pageant|Miss Oregon Teen International Organization|Miss OR Teen International|Oregon Miss Teen International|Miss Teen International Oregon|Miss Oregon's Teen International|Oregon IPI|IPI Oregon|Oregon International","false","generated"
"intl-pageants-or-jr-teen","intl-pageants","Miss Oregon Jr. Teen International","Jr. Teen","State","Oregon","OR","miss oregon jr teen international","Miss Oregon Jr. Teen International|Miss Oregon Jr Teen International|Miss Oregon Jr. Teen International Pageant|Miss Oregon Jr. Teen International Organization|Miss OR Jr. Teen International|Oregon Miss Jr. Teen International|Miss Jr. Teen International Oregon|Oregon IPI|IPI Oregon|Oregon International","false","generated"
"intl-pageants-pa-miss","intl-pageants","Miss Pennsylvania International","Miss","State","Pennsylvania","PA","miss pennsylvania international","Miss Pennsylvania International|Miss Pennsylvania International Pageant|Miss Pennsylvania International Organization|Miss PA International|Pennsylvania Miss International|Miss International Pennsylvania|Pennsylvania IPI|IPI Pennsylvania|Pennsylvania International","false","generated"
"intl-pageants-pa-ms","intl-pageants","Ms. Pennsylvania International","Ms.","State","Pennsylvania","PA","ms pennsylvania international","Ms. Pennsylvania International|Ms Pennsylvania International|Ms. Pennsylvania International Pageant|Ms. Pennsylvania International Organization|Ms. PA International|Pennsylvania Ms. International|Ms. International Pennsylvania|Pennsylvania IPI|IPI Pennsylvania|Pennsylvania International","false","generated"
"intl-pageants-pa-mrs","intl-pageants","Mrs. Pennsylvania International","Mrs.","State","Pennsylvania","PA","mrs pennsylvania international","Mrs. Pennsylvania International|Mrs Pennsylvania International|Mrs. Pennsylvania International Pageant|Mrs. Pennsylvania International Organization|Mrs. PA International|Pennsylvania Mrs. International|Mrs. International Pennsylvania|Pennsylvania IPI|IPI Pennsylvania|Pennsylvania International","false","generated"
"intl-pageants-pa-teen","intl-pageants","Miss Pennsylvania Teen International","Teen","State","Pennsylvania","PA","miss pennsylvania teen international","Miss Pennsylvania Teen International|Miss Pennsylvania Teen International Pageant|Miss Pennsylvania Teen International Organization|Miss PA Teen International|Pennsylvania Miss Teen International|Miss Teen International Pennsylvania|Miss Pennsylvania's Teen International|Pennsylvania IPI|IPI Pennsylvania|Pennsylvania International","false","generated"
"intl-pageants-pa-jr-teen","intl-pageants","Miss Pennsylvania Jr. Teen International","Jr. Teen","State","Pennsylvania","PA","miss pennsylvania jr teen international","Miss Pennsylvania Jr. Teen International|Miss Pennsylvania Jr Teen International|Miss Pennsylvania Jr. Teen International Pageant|Miss Pennsylvania Jr. Teen International Organization|Miss PA Jr. Teen International|Pennsylvania Miss Jr. Teen International|Miss Jr. Teen International Pennsylvania|Pennsylvania IPI|IPI Pennsylvania|Pennsylvania International","false","generated"
"intl-pageants-ri-miss","intl-pageants","Miss Rhode Island International","Miss","State","Rhode Island","RI","miss rhode island international","Miss Rhode Island International|Miss Rhode Island International Pageant|Miss Rhode Island International Organization|Miss RI International|Rhode Island Miss International|Miss International Rhode Island|Rhode Island IPI|IPI Rhode Island|Rhode Island International","false","generated"
"intl-pageants-ri-ms","intl-pageants","Ms. Rhode Island International","Ms.","State","Rhode Island","RI","ms rhode island international","Ms. Rhode Island International|Ms Rhode Island International|Ms. Rhode Island International Pageant|Ms. Rhode Island International Organization|Ms. RI International|Rhode Island Ms. International|Ms. International Rhode Island|Rhode Island IPI|IPI Rhode Island|Rhode Island International","false","generated"
"intl-pageants-ri-mrs","intl-pageants","Mrs. Rhode Island International","Mrs.","State","Rhode Island","RI","mrs rhode island international","Mrs. Rhode Island International|Mrs Rhode Island International|Mrs. Rhode Island International Pageant|Mrs. Rhode Island International Organization|Mrs. RI International|Rhode Island Mrs. International|Mrs. International Rhode Island|Rhode Island IPI|IPI Rhode Island|Rhode Island International","false","generated"
"intl-pageants-ri-teen","intl-pageants","Miss Rhode Island Teen International","Teen","State","Rhode Island","RI","miss rhode island teen international","Miss Rhode Island Teen International|Miss Rhode Island Teen International Pageant|Miss Rhode Island Teen International Organization|Miss RI Teen International|Rhode Island Miss Teen International|Miss Teen International Rhode Island|Miss Rhode Island's Teen International|Rhode Island IPI|IPI Rhode Island|Rhode Island International","false","generated"
"intl-pageants-ri-jr-teen","intl-pageants","Miss Rhode Island Jr. Teen International","Jr. Teen","State","Rhode Island","RI","miss rhode island jr teen international","Miss Rhode Island Jr. Teen International|Miss Rhode Island Jr Teen International|Miss Rhode Island Jr. Teen International Pageant|Miss Rhode Island Jr. Teen International Organization|Miss RI Jr. Teen International|Rhode Island Miss Jr. Teen International|Miss Jr. Teen International Rhode Island|Rhode Island IPI|IPI Rhode Island|Rhode Island International","false","generated"
"intl-pageants-sc-miss","intl-pageants","Miss South Carolina International","Miss","State","South Carolina","SC","miss south carolina international","Miss South Carolina International|Miss South Carolina International Pageant|Miss South Carolina International Organization|Miss SC International|South Carolina Miss International|Miss International South Carolina|South Carolina IPI|IPI South Carolina|South Carolina International","false","generated"
"intl-pageants-sc-ms","intl-pageants","Ms. South Carolina International","Ms.","State","South Carolina","SC","ms south carolina international","Ms. South Carolina International|Ms South Carolina International|Ms. South Carolina International Pageant|Ms. South Carolina International Organization|Ms. SC International|South Carolina Ms. International|Ms. International South Carolina|South Carolina IPI|IPI South Carolina|South Carolina International","false","generated"
"intl-pageants-sc-mrs","intl-pageants","Mrs. South Carolina International","Mrs.","State","South Carolina","SC","mrs south carolina international","Mrs. South Carolina International|Mrs South Carolina International|Mrs. South Carolina International Pageant|Mrs. South Carolina International Organization|Mrs. SC International|South Carolina Mrs. International|Mrs. International South Carolina|South Carolina IPI|IPI South Carolina|South Carolina International","false","generated"
"intl-pageants-sc-teen","intl-pageants","Miss South Carolina Teen International","Teen","State","South Carolina","SC","miss south carolina teen international","Miss South Carolina Teen International|Miss South Carolina Teen International Pageant|Miss South Carolina Teen International Organization|Miss SC Teen International|South Carolina Miss Teen International|Miss Teen International South Carolina|Miss South Carolina's Teen International|South Carolina IPI|IPI South Carolina|South Carolina International","false","generated"
"intl-pageants-sc-jr-teen","intl-pageants","Miss South Carolina Jr. Teen International","Jr. Teen","State","South Carolina","SC","miss south carolina jr teen international","Miss South Carolina Jr. Teen International|Miss South Carolina Jr Teen International|Miss South Carolina Jr. Teen International Pageant|Miss South Carolina Jr. Teen International Organization|Miss SC Jr. Teen International|South Carolina Miss Jr. Teen International|Miss Jr. Teen International South Carolina|South Carolina IPI|IPI South Carolina|South Carolina International","false","generated"
"intl-pageants-sd-miss","intl-pageants","Miss South Dakota International","Miss","State","South Dakota","SD","miss south dakota international","Miss South Dakota International|Miss South Dakota International Pageant|Miss South Dakota International Organization|Miss SD International|South Dakota Miss International|Miss International South Dakota|South Dakota IPI|IPI South Dakota|South Dakota International","false","generated"
"intl-pageants-sd-ms","intl-pageants","Ms. South Dakota International","Ms.","State","South Dakota","SD","ms south dakota international","Ms. South Dakota International|Ms South Dakota International|Ms. South Dakota International Pageant|Ms. South Dakota International Organization|Ms. SD International|South Dakota Ms. International|Ms. International South Dakota|South Dakota IPI|IPI South Dakota|South Dakota International","false","generated"
"intl-pageants-sd-mrs","intl-pageants","Mrs. South Dakota International","Mrs.","State","South Dakota","SD","mrs south dakota international","Mrs. South Dakota International|Mrs South Dakota International|Mrs. South Dakota International Pageant|Mrs. South Dakota International Organization|Mrs. SD International|South Dakota Mrs. International|Mrs. International South Dakota|South Dakota IPI|IPI South Dakota|South Dakota International","false","generated"
"intl-pageants-sd-teen","intl-pageants","Miss South Dakota Teen International","Teen","State","South Dakota","SD","miss south dakota teen international","Miss South Dakota Teen International|Miss South Dakota Teen International Pageant|Miss South Dakota Teen International Organization|Miss SD Teen International|South Dakota Miss Teen International|Miss Teen International South Dakota|Miss South Dakota's Teen International|South Dakota IPI|IPI South Dakota|South Dakota International","false","generated"
"intl-pageants-sd-jr-teen","intl-pageants","Miss South Dakota Jr. Teen International","Jr. Teen","State","South Dakota","SD","miss south dakota jr teen international","Miss South Dakota Jr. Teen International|Miss South Dakota Jr Teen International|Miss South Dakota Jr. Teen International Pageant|Miss South Dakota Jr. Teen International Organization|Miss SD Jr. Teen International|South Dakota Miss Jr. Teen International|Miss Jr. Teen International South Dakota|South Dakota IPI|IPI South Dakota|South Dakota International","false","generated"
"intl-pageants-tn-miss","intl-pageants","Miss Tennessee International","Miss","State","Tennessee","TN","miss tennessee international","Miss Tennessee International|Miss Tennessee International Pageant|Miss Tennessee International Organization|Miss TN International|Tennessee Miss International|Miss International Tennessee|Tennessee IPI|IPI Tennessee|Tennessee International","false","generated"
"intl-pageants-tn-ms","intl-pageants","Ms. Tennessee International","Ms.","State","Tennessee","TN","ms tennessee international","Ms. Tennessee International|Ms Tennessee International|Ms. Tennessee International Pageant|Ms. Tennessee International Organization|Ms. TN International|Tennessee Ms. International|Ms. International Tennessee|Tennessee IPI|IPI Tennessee|Tennessee International","false","generated"
"intl-pageants-tn-mrs","intl-pageants","Mrs. Tennessee International","Mrs.","State","Tennessee","TN","mrs tennessee international","Mrs. Tennessee International|Mrs Tennessee International|Mrs. Tennessee International Pageant|Mrs. Tennessee International Organization|Mrs. TN International|Tennessee Mrs. International|Mrs. International Tennessee|Tennessee IPI|IPI Tennessee|Tennessee International","false","generated"
"intl-pageants-tn-teen","intl-pageants","Miss Tennessee Teen International","Teen","State","Tennessee","TN","miss tennessee teen international","Miss Tennessee Teen International|Miss Tennessee Teen International Pageant|Miss Tennessee Teen International Organization|Miss TN Teen International|Tennessee Miss Teen International|Miss Teen International Tennessee|Miss Tennessee's Teen International|Tennessee IPI|IPI Tennessee|Tennessee International","false","generated"
"intl-pageants-tn-jr-teen","intl-pageants","Miss Tennessee Jr. Teen International","Jr. Teen","State","Tennessee","TN","miss tennessee jr teen international","Miss Tennessee Jr. Teen International|Miss Tennessee Jr Teen International|Miss Tennessee Jr. Teen International Pageant|Miss Tennessee Jr. Teen International Organization|Miss TN Jr. Teen International|Tennessee Miss Jr. Teen International|Miss Jr. Teen International Tennessee|Tennessee IPI|IPI Tennessee|Tennessee International","false","generated"
"intl-pageants-tx-miss","intl-pageants","Miss Texas International","Miss","State","Texas","TX","miss texas international","Miss Texas International|Miss Texas International Pageant|Miss Texas International Organization|Miss TX International|Texas Miss International|Miss International Texas|Texas IPI|IPI Texas|Texas International","false","generated"
"intl-pageants-tx-ms","intl-pageants","Ms. Texas International","Ms.","State","Texas","TX","ms texas international","Ms. Texas International|Ms Texas International|Ms. Texas International Pageant|Ms. Texas International Organization|Ms. TX International|Texas Ms. International|Ms. International Texas|Texas IPI|IPI Texas|Texas International","false","generated"
"intl-pageants-tx-mrs","intl-pageants","Mrs. Texas International","Mrs.","State","Texas","TX","mrs texas international","Mrs. Texas International|Mrs Texas International|Mrs. Texas International Pageant|Mrs. Texas International Organization|Mrs. TX International|Texas Mrs. International|Mrs. International Texas|Texas IPI|IPI Texas|Texas International","false","generated"
"intl-pageants-tx-teen","intl-pageants","Miss Texas Teen International","Teen","State","Texas","TX","miss texas teen international","Miss Texas Teen International|Miss Texas Teen International Pageant|Miss Texas Teen International Organization|Miss TX Teen International|Texas Miss Teen International|Miss Teen International Texas|Miss Texas's Teen International|Texas IPI|IPI Texas|Texas International","false","generated"
"intl-pageants-tx-jr-teen","intl-pageants","Miss Texas Jr. Teen International","Jr. Teen","State","Texas","TX","miss texas jr teen international","Miss Texas Jr. Teen International|Miss Texas Jr Teen International|Miss Texas Jr. Teen International Pageant|Miss Texas Jr. Teen International Organization|Miss TX Jr. Teen International|Texas Miss Jr. Teen International|Miss Jr. Teen International Texas|Texas IPI|IPI Texas|Texas International","false","generated"
"intl-pageants-ut-miss","intl-pageants","Miss Utah International","Miss","State","Utah","UT","miss utah international","Miss Utah International|Miss Utah International Pageant|Miss Utah International Organization|Miss UT International|Utah Miss International|Miss International Utah|Utah IPI|IPI Utah|Utah International","false","generated"
"intl-pageants-ut-ms","intl-pageants","Ms. Utah International","Ms.","State","Utah","UT","ms utah international","Ms. Utah International|Ms Utah International|Ms. Utah International Pageant|Ms. Utah International Organization|Ms. UT International|Utah Ms. International|Ms. International Utah|Utah IPI|IPI Utah|Utah International","false","generated"
"intl-pageants-ut-mrs","intl-pageants","Mrs. Utah International","Mrs.","State","Utah","UT","mrs utah international","Mrs. Utah International|Mrs Utah International|Mrs. Utah International Pageant|Mrs. Utah International Organization|Mrs. UT International|Utah Mrs. International|Mrs. International Utah|Utah IPI|IPI Utah|Utah International","false","generated"
"intl-pageants-ut-teen","intl-pageants","Miss Utah Teen International","Teen","State","Utah","UT","miss utah teen international","Miss Utah Teen International|Miss Utah Teen International Pageant|Miss Utah Teen International Organization|Miss UT Teen International|Utah Miss Teen International|Miss Teen International Utah|Miss Utah's Teen International|Utah IPI|IPI Utah|Utah International","false","generated"
"intl-pageants-ut-jr-teen","intl-pageants","Miss Utah Jr. Teen International","Jr. Teen","State","Utah","UT","miss utah jr teen international","Miss Utah Jr. Teen International|Miss Utah Jr Teen International|Miss Utah Jr. Teen International Pageant|Miss Utah Jr. Teen International Organization|Miss UT Jr. Teen International|Utah Miss Jr. Teen International|Miss Jr. Teen International Utah|Utah IPI|IPI Utah|Utah International","false","generated"
"intl-pageants-vt-miss","intl-pageants","Miss Vermont International","Miss","State","Vermont","VT","miss vermont international","Miss Vermont International|Miss Vermont International Pageant|Miss Vermont International Organization|Miss VT International|Vermont Miss International|Miss International Vermont|Vermont IPI|IPI Vermont|Vermont International","false","generated"
"intl-pageants-vt-ms","intl-pageants","Ms. Vermont International","Ms.","State","Vermont","VT","ms vermont international","Ms. Vermont International|Ms Vermont International|Ms. Vermont International Pageant|Ms. Vermont International Organization|Ms. VT International|Vermont Ms. International|Ms. International Vermont|Vermont IPI|IPI Vermont|Vermont International","false","generated"
"intl-pageants-vt-mrs","intl-pageants","Mrs. Vermont International","Mrs.","State","Vermont","VT","mrs vermont international","Mrs. Vermont International|Mrs Vermont International|Mrs. Vermont International Pageant|Mrs. Vermont International Organization|Mrs. VT International|Vermont Mrs. International|Mrs. International Vermont|Vermont IPI|IPI Vermont|Vermont International","false","generated"
"intl-pageants-vt-teen","intl-pageants","Miss Vermont Teen International","Teen","State","Vermont","VT","miss vermont teen international","Miss Vermont Teen International|Miss Vermont Teen International Pageant|Miss Vermont Teen International Organization|Miss VT Teen International|Vermont Miss Teen International|Miss Teen International Vermont|Miss Vermont's Teen International|Vermont IPI|IPI Vermont|Vermont International","false","generated"
"intl-pageants-vt-jr-teen","intl-pageants","Miss Vermont Jr. Teen International","Jr. Teen","State","Vermont","VT","miss vermont jr teen international","Miss Vermont Jr. Teen International|Miss Vermont Jr Teen International|Miss Vermont Jr. Teen International Pageant|Miss Vermont Jr. Teen International Organization|Miss VT Jr. Teen International|Vermont Miss Jr. Teen International|Miss Jr. Teen International Vermont|Vermont IPI|IPI Vermont|Vermont International","false","generated"
"intl-pageants-va-miss","intl-pageants","Miss Virginia International","Miss","State","Virginia","VA","miss virginia international","Miss Virginia International|Miss Virginia International Pageant|Miss Virginia International Organization|Miss VA International|Virginia Miss International|Miss International Virginia|Virginia IPI|IPI Virginia|Virginia International","false","generated"
"intl-pageants-va-ms","intl-pageants","Ms. Virginia International","Ms.","State","Virginia","VA","ms virginia international","Ms. Virginia International|Ms Virginia International|Ms. Virginia International Pageant|Ms. Virginia International Organization|Ms. VA International|Virginia Ms. International|Ms. International Virginia|Virginia IPI|IPI Virginia|Virginia International","false","generated"
"intl-pageants-va-mrs","intl-pageants","Mrs. Virginia International","Mrs.","State","Virginia","VA","mrs virginia international","Mrs. Virginia International|Mrs Virginia International|Mrs. Virginia International Pageant|Mrs. Virginia International Organization|Mrs. VA International|Virginia Mrs. International|Mrs. International Virginia|Virginia IPI|IPI Virginia|Virginia International","false","generated"
"intl-pageants-va-teen","intl-pageants","Miss Virginia Teen International","Teen","State","Virginia","VA","miss virginia teen international","Miss Virginia Teen International|Miss Virginia Teen International Pageant|Miss Virginia Teen International Organization|Miss VA Teen International|Virginia Miss Teen International|Miss Teen International Virginia|Miss Virginia's Teen International|Virginia IPI|IPI Virginia|Virginia International","false","generated"
"intl-pageants-va-jr-teen","intl-pageants","Miss Virginia Jr. Teen International","Jr. Teen","State","Virginia","VA","miss virginia jr teen international","Miss Virginia Jr. Teen International|Miss Virginia Jr Teen International|Miss Virginia Jr. Teen International Pageant|Miss Virginia Jr. Teen International Organization|Miss VA Jr. Teen International|Virginia Miss Jr. Teen International|Miss Jr. Teen International Virginia|Virginia IPI|IPI Virginia|Virginia International","false","generated"
"intl-pageants-wa-miss","intl-pageants","Miss Washington International","Miss","State","Washington","WA","miss washington international","Miss Washington International|Miss Washington International Pageant|Miss Washington International Organization|Miss WA International|Washington Miss International|Miss International Washington|Washington IPI|IPI Washington|Washington International","false","generated"
"intl-pageants-wa-ms","intl-pageants","Ms. Washington International","Ms.","State","Washington","WA","ms washington international","Ms. Washington International|Ms Washington International|Ms. Washington International Pageant|Ms. Washington International Organization|Ms. WA International|Washington Ms. International|Ms. International Washington|Washington IPI|IPI Washington|Washington International","false","generated"
"intl-pageants-wa-mrs","intl-pageants","Mrs. Washington International","Mrs.","State","Washington","WA","mrs washington international","Mrs. Washington International|Mrs Washington International|Mrs. Washington International Pageant|Mrs. Washington International Organization|Mrs. WA International|Washington Mrs. International|Mrs. International Washington|Washington IPI|IPI Washington|Washington International","false","generated"
"intl-pageants-wa-teen","intl-pageants","Miss Washington Teen International","Teen","State","Washington","WA","miss washington teen international","Miss Washington Teen International|Miss Washington Teen International Pageant|Miss Washington Teen International Organization|Miss WA Teen International|Washington Miss Teen International|Miss Teen International Washington|Miss Washington's Teen International|Washington IPI|IPI Washington|Washington International","false","generated"
"intl-pageants-wa-jr-teen","intl-pageants","Miss Washington Jr. Teen International","Jr. Teen","State","Washington","WA","miss washington jr teen international","Miss Washington Jr. Teen International|Miss Washington Jr Teen International|Miss Washington Jr. Teen International Pageant|Miss Washington Jr. Teen International Organization|Miss WA Jr. Teen International|Washington Miss Jr. Teen International|Miss Jr. Teen International Washington|Washington IPI|IPI Washington|Washington International","false","generated"
"intl-pageants-wv-miss","intl-pageants","Miss West Virginia International","Miss","State","West Virginia","WV","miss west virginia international","Miss West Virginia International|Miss West Virginia International Pageant|Miss West Virginia International Organization|Miss WV International|West Virginia Miss International|Miss International West Virginia|West Virginia IPI|IPI West Virginia|West Virginia International","false","generated"
"intl-pageants-wv-ms","intl-pageants","Ms. West Virginia International","Ms.","State","West Virginia","WV","ms west virginia international","Ms. West Virginia International|Ms West Virginia International|Ms. West Virginia International Pageant|Ms. West Virginia International Organization|Ms. WV International|West Virginia Ms. International|Ms. International West Virginia|West Virginia IPI|IPI West Virginia|West Virginia International","false","generated"
"intl-pageants-wv-mrs","intl-pageants","Mrs. West Virginia International","Mrs.","State","West Virginia","WV","mrs west virginia international","Mrs. West Virginia International|Mrs West Virginia International|Mrs. West Virginia International Pageant|Mrs. West Virginia International Organization|Mrs. WV International|West Virginia Mrs. International|Mrs. International West Virginia|West Virginia IPI|IPI West Virginia|West Virginia International","false","generated"
"intl-pageants-wv-teen","intl-pageants","Miss West Virginia Teen International","Teen","State","West Virginia","WV","miss west virginia teen international","Miss West Virginia Teen International|Miss West Virginia Teen International Pageant|Miss West Virginia Teen International Organization|Miss WV Teen International|West Virginia Miss Teen International|Miss Teen International West Virginia|Miss West Virginia's Teen International|West Virginia IPI|IPI West Virginia|West Virginia International","false","generated"
"intl-pageants-wv-jr-teen","intl-pageants","Miss West Virginia Jr. Teen International","Jr. Teen","State","West Virginia","WV","miss west virginia jr teen international","Miss West Virginia Jr. Teen International|Miss West Virginia Jr Teen International|Miss West Virginia Jr. Teen International Pageant|Miss West Virginia Jr. Teen International Organization|Miss WV Jr. Teen International|West Virginia Miss Jr. Teen International|Miss Jr. Teen International West Virginia|West Virginia IPI|IPI West Virginia|West Virginia International","false","generated"
"intl-pageants-wi-miss","intl-pageants","Miss Wisconsin International","Miss","State","Wisconsin","WI","miss wisconsin international","Miss Wisconsin International|Miss Wisconsin International Pageant|Miss Wisconsin International Organization|Miss WI International|Wisconsin Miss International|Miss International Wisconsin|Wisconsin IPI|IPI Wisconsin|Wisconsin International","false","generated"
"intl-pageants-wi-ms","intl-pageants","Ms. Wisconsin International","Ms.","State","Wisconsin","WI","ms wisconsin international","Ms. Wisconsin International|Ms Wisconsin International|Ms. Wisconsin International Pageant|Ms. Wisconsin International Organization|Ms. WI International|Wisconsin Ms. International|Ms. International Wisconsin|Wisconsin IPI|IPI Wisconsin|Wisconsin International","false","generated"
"intl-pageants-wi-mrs","intl-pageants","Mrs. Wisconsin International","Mrs.","State","Wisconsin","WI","mrs wisconsin international","Mrs. Wisconsin International|Mrs Wisconsin International|Mrs. Wisconsin International Pageant|Mrs. Wisconsin International Organization|Mrs. WI International|Wisconsin Mrs. International|Mrs. International Wisconsin|Wisconsin IPI|IPI Wisconsin|Wisconsin International","false","generated"
"intl-pageants-wi-teen","intl-pageants","Miss Wisconsin Teen International","Teen","State","Wisconsin","WI","miss wisconsin teen international","Miss Wisconsin Teen International|Miss Wisconsin Teen International Pageant|Miss Wisconsin Teen International Organization|Miss WI Teen International|Wisconsin Miss Teen International|Miss Teen International Wisconsin|Miss Wisconsin's Teen International|Wisconsin IPI|IPI Wisconsin|Wisconsin International","false","generated"
"intl-pageants-wi-jr-teen","intl-pageants","Miss Wisconsin Jr. Teen International","Jr. Teen","State","Wisconsin","WI","miss wisconsin jr teen international","Miss Wisconsin Jr. Teen International|Miss Wisconsin Jr Teen International|Miss Wisconsin Jr. Teen International Pageant|Miss Wisconsin Jr. Teen International Organization|Miss WI Jr. Teen International|Wisconsin Miss Jr. Teen International|Miss Jr. Teen International Wisconsin|Wisconsin IPI|IPI Wisconsin|Wisconsin International","false","generated"
"intl-pageants-wy-miss","intl-pageants","Miss Wyoming International","Miss","State","Wyoming","WY","miss wyoming international","Miss Wyoming International|Miss Wyoming International Pageant|Miss Wyoming International Organization|Miss WY International|Wyoming Miss International|Miss International Wyoming|Wyoming IPI|IPI Wyoming|Wyoming International","false","generated"
"intl-pageants-wy-ms","intl-pageants","Ms. Wyoming International","Ms.","State","Wyoming","WY","ms wyoming international","Ms. Wyoming International|Ms Wyoming International|Ms. Wyoming International Pageant|Ms. Wyoming International Organization|Ms. WY International|Wyoming Ms. International|Ms. International Wyoming|Wyoming IPI|IPI Wyoming|Wyoming International","false","generated"
"intl-pageants-wy-mrs","intl-pageants","Mrs. Wyoming International","Mrs.","State","Wyoming","WY","mrs wyoming international","Mrs. Wyoming International|Mrs Wyoming International|Mrs. Wyoming International Pageant|Mrs. Wyoming International Organization|Mrs. WY International|Wyoming Mrs. International|Mrs. International Wyoming|Wyoming IPI|IPI Wyoming|Wyoming International","false","generated"
"intl-pageants-wy-teen","intl-pageants","Miss Wyoming Teen International","Teen","State","Wyoming","WY","miss wyoming teen international","Miss Wyoming Teen International|Miss Wyoming Teen International Pageant|Miss Wyoming Teen International Organization|Miss WY Teen International|Wyoming Miss Teen International|Miss Teen International Wyoming|Miss Wyoming's Teen International|Wyoming IPI|IPI Wyoming|Wyoming International","false","generated"
"intl-pageants-wy-jr-teen","intl-pageants","Miss Wyoming Jr. Teen International","Jr. Teen","State","Wyoming","WY","miss wyoming jr teen international","Miss Wyoming Jr. Teen International|Miss Wyoming Jr Teen International|Miss Wyoming Jr. Teen International Pageant|Miss Wyoming Jr. Teen International Organization|Miss WY Jr. Teen International|Wyoming Miss Jr. Teen International|Miss Jr. Teen International Wyoming|Wyoming IPI|IPI Wyoming|Wyoming International","false","generated"
"intl-pageants-dc-miss","intl-pageants","Miss District of Columbia International","Miss","State","District of Columbia","DC","miss district of columbia international","Miss District of Columbia International|Miss District of Columbia International Pageant|Miss District of Columbia International Organization|Miss DC International|District of Columbia Miss International|Miss International District of Columbia|District of Columbia IPI|IPI District of Columbia|District of Columbia International","false","generated"
"intl-pageants-dc-ms","intl-pageants","Ms. District of Columbia International","Ms.","State","District of Columbia","DC","ms district of columbia international","Ms. District of Columbia International|Ms District of Columbia International|Ms. District of Columbia International Pageant|Ms. District of Columbia International Organization|Ms. DC International|District of Columbia Ms. International|Ms. International District of Columbia|District of Columbia IPI|IPI District of Columbia|District of Columbia International","false","generated"
"intl-pageants-dc-mrs","intl-pageants","Mrs. District of Columbia International","Mrs.","State","District of Columbia","DC","mrs district of columbia international","Mrs. District of Columbia International|Mrs District of Columbia International|Mrs. District of Columbia International Pageant|Mrs. District of Columbia International Organization|Mrs. DC International|District of Columbia Mrs. International|Mrs. International District of Columbia|District of Columbia IPI|IPI District of Columbia|District of Columbia International","false","generated"
"intl-pageants-dc-teen","intl-pageants","Miss District of Columbia Teen International","Teen","State","District of Columbia","DC","miss district of columbia teen international","Miss District of Columbia Teen International|Miss District of Columbia Teen International Pageant|Miss District of Columbia Teen International Organization|Miss DC Teen International|District of Columbia Miss Teen International|Miss Teen International District of Columbia|Miss District of Columbia's Teen International|District of Columbia IPI|IPI District of Columbia|District of Columbia International","false","generated"
"intl-pageants-dc-jr-teen","intl-pageants","Miss District of Columbia Jr. Teen International","Jr. Teen","State","District of Columbia","DC","miss district of columbia jr teen international","Miss District of Columbia Jr. Teen International|Miss District of Columbia Jr Teen International|Miss District of Columbia Jr. Teen International Pageant|Miss District of Columbia Jr. Teen International Organization|Miss DC Jr. Teen International|District of Columbia Miss Jr. Teen International|Miss Jr. Teen International District of Columbia|District of Columbia IPI|IPI District of Columbia|District of Columbia International","false","generated"
"intl-pageants-pr-miss","intl-pageants","Miss Puerto Rico International","Miss","State","Puerto Rico","PR","miss puerto rico international","Miss Puerto Rico International|Miss Puerto Rico International Pageant|Miss Puerto Rico International Organization|Miss PR International|Puerto Rico Miss International|Miss International Puerto Rico|Puerto Rico IPI|IPI Puerto Rico|Puerto Rico International","false","generated"
"intl-pageants-pr-ms","intl-pageants","Ms. Puerto Rico International","Ms.","State","Puerto Rico","PR","ms puerto rico international","Ms. Puerto Rico International|Ms Puerto Rico International|Ms. Puerto Rico International Pageant|Ms. Puerto Rico International Organization|Ms. PR International|Puerto Rico Ms. International|Ms. International Puerto Rico|Puerto Rico IPI|IPI Puerto Rico|Puerto Rico International","false","generated"
"intl-pageants-pr-mrs","intl-pageants","Mrs. Puerto Rico International","Mrs.","State","Puerto Rico","PR","mrs puerto rico international","Mrs. Puerto Rico International|Mrs Puerto Rico International|Mrs. Puerto Rico International Pageant|Mrs. Puerto Rico International Organization|Mrs. PR International|Puerto Rico Mrs. International|Mrs. International Puerto Rico|Puerto Rico IPI|IPI Puerto Rico|Puerto Rico International","false","generated"
"intl-pageants-pr-teen","intl-pageants","Miss Puerto Rico Teen International","Teen","State","Puerto Rico","PR","miss puerto rico teen international","Miss Puerto Rico Teen International|Miss Puerto Rico Teen International Pageant|Miss Puerto Rico Teen International Organization|Miss PR Teen International|Puerto Rico Miss Teen International|Miss Teen International Puerto Rico|Miss Puerto Rico's Teen International|Puerto Rico IPI|IPI Puerto Rico|Puerto Rico International","false","generated"
"intl-pageants-pr-jr-teen","intl-pageants","Miss Puerto Rico Jr. Teen International","Jr. Teen","State","Puerto Rico","PR","miss puerto rico jr teen international","Miss Puerto Rico Jr. Teen International|Miss Puerto Rico Jr Teen International|Miss Puerto Rico Jr. Teen International Pageant|Miss Puerto Rico Jr. Teen International Organization|Miss PR Jr. Teen International|Puerto Rico Miss Jr. Teen International|Miss Jr. Teen International Puerto Rico|Puerto Rico IPI|IPI Puerto Rico|Puerto Rico International","false","generated"
"usa-ambassador-al-main","usa-ambassador","Alabama Ambassador","","State","Alabama","AL","alabama ambassador","Alabama Ambassador|Alabama Ambassador Pageant|Alabama Ambassador Organization|AL Ambassador|Alabama USAA|USAA Alabama|Alabama USA Ambassador","false","generated"
"usa-ambassador-ak-main","usa-ambassador","Alaska Ambassador","","State","Alaska","AK","alaska ambassador","Alaska Ambassador|Alaska Ambassador Pageant|Alaska Ambassador Organization|AK Ambassador|Alaska USAA|USAA Alaska|Alaska USA Ambassador","false","generated"
"usa-ambassador-az-main","usa-ambassador","Arizona Ambassador","","State","Arizona","AZ","arizona ambassador","Arizona Ambassador|Arizona Ambassador Pageant|Arizona Ambassador Organization|AZ Ambassador|Arizona USAA|USAA Arizona|Arizona USA Ambassador","false","generated"
"usa-ambassador-ar-main","usa-ambassador","Arkansas Ambassador","","State","Arkansas","AR","arkansas ambassador","Arkansas Ambassador|Arkansas Ambassador Pageant|Arkansas Ambassador Organization|AR Ambassador|Arkansas USAA|USAA Arkansas|Arkansas USA Ambassador","false","generated"
"usa-ambassador-ca-main","usa-ambassador","California Ambassador","","State","California","CA","california ambassador","California Ambassador|California Ambassador Pageant|California Ambassador Organization|CA Ambassador|California USAA|USAA California|California USA Ambassador","false","generated"
"usa-ambassador-co-main","usa-ambassador","Colorado Ambassador","","State","Colorado","CO","colorado ambassador","Colorado Ambassador|Colorado Ambassador Pageant|Colorado Ambassador Organization|CO Ambassador|Colorado USAA|USAA Colorado|Colorado USA Ambassador","false","generated"
"usa-ambassador-ct-main","usa-ambassador","Connecticut Ambassador","","State","Connecticut","CT","connecticut ambassador","Connecticut Ambassador|Connecticut Ambassador Pageant|Connecticut Ambassador Organization|CT Ambassador|Connecticut USAA|USAA Connecticut|Connecticut USA Ambassador","false","generated"
"usa-ambassador-de-main","usa-ambassador","Delaware Ambassador","","State","Delaware","DE","delaware ambassador","Delaware Ambassador|Delaware Ambassador Pageant|Delaware Ambassador Organization|DE Ambassador|Delaware USAA|USAA Delaware|Delaware USA Ambassador","false","generated"
"usa-ambassador-fl-main","usa-ambassador","Florida Ambassador","","State","Florida","FL","florida ambassador","Florida Ambassador|Florida Ambassador Pageant|Florida Ambassador Organization|FL Ambassador|Florida USAA|USAA Florida|Florida USA Ambassador","false","generated"
"usa-ambassador-ga-main","usa-ambassador","Georgia Ambassador","","State","Georgia","GA","georgia ambassador","Georgia Ambassador|Georgia Ambassador Pageant|Georgia Ambassador Organization|GA Ambassador|Georgia USAA|USAA Georgia|Georgia USA Ambassador","false","generated"
"usa-ambassador-hi-main","usa-ambassador","Hawaii Ambassador","","State","Hawaii","HI","hawaii ambassador","Hawaii Ambassador|Hawaii Ambassador Pageant|Hawaii Ambassador Organization|HI Ambassador|Hawaii USAA|USAA Hawaii|Hawaii USA Ambassador","false","generated"
"usa-ambassador-id-main","usa-ambassador","Idaho Ambassador","","State","Idaho","ID","idaho ambassador","Idaho Ambassador|Idaho Ambassador Pageant|Idaho Ambassador Organization|ID Ambassador|Idaho USAA|USAA Idaho|Idaho USA Ambassador","false","generated"
"usa-ambassador-il-main","usa-ambassador","Illinois Ambassador","","State","Illinois","IL","illinois ambassador","Illinois Ambassador|Illinois Ambassador Pageant|Illinois Ambassador Organization|IL Ambassador|Illinois USAA|USAA Illinois|Illinois USA Ambassador","false","generated"
"usa-ambassador-in-main","usa-ambassador","Indiana Ambassador","","State","Indiana","IN","indiana ambassador","Indiana Ambassador|Indiana Ambassador Pageant|Indiana Ambassador Organization|IN Ambassador|Indiana USAA|USAA Indiana|Indiana USA Ambassador","false","generated"
"usa-ambassador-ia-main","usa-ambassador","Iowa Ambassador","","State","Iowa","IA","iowa ambassador","Iowa Ambassador|Iowa Ambassador Pageant|Iowa Ambassador Organization|IA Ambassador|Iowa USAA|USAA Iowa|Iowa USA Ambassador","false","generated"
"usa-ambassador-ks-main","usa-ambassador","Kansas Ambassador","","State","Kansas","KS","kansas ambassador","Kansas Ambassador|Kansas Ambassador Pageant|Kansas Ambassador Organization|KS Ambassador|Kansas USAA|USAA Kansas|Kansas USA Ambassador","false","generated"
"usa-ambassador-ky-main","usa-ambassador","Kentucky Ambassador","","State","Kentucky","KY","kentucky ambassador","Kentucky Ambassador|Kentucky Ambassador Pageant|Kentucky Ambassador Organization|KY Ambassador|Kentucky USAA|USAA Kentucky|Kentucky USA Ambassador","false","generated"
"usa-ambassador-la-main","usa-ambassador","Louisiana Ambassador","","State","Louisiana","LA","louisiana ambassador","Louisiana Ambassador|Louisiana Ambassador Pageant|Louisiana Ambassador Organization|LA Ambassador|Louisiana USAA|USAA Louisiana|Louisiana USA Ambassador","false","generated"
"usa-ambassador-me-main","usa-ambassador","Maine Ambassador","","State","Maine","ME","maine ambassador","Maine Ambassador|Maine Ambassador Pageant|Maine Ambassador Organization|ME Ambassador|Maine USAA|USAA Maine|Maine USA Ambassador","false","generated"
"usa-ambassador-md-main","usa-ambassador","Maryland Ambassador","","State","Maryland","MD","maryland ambassador","Maryland Ambassador|Maryland Ambassador Pageant|Maryland Ambassador Organization|MD Ambassador|Maryland USAA|USAA Maryland|Maryland USA Ambassador","false","generated"
"usa-ambassador-ma-main","usa-ambassador","Massachusetts Ambassador","","State","Massachusetts","MA","massachusetts ambassador","Massachusetts Ambassador|Massachusetts Ambassador Pageant|Massachusetts Ambassador Organization|MA Ambassador|Massachusetts USAA|USAA Massachusetts|Massachusetts USA Ambassador","false","generated"
"usa-ambassador-mi-main","usa-ambassador","Michigan Ambassador","","State","Michigan","MI","michigan ambassador","Michigan Ambassador|Michigan Ambassador Pageant|Michigan Ambassador Organization|MI Ambassador|Michigan USAA|USAA Michigan|Michigan USA Ambassador","false","generated"
"usa-ambassador-mn-main","usa-ambassador","Minnesota Ambassador","","State","Minnesota","MN","minnesota ambassador","Minnesota Ambassador|Minnesota Ambassador Pageant|Minnesota Ambassador Organization|MN Ambassador|Minnesota USAA|USAA Minnesota|Minnesota USA Ambassador","false","generated"
"usa-ambassador-ms-main","usa-ambassador","Mississippi Ambassador","","State","Mississippi","MS","mississippi ambassador","Mississippi Ambassador|Mississippi Ambassador Pageant|Mississippi Ambassador Organization|MS Ambassador|Mississippi USAA|USAA Mississippi|Mississippi USA Ambassador","false","generated"
"usa-ambassador-mo-main","usa-ambassador","Missouri Ambassador","","State","Missouri","MO","missouri ambassador","Missouri Ambassador|Missouri Ambassador Pageant|Missouri Ambassador Organization|MO Ambassador|Missouri USAA|USAA Missouri|Missouri USA Ambassador","false","generated"
"usa-ambassador-mt-main","usa-ambassador","Montana Ambassador","","State","Montana","MT","montana ambassador","Montana Ambassador|Montana Ambassador Pageant|Montana Ambassador Organization|MT Ambassador|Montana USAA|USAA Montana|Montana USA Ambassador","false","generated"
"usa-ambassador-ne-main","usa-ambassador","Nebraska Ambassador","","State","Nebraska","NE","nebraska ambassador","Nebraska Ambassador|Nebraska Ambassador Pageant|Nebraska Ambassador Organization|NE Ambassador|Nebraska USAA|USAA Nebraska|Nebraska USA Ambassador","false","generated"
"usa-ambassador-nv-main","usa-ambassador","Nevada Ambassador","","State","Nevada","NV","nevada ambassador","Nevada Ambassador|Nevada Ambassador Pageant|Nevada Ambassador Organization|NV Ambassador|Nevada USAA|USAA Nevada|Nevada USA Ambassador","false","generated"
"usa-ambassador-nh-main","usa-ambassador","New Hampshire Ambassador","","State","New Hampshire","NH","new hampshire ambassador","New Hampshire Ambassador|New Hampshire Ambassador Pageant|New Hampshire Ambassador Organization|NH Ambassador|New Hampshire USAA|USAA New Hampshire|New Hampshire USA Ambassador","false","generated"
"usa-ambassador-nj-main","usa-ambassador","New Jersey Ambassador","","State","New Jersey","NJ","new jersey ambassador","New Jersey Ambassador|New Jersey Ambassador Pageant|New Jersey Ambassador Organization|NJ Ambassador|New Jersey USAA|USAA New Jersey|New Jersey USA Ambassador","false","generated"
"usa-ambassador-nm-main","usa-ambassador","New Mexico Ambassador","","State","New Mexico","NM","new mexico ambassador","New Mexico Ambassador|New Mexico Ambassador Pageant|New Mexico Ambassador Organization|NM Ambassador|New Mexico USAA|USAA New Mexico|New Mexico USA Ambassador","false","generated"
"usa-ambassador-ny-main","usa-ambassador","New York Ambassador","","State","New York","NY","new york ambassador","New York Ambassador|New York Ambassador Pageant|New York Ambassador Organization|NY Ambassador|New York USAA|USAA New York|New York USA Ambassador","false","generated"
"usa-ambassador-nc-main","usa-ambassador","North Carolina Ambassador","","State","North Carolina","NC","north carolina ambassador","North Carolina Ambassador|North Carolina Ambassador Pageant|North Carolina Ambassador Organization|NC Ambassador|North Carolina USAA|USAA North Carolina|North Carolina USA Ambassador","false","generated"
"usa-ambassador-nd-main","usa-ambassador","North Dakota Ambassador","","State","North Dakota","ND","north dakota ambassador","North Dakota Ambassador|North Dakota Ambassador Pageant|North Dakota Ambassador Organization|ND Ambassador|North Dakota USAA|USAA North Dakota|North Dakota USA Ambassador","false","generated"
"usa-ambassador-oh-main","usa-ambassador","Ohio Ambassador","","State","Ohio","OH","ohio ambassador","Ohio Ambassador|Ohio Ambassador Pageant|Ohio Ambassador Organization|OH Ambassador|Ohio USAA|USAA Ohio|Ohio USA Ambassador","false","generated"
"usa-ambassador-ok-main","usa-ambassador","Oklahoma Ambassador","","State","Oklahoma","OK","oklahoma ambassador","Oklahoma Ambassador|Oklahoma Ambassador Pageant|Oklahoma Ambassador Organization|OK Ambassador|Oklahoma USAA|USAA Oklahoma|Oklahoma USA Ambassador","false","generated"
"usa-ambassador-or-main","usa-ambassador","Oregon Ambassador","","State","Oregon","OR","oregon ambassador","Oregon Ambassador|Oregon Ambassador Pageant|Oregon Ambassador Organization|OR Ambassador|Oregon USAA|USAA Oregon|Oregon USA Ambassador","false","generated"
"usa-ambassador-pa-main","usa-ambassador","Pennsylvania Ambassador","","State","Pennsylvania","PA","pennsylvania ambassador","Pennsylvania Ambassador|Pennsylvania Ambassador Pageant|Pennsylvania Ambassador Organization|PA Ambassador|Pennsylvania USAA|USAA Pennsylvania|Pennsylvania USA Ambassador","false","generated"
"usa-ambassador-ri-main","usa-ambassador","Rhode Island Ambassador","","State","Rhode Island","RI","rhode island ambassador","Rhode Island Ambassador|Rhode Island Ambassador Pageant|Rhode Island Ambassador Organization|RI Ambassador|Rhode Island USAA|USAA Rhode Island|Rhode Island USA Ambassador","false","generated"
"usa-ambassador-sc-main","usa-ambassador","South Carolina Ambassador","","State","South Carolina","SC","south carolina ambassador","South Carolina Ambassador|South Carolina Ambassador Pageant|South Carolina Ambassador Organization|SC Ambassador|South Carolina USAA|USAA South Carolina|South Carolina USA Ambassador","false","generated"
"usa-ambassador-sd-main","usa-ambassador","South Dakota Ambassador","","State","South Dakota","SD","south dakota ambassador","South Dakota Ambassador|South Dakota Ambassador Pageant|South Dakota Ambassador Organization|SD Ambassador|South Dakota USAA|USAA South Dakota|South Dakota USA Ambassador","false","generated"
"usa-ambassador-tn-main","usa-ambassador","Tennessee Ambassador","","State","Tennessee","TN","tennessee ambassador","Tennessee Ambassador|Tennessee Ambassador Pageant|Tennessee Ambassador Organization|TN Ambassador|Tennessee USAA|USAA Tennessee|Tennessee USA Ambassador","false","generated"
"usa-ambassador-tx-main","usa-ambassador","Texas Ambassador","","State","Texas","TX","texas ambassador","Texas Ambassador|Texas Ambassador Pageant|Texas Ambassador Organization|TX Ambassador|Texas USAA|USAA Texas|Texas USA Ambassador","false","generated"
"usa-ambassador-ut-main","usa-ambassador","Utah Ambassador","","State","Utah","UT","utah ambassador","Utah Ambassador|Utah Ambassador Pageant|Utah Ambassador Organization|UT Ambassador|Utah USAA|USAA Utah|Utah USA Ambassador","false","generated"
"usa-ambassador-vt-main","usa-ambassador","Vermont Ambassador","","State","Vermont","VT","vermont ambassador","Vermont Ambassador|Vermont Ambassador Pageant|Vermont Ambassador Organization|VT Ambassador|Vermont USAA|USAA Vermont|Vermont USA Ambassador","false","generated"
"usa-ambassador-va-main","usa-ambassador","Virginia Ambassador","","State","Virginia","VA","virginia ambassador","Virginia Ambassador|Virginia Ambassador Pageant|Virginia Ambassador Organization|VA Ambassador|Virginia USAA|USAA Virginia|Virginia USA Ambassador","false","generated"
"usa-ambassador-wa-main","usa-ambassador","Washington Ambassador","","State","Washington","WA","washington ambassador","Washington Ambassador|Washington Ambassador Pageant|Washington Ambassador Organization|WA Ambassador|Washington USAA|USAA Washington|Washington USA Ambassador","false","generated"
"usa-ambassador-wv-main","usa-ambassador","West Virginia Ambassador","","State","West Virginia","WV","west virginia ambassador","West Virginia Ambassador|West Virginia Ambassador Pageant|West Virginia Ambassador Organization|WV Ambassador|West Virginia USAA|USAA West Virginia|West Virginia USA Ambassador","false","generated"
"usa-ambassador-wi-main","usa-ambassador","Wisconsin Ambassador","","State","Wisconsin","WI","wisconsin ambassador","Wisconsin Ambassador|Wisconsin Ambassador Pageant|Wisconsin Ambassador Organization|WI Ambassador|Wisconsin USAA|USAA Wisconsin|Wisconsin USA Ambassador","false","generated"
"usa-ambassador-wy-main","usa-ambassador","Wyoming Ambassador","","State","Wyoming","WY","wyoming ambassador","Wyoming Ambassador|Wyoming Ambassador Pageant|Wyoming Ambassador Organization|WY Ambassador|Wyoming USAA|USAA Wyoming|Wyoming USA Ambassador","false","generated"
"usa-ambassador-dc-main","usa-ambassador","District of Columbia Ambassador","","State","District of Columbia","DC","district of columbia ambassador","District of Columbia Ambassador|District of Columbia Ambassador Pageant|District of Columbia Ambassador Organization|DC Ambassador|District of Columbia USAA|USAA District of Columbia|District of Columbia USA Ambassador","false","generated"
"usa-ambassador-pr-main","usa-ambassador","Puerto Rico Ambassador","","State","Puerto Rico","PR","puerto rico ambassador","Puerto Rico Ambassador|Puerto Rico Ambassador Pageant|Puerto Rico Ambassador Organization|PR Ambassador|Puerto Rico USAA|USAA Puerto Rico|Puerto Rico USA Ambassador","false","generated"
"galaxy-usa-al-miss","galaxy-usa","Miss Alabama Galaxy","Miss","State","Alabama","AL","miss alabama galaxy","Miss Alabama Galaxy|Miss Alabama Galaxy Pageant|Miss Alabama Galaxy Organization|Miss AL Galaxy|Alabama Miss Galaxy|Miss Galaxy Alabama|Alabama Galaxy","false","generated"
"galaxy-usa-al-mrs","galaxy-usa","Mrs. Alabama Galaxy","Mrs.","State","Alabama","AL","mrs alabama galaxy","Mrs. Alabama Galaxy|Mrs Alabama Galaxy|Mrs. Alabama Galaxy Pageant|Mrs. Alabama Galaxy Organization|Mrs. AL Galaxy|Alabama Mrs. Galaxy|Mrs. Galaxy Alabama|Alabama Galaxy","false","generated"
"galaxy-usa-al-ms","galaxy-usa","Ms. Alabama Galaxy","Ms.","State","Alabama","AL","ms alabama galaxy","Ms. Alabama Galaxy|Ms Alabama Galaxy|Ms. Alabama Galaxy Pageant|Ms. Alabama Galaxy Organization|Ms. AL Galaxy|Alabama Ms. Galaxy|Ms. Galaxy Alabama|Alabama Galaxy","false","generated"
"galaxy-usa-al-teen","galaxy-usa","Miss Alabama Teen Galaxy","Teen","State","Alabama","AL","miss alabama teen galaxy","Miss Alabama Teen Galaxy|Miss Alabama Teen Galaxy Pageant|Miss Alabama Teen Galaxy Organization|Miss AL Teen Galaxy|Alabama Miss Teen Galaxy|Miss Teen Galaxy Alabama|Miss Alabama's Teen Galaxy|Alabama Galaxy","false","generated"
"galaxy-usa-al-junior","galaxy-usa","Junior Miss Alabama Galaxy","Junior","State","Alabama","AL","junior miss alabama galaxy","Junior Miss Alabama Galaxy|Junior Miss Alabama Galaxy Pageant|Junior Miss Alabama Galaxy Organization|Junior Miss AL Galaxy|Alabama Galaxy","false","generated"
"galaxy-usa-al-classic-mrs","galaxy-usa","Classic Mrs. Alabama Galaxy","Classic Mrs.","State","Alabama","AL","classic mrs alabama galaxy","Classic Mrs. Alabama Galaxy|Classic Mrs Alabama Galaxy|Classic Mrs. Alabama Galaxy Pageant|Classic Mrs. Alabama Galaxy Organization|Classic Mrs. AL Galaxy|Alabama Galaxy","false","generated"
"galaxy-usa-ak-miss","galaxy-usa","Miss Alaska Galaxy","Miss","State","Alaska","AK","miss alaska galaxy","Miss Alaska Galaxy|Miss Alaska Galaxy Pageant|Miss Alaska Galaxy Organization|Miss AK Galaxy|Alaska Miss Galaxy|Miss Galaxy Alaska|Alaska Galaxy","false","generated"
"galaxy-usa-ak-mrs","galaxy-usa","Mrs. Alaska Galaxy","Mrs.","State","Alaska","AK","mrs alaska galaxy","Mrs. Alaska Galaxy|Mrs Alaska Galaxy|Mrs. Alaska Galaxy Pageant|Mrs. Alaska Galaxy Organization|Mrs. AK Galaxy|Alaska Mrs. Galaxy|Mrs. Galaxy Alaska|Alaska Galaxy","false","generated"
"galaxy-usa-ak-ms","galaxy-usa","Ms. Alaska Galaxy","Ms.","State","Alaska","AK","ms alaska galaxy","Ms. Alaska Galaxy|Ms Alaska Galaxy|Ms. Alaska Galaxy Pageant|Ms. Alaska Galaxy Organization|Ms. AK Galaxy|Alaska Ms. Galaxy|Ms. Galaxy Alaska|Alaska Galaxy","false","generated"
"galaxy-usa-ak-teen","galaxy-usa","Miss Alaska Teen Galaxy","Teen","State","Alaska","AK","miss alaska teen galaxy","Miss Alaska Teen Galaxy|Miss Alaska Teen Galaxy Pageant|Miss Alaska Teen Galaxy Organization|Miss AK Teen Galaxy|Alaska Miss Teen Galaxy|Miss Teen Galaxy Alaska|Miss Alaska's Teen Galaxy|Alaska Galaxy","false","generated"
"galaxy-usa-ak-junior","galaxy-usa","Junior Miss Alaska Galaxy","Junior","State","Alaska","AK","junior miss alaska galaxy","Junior Miss Alaska Galaxy|Junior Miss Alaska Galaxy Pageant|Junior Miss Alaska Galaxy Organization|Junior Miss AK Galaxy|Alaska Galaxy","false","generated"
"galaxy-usa-ak-classic-mrs","galaxy-usa","Classic Mrs. Alaska Galaxy","Classic Mrs.","State","Alaska","AK","classic mrs alaska galaxy","Classic Mrs. Alaska Galaxy|Classic Mrs Alaska Galaxy|Classic Mrs. Alaska Galaxy Pageant|Classic Mrs. Alaska Galaxy Organization|Classic Mrs. AK Galaxy|Alaska Galaxy","false","generated"
"galaxy-usa-az-miss","galaxy-usa","Miss Arizona Galaxy","Miss","State","Arizona","AZ","miss arizona galaxy","Miss Arizona Galaxy|Miss Arizona Galaxy Pageant|Miss Arizona Galaxy Organization|Miss AZ Galaxy|Arizona Miss Galaxy|Miss Galaxy Arizona|Arizona Galaxy","false","generated"
"galaxy-usa-az-mrs","galaxy-usa","Mrs. Arizona Galaxy","Mrs.","State","Arizona","AZ","mrs arizona galaxy","Mrs. Arizona Galaxy|Mrs Arizona Galaxy|Mrs. Arizona Galaxy Pageant|Mrs. Arizona Galaxy Organization|Mrs. AZ Galaxy|Arizona Mrs. Galaxy|Mrs. Galaxy Arizona|Arizona Galaxy","false","generated"
"galaxy-usa-az-ms","galaxy-usa","Ms. Arizona Galaxy","Ms.","State","Arizona","AZ","ms arizona galaxy","Ms. Arizona Galaxy|Ms Arizona Galaxy|Ms. Arizona Galaxy Pageant|Ms. Arizona Galaxy Organization|Ms. AZ Galaxy|Arizona Ms. Galaxy|Ms. Galaxy Arizona|Arizona Galaxy","false","generated"
"galaxy-usa-az-teen","galaxy-usa","Miss Arizona Teen Galaxy","Teen","State","Arizona","AZ","miss arizona teen galaxy","Miss Arizona Teen Galaxy|Miss Arizona Teen Galaxy Pageant|Miss Arizona Teen Galaxy Organization|Miss AZ Teen Galaxy|Arizona Miss Teen Galaxy|Miss Teen Galaxy Arizona|Miss Arizona's Teen Galaxy|Arizona Galaxy","false","generated"
"galaxy-usa-az-junior","galaxy-usa","Junior Miss Arizona Galaxy","Junior","State","Arizona","AZ","junior miss arizona galaxy","Junior Miss Arizona Galaxy|Junior Miss Arizona Galaxy Pageant|Junior Miss Arizona Galaxy Organization|Junior Miss AZ Galaxy|Arizona Galaxy","false","generated"
"galaxy-usa-az-classic-mrs","galaxy-usa","Classic Mrs. Arizona Galaxy","Classic Mrs.","State","Arizona","AZ","classic mrs arizona galaxy","Classic Mrs. Arizona Galaxy|Classic Mrs Arizona Galaxy|Classic Mrs. Arizona Galaxy Pageant|Classic Mrs. Arizona Galaxy Organization|Classic Mrs. AZ Galaxy|Arizona Galaxy","false","generated"
"galaxy-usa-ar-miss","galaxy-usa","Miss Arkansas Galaxy","Miss","State","Arkansas","AR","miss arkansas galaxy","Miss Arkansas Galaxy|Miss Arkansas Galaxy Pageant|Miss Arkansas Galaxy Organization|Miss AR Galaxy|Arkansas Miss Galaxy|Miss Galaxy Arkansas|Arkansas Galaxy","false","generated"
"galaxy-usa-ar-mrs","galaxy-usa","Mrs. Arkansas Galaxy","Mrs.","State","Arkansas","AR","mrs arkansas galaxy","Mrs. Arkansas Galaxy|Mrs Arkansas Galaxy|Mrs. Arkansas Galaxy Pageant|Mrs. Arkansas Galaxy Organization|Mrs. AR Galaxy|Arkansas Mrs. Galaxy|Mrs. Galaxy Arkansas|Arkansas Galaxy","false","generated"
"galaxy-usa-ar-ms","galaxy-usa","Ms. Arkansas Galaxy","Ms.","State","Arkansas","AR","ms arkansas galaxy","Ms. Arkansas Galaxy|Ms Arkansas Galaxy|Ms. Arkansas Galaxy Pageant|Ms. Arkansas Galaxy Organization|Ms. AR Galaxy|Arkansas Ms. Galaxy|Ms. Galaxy Arkansas|Arkansas Galaxy","false","generated"
"galaxy-usa-ar-teen","galaxy-usa","Miss Arkansas Teen Galaxy","Teen","State","Arkansas","AR","miss arkansas teen galaxy","Miss Arkansas Teen Galaxy|Miss Arkansas Teen Galaxy Pageant|Miss Arkansas Teen Galaxy Organization|Miss AR Teen Galaxy|Arkansas Miss Teen Galaxy|Miss Teen Galaxy Arkansas|Miss Arkansas's Teen Galaxy|Arkansas Galaxy","false","generated"
"galaxy-usa-ar-junior","galaxy-usa","Junior Miss Arkansas Galaxy","Junior","State","Arkansas","AR","junior miss arkansas galaxy","Junior Miss Arkansas Galaxy|Junior Miss Arkansas Galaxy Pageant|Junior Miss Arkansas Galaxy Organization|Junior Miss AR Galaxy|Arkansas Galaxy","false","generated"
"galaxy-usa-ar-classic-mrs","galaxy-usa","Classic Mrs. Arkansas Galaxy","Classic Mrs.","State","Arkansas","AR","classic mrs arkansas galaxy","Classic Mrs. Arkansas Galaxy|Classic Mrs Arkansas Galaxy|Classic Mrs. Arkansas Galaxy Pageant|Classic Mrs. Arkansas Galaxy Organization|Classic Mrs. AR Galaxy|Arkansas Galaxy","false","generated"
"galaxy-usa-ca-miss","galaxy-usa","Miss California Galaxy","Miss","State","California","CA","miss california galaxy","Miss California Galaxy|Miss California Galaxy Pageant|Miss California Galaxy Organization|Miss CA Galaxy|California Miss Galaxy|Miss Galaxy California|California Galaxy","false","generated"
"galaxy-usa-ca-mrs","galaxy-usa","Mrs. California Galaxy","Mrs.","State","California","CA","mrs california galaxy","Mrs. California Galaxy|Mrs California Galaxy|Mrs. California Galaxy Pageant|Mrs. California Galaxy Organization|Mrs. CA Galaxy|California Mrs. Galaxy|Mrs. Galaxy California|California Galaxy","false","generated"
"galaxy-usa-ca-ms","galaxy-usa","Ms. California Galaxy","Ms.","State","California","CA","ms california galaxy","Ms. California Galaxy|Ms California Galaxy|Ms. California Galaxy Pageant|Ms. California Galaxy Organization|Ms. CA Galaxy|California Ms. Galaxy|Ms. Galaxy California|California Galaxy","false","generated"
"galaxy-usa-ca-teen","galaxy-usa","Miss California Teen Galaxy","Teen","State","California","CA","miss california teen galaxy","Miss California Teen Galaxy|Miss California Teen Galaxy Pageant|Miss California Teen Galaxy Organization|Miss CA Teen Galaxy|California Miss Teen Galaxy|Miss Teen Galaxy California|Miss California's Teen Galaxy|California Galaxy","false","generated"
"galaxy-usa-ca-junior","galaxy-usa","Junior Miss California Galaxy","Junior","State","California","CA","junior miss california galaxy","Junior Miss California Galaxy|Junior Miss California Galaxy Pageant|Junior Miss California Galaxy Organization|Junior Miss CA Galaxy|California Galaxy","false","generated"
"galaxy-usa-ca-classic-mrs","galaxy-usa","Classic Mrs. California Galaxy","Classic Mrs.","State","California","CA","classic mrs california galaxy","Classic Mrs. California Galaxy|Classic Mrs California Galaxy|Classic Mrs. California Galaxy Pageant|Classic Mrs. California Galaxy Organization|Classic Mrs. CA Galaxy|California Galaxy","false","generated"
"galaxy-usa-co-miss","galaxy-usa","Miss Colorado Galaxy","Miss","State","Colorado","CO","miss colorado galaxy","Miss Colorado Galaxy|Miss Colorado Galaxy Pageant|Miss Colorado Galaxy Organization|Miss CO Galaxy|Colorado Miss Galaxy|Miss Galaxy Colorado|Colorado Galaxy","false","generated"
"galaxy-usa-co-mrs","galaxy-usa","Mrs. Colorado Galaxy","Mrs.","State","Colorado","CO","mrs colorado galaxy","Mrs. Colorado Galaxy|Mrs Colorado Galaxy|Mrs. Colorado Galaxy Pageant|Mrs. Colorado Galaxy Organization|Mrs. CO Galaxy|Colorado Mrs. Galaxy|Mrs. Galaxy Colorado|Colorado Galaxy","false","generated"
"galaxy-usa-co-ms","galaxy-usa","Ms. Colorado Galaxy","Ms.","State","Colorado","CO","ms colorado galaxy","Ms. Colorado Galaxy|Ms Colorado Galaxy|Ms. Colorado Galaxy Pageant|Ms. Colorado Galaxy Organization|Ms. CO Galaxy|Colorado Ms. Galaxy|Ms. Galaxy Colorado|Colorado Galaxy","false","generated"
"galaxy-usa-co-teen","galaxy-usa","Miss Colorado Teen Galaxy","Teen","State","Colorado","CO","miss colorado teen galaxy","Miss Colorado Teen Galaxy|Miss Colorado Teen Galaxy Pageant|Miss Colorado Teen Galaxy Organization|Miss CO Teen Galaxy|Colorado Miss Teen Galaxy|Miss Teen Galaxy Colorado|Miss Colorado's Teen Galaxy|Colorado Galaxy","false","generated"
"galaxy-usa-co-junior","galaxy-usa","Junior Miss Colorado Galaxy","Junior","State","Colorado","CO","junior miss colorado galaxy","Junior Miss Colorado Galaxy|Junior Miss Colorado Galaxy Pageant|Junior Miss Colorado Galaxy Organization|Junior Miss CO Galaxy|Colorado Galaxy","false","generated"
"galaxy-usa-co-classic-mrs","galaxy-usa","Classic Mrs. Colorado Galaxy","Classic Mrs.","State","Colorado","CO","classic mrs colorado galaxy","Classic Mrs. Colorado Galaxy|Classic Mrs Colorado Galaxy|Classic Mrs. Colorado Galaxy Pageant|Classic Mrs. Colorado Galaxy Organization|Classic Mrs. CO Galaxy|Colorado Galaxy","false","generated"
"galaxy-usa-ct-miss","galaxy-usa","Miss Connecticut Galaxy","Miss","State","Connecticut","CT","miss connecticut galaxy","Miss Connecticut Galaxy|Miss Connecticut Galaxy Pageant|Miss Connecticut Galaxy Organization|Miss CT Galaxy|Connecticut Miss Galaxy|Miss Galaxy Connecticut|Connecticut Galaxy","false","generated"
"galaxy-usa-ct-mrs","galaxy-usa","Mrs. Connecticut Galaxy","Mrs.","State","Connecticut","CT","mrs connecticut galaxy","Mrs. Connecticut Galaxy|Mrs Connecticut Galaxy|Mrs. Connecticut Galaxy Pageant|Mrs. Connecticut Galaxy Organization|Mrs. CT Galaxy|Connecticut Mrs. Galaxy|Mrs. Galaxy Connecticut|Connecticut Galaxy","false","generated"
"galaxy-usa-ct-ms","galaxy-usa","Ms. Connecticut Galaxy","Ms.","State","Connecticut","CT","ms connecticut galaxy","Ms. Connecticut Galaxy|Ms Connecticut Galaxy|Ms. Connecticut Galaxy Pageant|Ms. Connecticut Galaxy Organization|Ms. CT Galaxy|Connecticut Ms. Galaxy|Ms. Galaxy Connecticut|Connecticut Galaxy","false","generated"
"galaxy-usa-ct-teen","galaxy-usa","Miss Connecticut Teen Galaxy","Teen","State","Connecticut","CT","miss connecticut teen galaxy","Miss Connecticut Teen Galaxy|Miss Connecticut Teen Galaxy Pageant|Miss Connecticut Teen Galaxy Organization|Miss CT Teen Galaxy|Connecticut Miss Teen Galaxy|Miss Teen Galaxy Connecticut|Miss Connecticut's Teen Galaxy|Connecticut Galaxy","false","generated"
"galaxy-usa-ct-junior","galaxy-usa","Junior Miss Connecticut Galaxy","Junior","State","Connecticut","CT","junior miss connecticut galaxy","Junior Miss Connecticut Galaxy|Junior Miss Connecticut Galaxy Pageant|Junior Miss Connecticut Galaxy Organization|Junior Miss CT Galaxy|Connecticut Galaxy","false","generated"
"galaxy-usa-ct-classic-mrs","galaxy-usa","Classic Mrs. Connecticut Galaxy","Classic Mrs.","State","Connecticut","CT","classic mrs connecticut galaxy","Classic Mrs. Connecticut Galaxy|Classic Mrs Connecticut Galaxy|Classic Mrs. Connecticut Galaxy Pageant|Classic Mrs. Connecticut Galaxy Organization|Classic Mrs. CT Galaxy|Connecticut Galaxy","false","generated"
"galaxy-usa-de-miss","galaxy-usa","Miss Delaware Galaxy","Miss","State","Delaware","DE","miss delaware galaxy","Miss Delaware Galaxy|Miss Delaware Galaxy Pageant|Miss Delaware Galaxy Organization|Miss DE Galaxy|Delaware Miss Galaxy|Miss Galaxy Delaware|Delaware Galaxy","false","generated"
"galaxy-usa-de-mrs","galaxy-usa","Mrs. Delaware Galaxy","Mrs.","State","Delaware","DE","mrs delaware galaxy","Mrs. Delaware Galaxy|Mrs Delaware Galaxy|Mrs. Delaware Galaxy Pageant|Mrs. Delaware Galaxy Organization|Mrs. DE Galaxy|Delaware Mrs. Galaxy|Mrs. Galaxy Delaware|Delaware Galaxy","false","generated"
"galaxy-usa-de-ms","galaxy-usa","Ms. Delaware Galaxy","Ms.","State","Delaware","DE","ms delaware galaxy","Ms. Delaware Galaxy|Ms Delaware Galaxy|Ms. Delaware Galaxy Pageant|Ms. Delaware Galaxy Organization|Ms. DE Galaxy|Delaware Ms. Galaxy|Ms. Galaxy Delaware|Delaware Galaxy","false","generated"
"galaxy-usa-de-teen","galaxy-usa","Miss Delaware Teen Galaxy","Teen","State","Delaware","DE","miss delaware teen galaxy","Miss Delaware Teen Galaxy|Miss Delaware Teen Galaxy Pageant|Miss Delaware Teen Galaxy Organization|Miss DE Teen Galaxy|Delaware Miss Teen Galaxy|Miss Teen Galaxy Delaware|Miss Delaware's Teen Galaxy|Delaware Galaxy","false","generated"
"galaxy-usa-de-junior","galaxy-usa","Junior Miss Delaware Galaxy","Junior","State","Delaware","DE","junior miss delaware galaxy","Junior Miss Delaware Galaxy|Junior Miss Delaware Galaxy Pageant|Junior Miss Delaware Galaxy Organization|Junior Miss DE Galaxy|Delaware Galaxy","false","generated"
"galaxy-usa-de-classic-mrs","galaxy-usa","Classic Mrs. Delaware Galaxy","Classic Mrs.","State","Delaware","DE","classic mrs delaware galaxy","Classic Mrs. Delaware Galaxy|Classic Mrs Delaware Galaxy|Classic Mrs. Delaware Galaxy Pageant|Classic Mrs. Delaware Galaxy Organization|Classic Mrs. DE Galaxy|Delaware Galaxy","false","generated"
"galaxy-usa-fl-miss","galaxy-usa","Miss Florida Galaxy","Miss","State","Florida","FL","miss florida galaxy","Miss Florida Galaxy|Miss Florida Galaxy Pageant|Miss Florida Galaxy Organization|Miss FL Galaxy|Florida Miss Galaxy|Miss Galaxy Florida|Florida Galaxy","false","generated"
"galaxy-usa-fl-mrs","galaxy-usa","Mrs. Florida Galaxy","Mrs.","State","Florida","FL","mrs florida galaxy","Mrs. Florida Galaxy|Mrs Florida Galaxy|Mrs. Florida Galaxy Pageant|Mrs. Florida Galaxy Organization|Mrs. FL Galaxy|Florida Mrs. Galaxy|Mrs. Galaxy Florida|Florida Galaxy","false","generated"
"galaxy-usa-fl-ms","galaxy-usa","Ms. Florida Galaxy","Ms.","State","Florida","FL","ms florida galaxy","Ms. Florida Galaxy|Ms Florida Galaxy|Ms. Florida Galaxy Pageant|Ms. Florida Galaxy Organization|Ms. FL Galaxy|Florida Ms. Galaxy|Ms. Galaxy Florida|Florida Galaxy","false","generated"
"galaxy-usa-fl-teen","galaxy-usa","Miss Florida Teen Galaxy","Teen","State","Florida","FL","miss florida teen galaxy","Miss Florida Teen Galaxy|Miss Florida Teen Galaxy Pageant|Miss Florida Teen Galaxy Organization|Miss FL Teen Galaxy|Florida Miss Teen Galaxy|Miss Teen Galaxy Florida|Miss Florida's Teen Galaxy|Florida Galaxy","false","generated"
"galaxy-usa-fl-junior","galaxy-usa","Junior Miss Florida Galaxy","Junior","State","Florida","FL","junior miss florida galaxy","Junior Miss Florida Galaxy|Junior Miss Florida Galaxy Pageant|Junior Miss Florida Galaxy Organization|Junior Miss FL Galaxy|Florida Galaxy","false","generated"
"galaxy-usa-fl-classic-mrs","galaxy-usa","Classic Mrs. Florida Galaxy","Classic Mrs.","State","Florida","FL","classic mrs florida galaxy","Classic Mrs. Florida Galaxy|Classic Mrs Florida Galaxy|Classic Mrs. Florida Galaxy Pageant|Classic Mrs. Florida Galaxy Organization|Classic Mrs. FL Galaxy|Florida Galaxy","false","generated"
"galaxy-usa-ga-miss","galaxy-usa","Miss Georgia Galaxy","Miss","State","Georgia","GA","miss georgia galaxy","Miss Georgia Galaxy|Miss Georgia Galaxy Pageant|Miss Georgia Galaxy Organization|Miss GA Galaxy|Georgia Miss Galaxy|Miss Galaxy Georgia|Georgia Galaxy","false","generated"
"galaxy-usa-ga-mrs","galaxy-usa","Mrs. Georgia Galaxy","Mrs.","State","Georgia","GA","mrs georgia galaxy","Mrs. Georgia Galaxy|Mrs Georgia Galaxy|Mrs. Georgia Galaxy Pageant|Mrs. Georgia Galaxy Organization|Mrs. GA Galaxy|Georgia Mrs. Galaxy|Mrs. Galaxy Georgia|Georgia Galaxy","false","generated"
"galaxy-usa-ga-ms","galaxy-usa","Ms. Georgia Galaxy","Ms.","State","Georgia","GA","ms georgia galaxy","Ms. Georgia Galaxy|Ms Georgia Galaxy|Ms. Georgia Galaxy Pageant|Ms. Georgia Galaxy Organization|Ms. GA Galaxy|Georgia Ms. Galaxy|Ms. Galaxy Georgia|Georgia Galaxy","false","generated"
"galaxy-usa-ga-teen","galaxy-usa","Miss Georgia Teen Galaxy","Teen","State","Georgia","GA","miss georgia teen galaxy","Miss Georgia Teen Galaxy|Miss Georgia Teen Galaxy Pageant|Miss Georgia Teen Galaxy Organization|Miss GA Teen Galaxy|Georgia Miss Teen Galaxy|Miss Teen Galaxy Georgia|Miss Georgia's Teen Galaxy|Georgia Galaxy","false","generated"
"galaxy-usa-ga-junior","galaxy-usa","Junior Miss Georgia Galaxy","Junior","State","Georgia","GA","junior miss georgia galaxy","Junior Miss Georgia Galaxy|Junior Miss Georgia Galaxy Pageant|Junior Miss Georgia Galaxy Organization|Junior Miss GA Galaxy|Georgia Galaxy","false","generated"
"galaxy-usa-ga-classic-mrs","galaxy-usa","Classic Mrs. Georgia Galaxy","Classic Mrs.","State","Georgia","GA","classic mrs georgia galaxy","Classic Mrs. Georgia Galaxy|Classic Mrs Georgia Galaxy|Classic Mrs. Georgia Galaxy Pageant|Classic Mrs. Georgia Galaxy Organization|Classic Mrs. GA Galaxy|Georgia Galaxy","false","generated"
"galaxy-usa-hi-miss","galaxy-usa","Miss Hawaii Galaxy","Miss","State","Hawaii","HI","miss hawaii galaxy","Miss Hawaii Galaxy|Miss Hawaii Galaxy Pageant|Miss Hawaii Galaxy Organization|Miss HI Galaxy|Hawaii Miss Galaxy|Miss Galaxy Hawaii|Hawaii Galaxy","false","generated"
"galaxy-usa-hi-mrs","galaxy-usa","Mrs. Hawaii Galaxy","Mrs.","State","Hawaii","HI","mrs hawaii galaxy","Mrs. Hawaii Galaxy|Mrs Hawaii Galaxy|Mrs. Hawaii Galaxy Pageant|Mrs. Hawaii Galaxy Organization|Mrs. HI Galaxy|Hawaii Mrs. Galaxy|Mrs. Galaxy Hawaii|Hawaii Galaxy","false","generated"
"galaxy-usa-hi-ms","galaxy-usa","Ms. Hawaii Galaxy","Ms.","State","Hawaii","HI","ms hawaii galaxy","Ms. Hawaii Galaxy|Ms Hawaii Galaxy|Ms. Hawaii Galaxy Pageant|Ms. Hawaii Galaxy Organization|Ms. HI Galaxy|Hawaii Ms. Galaxy|Ms. Galaxy Hawaii|Hawaii Galaxy","false","generated"
"galaxy-usa-hi-teen","galaxy-usa","Miss Hawaii Teen Galaxy","Teen","State","Hawaii","HI","miss hawaii teen galaxy","Miss Hawaii Teen Galaxy|Miss Hawaii Teen Galaxy Pageant|Miss Hawaii Teen Galaxy Organization|Miss HI Teen Galaxy|Hawaii Miss Teen Galaxy|Miss Teen Galaxy Hawaii|Miss Hawaii's Teen Galaxy|Hawaii Galaxy","false","generated"
"galaxy-usa-hi-junior","galaxy-usa","Junior Miss Hawaii Galaxy","Junior","State","Hawaii","HI","junior miss hawaii galaxy","Junior Miss Hawaii Galaxy|Junior Miss Hawaii Galaxy Pageant|Junior Miss Hawaii Galaxy Organization|Junior Miss HI Galaxy|Hawaii Galaxy","false","generated"
"galaxy-usa-hi-classic-mrs","galaxy-usa","Classic Mrs. Hawaii Galaxy","Classic Mrs.","State","Hawaii","HI","classic mrs hawaii galaxy","Classic Mrs. Hawaii Galaxy|Classic Mrs Hawaii Galaxy|Classic Mrs. Hawaii Galaxy Pageant|Classic Mrs. Hawaii Galaxy Organization|Classic Mrs. HI Galaxy|Hawaii Galaxy","false","generated"
"galaxy-usa-id-miss","galaxy-usa","Miss Idaho Galaxy","Miss","State","Idaho","ID","miss idaho galaxy","Miss Idaho Galaxy|Miss Idaho Galaxy Pageant|Miss Idaho Galaxy Organization|Miss ID Galaxy|Idaho Miss Galaxy|Miss Galaxy Idaho|Idaho Galaxy","false","generated"
"galaxy-usa-id-mrs","galaxy-usa","Mrs. Idaho Galaxy","Mrs.","State","Idaho","ID","mrs idaho galaxy","Mrs. Idaho Galaxy|Mrs Idaho Galaxy|Mrs. Idaho Galaxy Pageant|Mrs. Idaho Galaxy Organization|Mrs. ID Galaxy|Idaho Mrs. Galaxy|Mrs. Galaxy Idaho|Idaho Galaxy","false","generated"
"galaxy-usa-id-ms","galaxy-usa","Ms. Idaho Galaxy","Ms.","State","Idaho","ID","ms idaho galaxy","Ms. Idaho Galaxy|Ms Idaho Galaxy|Ms. Idaho Galaxy Pageant|Ms. Idaho Galaxy Organization|Ms. ID Galaxy|Idaho Ms. Galaxy|Ms. Galaxy Idaho|Idaho Galaxy","false","generated"
"galaxy-usa-id-teen","galaxy-usa","Miss Idaho Teen Galaxy","Teen","State","Idaho","ID","miss idaho teen galaxy","Miss Idaho Teen Galaxy|Miss Idaho Teen Galaxy Pageant|Miss Idaho Teen Galaxy Organization|Miss ID Teen Galaxy|Idaho Miss Teen Galaxy|Miss Teen Galaxy Idaho|Miss Idaho's Teen Galaxy|Idaho Galaxy","false","generated"
"galaxy-usa-id-junior","galaxy-usa","Junior Miss Idaho Galaxy","Junior","State","Idaho","ID","junior miss idaho galaxy","Junior Miss Idaho Galaxy|Junior Miss Idaho Galaxy Pageant|Junior Miss Idaho Galaxy Organization|Junior Miss ID Galaxy|Idaho Galaxy","false","generated"
"galaxy-usa-id-classic-mrs","galaxy-usa","Classic Mrs. Idaho Galaxy","Classic Mrs.","State","Idaho","ID","classic mrs idaho galaxy","Classic Mrs. Idaho Galaxy|Classic Mrs Idaho Galaxy|Classic Mrs. Idaho Galaxy Pageant|Classic Mrs. Idaho Galaxy Organization|Classic Mrs. ID Galaxy|Idaho Galaxy","false","generated"
"galaxy-usa-il-miss","galaxy-usa","Miss Illinois Galaxy","Miss","State","Illinois","IL","miss illinois galaxy","Miss Illinois Galaxy|Miss Illinois Galaxy Pageant|Miss Illinois Galaxy Organization|Miss IL Galaxy|Illinois Miss Galaxy|Miss Galaxy Illinois|Illinois Galaxy","false","generated"
"galaxy-usa-il-mrs","galaxy-usa","Mrs. Illinois Galaxy","Mrs.","State","Illinois","IL","mrs illinois galaxy","Mrs. Illinois Galaxy|Mrs Illinois Galaxy|Mrs. Illinois Galaxy Pageant|Mrs. Illinois Galaxy Organization|Mrs. IL Galaxy|Illinois Mrs. Galaxy|Mrs. Galaxy Illinois|Illinois Galaxy","false","generated"
"galaxy-usa-il-ms","galaxy-usa","Ms. Illinois Galaxy","Ms.","State","Illinois","IL","ms illinois galaxy","Ms. Illinois Galaxy|Ms Illinois Galaxy|Ms. Illinois Galaxy Pageant|Ms. Illinois Galaxy Organization|Ms. IL Galaxy|Illinois Ms. Galaxy|Ms. Galaxy Illinois|Illinois Galaxy","false","generated"
"galaxy-usa-il-teen","galaxy-usa","Miss Illinois Teen Galaxy","Teen","State","Illinois","IL","miss illinois teen galaxy","Miss Illinois Teen Galaxy|Miss Illinois Teen Galaxy Pageant|Miss Illinois Teen Galaxy Organization|Miss IL Teen Galaxy|Illinois Miss Teen Galaxy|Miss Teen Galaxy Illinois|Miss Illinois's Teen Galaxy|Illinois Galaxy","false","generated"
"galaxy-usa-il-junior","galaxy-usa","Junior Miss Illinois Galaxy","Junior","State","Illinois","IL","junior miss illinois galaxy","Junior Miss Illinois Galaxy|Junior Miss Illinois Galaxy Pageant|Junior Miss Illinois Galaxy Organization|Junior Miss IL Galaxy|Illinois Galaxy","false","generated"
"galaxy-usa-il-classic-mrs","galaxy-usa","Classic Mrs. Illinois Galaxy","Classic Mrs.","State","Illinois","IL","classic mrs illinois galaxy","Classic Mrs. Illinois Galaxy|Classic Mrs Illinois Galaxy|Classic Mrs. Illinois Galaxy Pageant|Classic Mrs. Illinois Galaxy Organization|Classic Mrs. IL Galaxy|Illinois Galaxy","false","generated"
"galaxy-usa-in-miss","galaxy-usa","Miss Indiana Galaxy","Miss","State","Indiana","IN","miss indiana galaxy","Miss Indiana Galaxy|Miss Indiana Galaxy Pageant|Miss Indiana Galaxy Organization|Miss IN Galaxy|Indiana Miss Galaxy|Miss Galaxy Indiana|Indiana Galaxy","false","generated"
"galaxy-usa-in-mrs","galaxy-usa","Mrs. Indiana Galaxy","Mrs.","State","Indiana","IN","mrs indiana galaxy","Mrs. Indiana Galaxy|Mrs Indiana Galaxy|Mrs. Indiana Galaxy Pageant|Mrs. Indiana Galaxy Organization|Mrs. IN Galaxy|Indiana Mrs. Galaxy|Mrs. Galaxy Indiana|Indiana Galaxy","false","generated"
"galaxy-usa-in-ms","galaxy-usa","Ms. Indiana Galaxy","Ms.","State","Indiana","IN","ms indiana galaxy","Ms. Indiana Galaxy|Ms Indiana Galaxy|Ms. Indiana Galaxy Pageant|Ms. Indiana Galaxy Organization|Ms. IN Galaxy|Indiana Ms. Galaxy|Ms. Galaxy Indiana|Indiana Galaxy","false","generated"
"galaxy-usa-in-teen","galaxy-usa","Miss Indiana Teen Galaxy","Teen","State","Indiana","IN","miss indiana teen galaxy","Miss Indiana Teen Galaxy|Miss Indiana Teen Galaxy Pageant|Miss Indiana Teen Galaxy Organization|Miss IN Teen Galaxy|Indiana Miss Teen Galaxy|Miss Teen Galaxy Indiana|Miss Indiana's Teen Galaxy|Indiana Galaxy","false","generated"
"galaxy-usa-in-junior","galaxy-usa","Junior Miss Indiana Galaxy","Junior","State","Indiana","IN","junior miss indiana galaxy","Junior Miss Indiana Galaxy|Junior Miss Indiana Galaxy Pageant|Junior Miss Indiana Galaxy Organization|Junior Miss IN Galaxy|Indiana Galaxy","false","generated"
"galaxy-usa-in-classic-mrs","galaxy-usa","Classic Mrs. Indiana Galaxy","Classic Mrs.","State","Indiana","IN","classic mrs indiana galaxy","Classic Mrs. Indiana Galaxy|Classic Mrs Indiana Galaxy|Classic Mrs. Indiana Galaxy Pageant|Classic Mrs. Indiana Galaxy Organization|Classic Mrs. IN Galaxy|Indiana Galaxy","false","generated"
"galaxy-usa-ia-miss","galaxy-usa","Miss Iowa Galaxy","Miss","State","Iowa","IA","miss iowa galaxy","Miss Iowa Galaxy|Miss Iowa Galaxy Pageant|Miss Iowa Galaxy Organization|Miss IA Galaxy|Iowa Miss Galaxy|Miss Galaxy Iowa|Iowa Galaxy","false","generated"
"galaxy-usa-ia-mrs","galaxy-usa","Mrs. Iowa Galaxy","Mrs.","State","Iowa","IA","mrs iowa galaxy","Mrs. Iowa Galaxy|Mrs Iowa Galaxy|Mrs. Iowa Galaxy Pageant|Mrs. Iowa Galaxy Organization|Mrs. IA Galaxy|Iowa Mrs. Galaxy|Mrs. Galaxy Iowa|Iowa Galaxy","false","generated"
"galaxy-usa-ia-ms","galaxy-usa","Ms. Iowa Galaxy","Ms.","State","Iowa","IA","ms iowa galaxy","Ms. Iowa Galaxy|Ms Iowa Galaxy|Ms. Iowa Galaxy Pageant|Ms. Iowa Galaxy Organization|Ms. IA Galaxy|Iowa Ms. Galaxy|Ms. Galaxy Iowa|Iowa Galaxy","false","generated"
"galaxy-usa-ia-teen","galaxy-usa","Miss Iowa Teen Galaxy","Teen","State","Iowa","IA","miss iowa teen galaxy","Miss Iowa Teen Galaxy|Miss Iowa Teen Galaxy Pageant|Miss Iowa Teen Galaxy Organization|Miss IA Teen Galaxy|Iowa Miss Teen Galaxy|Miss Teen Galaxy Iowa|Miss Iowa's Teen Galaxy|Iowa Galaxy","false","generated"
"galaxy-usa-ia-junior","galaxy-usa","Junior Miss Iowa Galaxy","Junior","State","Iowa","IA","junior miss iowa galaxy","Junior Miss Iowa Galaxy|Junior Miss Iowa Galaxy Pageant|Junior Miss Iowa Galaxy Organization|Junior Miss IA Galaxy|Iowa Galaxy","false","generated"
"galaxy-usa-ia-classic-mrs","galaxy-usa","Classic Mrs. Iowa Galaxy","Classic Mrs.","State","Iowa","IA","classic mrs iowa galaxy","Classic Mrs. Iowa Galaxy|Classic Mrs Iowa Galaxy|Classic Mrs. Iowa Galaxy Pageant|Classic Mrs. Iowa Galaxy Organization|Classic Mrs. IA Galaxy|Iowa Galaxy","false","generated"
"galaxy-usa-ks-miss","galaxy-usa","Miss Kansas Galaxy","Miss","State","Kansas","KS","miss kansas galaxy","Miss Kansas Galaxy|Miss Kansas Galaxy Pageant|Miss Kansas Galaxy Organization|Miss KS Galaxy|Kansas Miss Galaxy|Miss Galaxy Kansas|Kansas Galaxy","false","generated"
"galaxy-usa-ks-mrs","galaxy-usa","Mrs. Kansas Galaxy","Mrs.","State","Kansas","KS","mrs kansas galaxy","Mrs. Kansas Galaxy|Mrs Kansas Galaxy|Mrs. Kansas Galaxy Pageant|Mrs. Kansas Galaxy Organization|Mrs. KS Galaxy|Kansas Mrs. Galaxy|Mrs. Galaxy Kansas|Kansas Galaxy","false","generated"
"galaxy-usa-ks-ms","galaxy-usa","Ms. Kansas Galaxy","Ms.","State","Kansas","KS","ms kansas galaxy","Ms. Kansas Galaxy|Ms Kansas Galaxy|Ms. Kansas Galaxy Pageant|Ms. Kansas Galaxy Organization|Ms. KS Galaxy|Kansas Ms. Galaxy|Ms. Galaxy Kansas|Kansas Galaxy","false","generated"
"galaxy-usa-ks-teen","galaxy-usa","Miss Kansas Teen Galaxy","Teen","State","Kansas","KS","miss kansas teen galaxy","Miss Kansas Teen Galaxy|Miss Kansas Teen Galaxy Pageant|Miss Kansas Teen Galaxy Organization|Miss KS Teen Galaxy|Kansas Miss Teen Galaxy|Miss Teen Galaxy Kansas|Miss Kansas's Teen Galaxy|Kansas Galaxy","false","generated"
"galaxy-usa-ks-junior","galaxy-usa","Junior Miss Kansas Galaxy","Junior","State","Kansas","KS","junior miss kansas galaxy","Junior Miss Kansas Galaxy|Junior Miss Kansas Galaxy Pageant|Junior Miss Kansas Galaxy Organization|Junior Miss KS Galaxy|Kansas Galaxy","false","generated"
"galaxy-usa-ks-classic-mrs","galaxy-usa","Classic Mrs. Kansas Galaxy","Classic Mrs.","State","Kansas","KS","classic mrs kansas galaxy","Classic Mrs. Kansas Galaxy|Classic Mrs Kansas Galaxy|Classic Mrs. Kansas Galaxy Pageant|Classic Mrs. Kansas Galaxy Organization|Classic Mrs. KS Galaxy|Kansas Galaxy","false","generated"
"galaxy-usa-ky-miss","galaxy-usa","Miss Kentucky Galaxy","Miss","State","Kentucky","KY","miss kentucky galaxy","Miss Kentucky Galaxy|Miss Kentucky Galaxy Pageant|Miss Kentucky Galaxy Organization|Miss KY Galaxy|Kentucky Miss Galaxy|Miss Galaxy Kentucky|Kentucky Galaxy","false","generated"
"galaxy-usa-ky-mrs","galaxy-usa","Mrs. Kentucky Galaxy","Mrs.","State","Kentucky","KY","mrs kentucky galaxy","Mrs. Kentucky Galaxy|Mrs Kentucky Galaxy|Mrs. Kentucky Galaxy Pageant|Mrs. Kentucky Galaxy Organization|Mrs. KY Galaxy|Kentucky Mrs. Galaxy|Mrs. Galaxy Kentucky|Kentucky Galaxy","false","generated"
"galaxy-usa-ky-ms","galaxy-usa","Ms. Kentucky Galaxy","Ms.","State","Kentucky","KY","ms kentucky galaxy","Ms. Kentucky Galaxy|Ms Kentucky Galaxy|Ms. Kentucky Galaxy Pageant|Ms. Kentucky Galaxy Organization|Ms. KY Galaxy|Kentucky Ms. Galaxy|Ms. Galaxy Kentucky|Kentucky Galaxy","false","generated"
"galaxy-usa-ky-teen","galaxy-usa","Miss Kentucky Teen Galaxy","Teen","State","Kentucky","KY","miss kentucky teen galaxy","Miss Kentucky Teen Galaxy|Miss Kentucky Teen Galaxy Pageant|Miss Kentucky Teen Galaxy Organization|Miss KY Teen Galaxy|Kentucky Miss Teen Galaxy|Miss Teen Galaxy Kentucky|Miss Kentucky's Teen Galaxy|Kentucky Galaxy","false","generated"
"galaxy-usa-ky-junior","galaxy-usa","Junior Miss Kentucky Galaxy","Junior","State","Kentucky","KY","junior miss kentucky galaxy","Junior Miss Kentucky Galaxy|Junior Miss Kentucky Galaxy Pageant|Junior Miss Kentucky Galaxy Organization|Junior Miss KY Galaxy|Kentucky Galaxy","false","generated"
"galaxy-usa-ky-classic-mrs","galaxy-usa","Classic Mrs. Kentucky Galaxy","Classic Mrs.","State","Kentucky","KY","classic mrs kentucky galaxy","Classic Mrs. Kentucky Galaxy|Classic Mrs Kentucky Galaxy|Classic Mrs. Kentucky Galaxy Pageant|Classic Mrs. Kentucky Galaxy Organization|Classic Mrs. KY Galaxy|Kentucky Galaxy","false","generated"
"galaxy-usa-la-miss","galaxy-usa","Miss Louisiana Galaxy","Miss","State","Louisiana","LA","miss louisiana galaxy","Miss Louisiana Galaxy|Miss Louisiana Galaxy Pageant|Miss Louisiana Galaxy Organization|Miss LA Galaxy|Louisiana Miss Galaxy|Miss Galaxy Louisiana|Louisiana Galaxy","false","generated"
"galaxy-usa-la-mrs","galaxy-usa","Mrs. Louisiana Galaxy","Mrs.","State","Louisiana","LA","mrs louisiana galaxy","Mrs. Louisiana Galaxy|Mrs Louisiana Galaxy|Mrs. Louisiana Galaxy Pageant|Mrs. Louisiana Galaxy Organization|Mrs. LA Galaxy|Louisiana Mrs. Galaxy|Mrs. Galaxy Louisiana|Louisiana Galaxy","false","generated"
"galaxy-usa-la-ms","galaxy-usa","Ms. Louisiana Galaxy","Ms.","State","Louisiana","LA","ms louisiana galaxy","Ms. Louisiana Galaxy|Ms Louisiana Galaxy|Ms. Louisiana Galaxy Pageant|Ms. Louisiana Galaxy Organization|Ms. LA Galaxy|Louisiana Ms. Galaxy|Ms. Galaxy Louisiana|Louisiana Galaxy","false","generated"
"galaxy-usa-la-teen","galaxy-usa","Miss Louisiana Teen Galaxy","Teen","State","Louisiana","LA","miss louisiana teen galaxy","Miss Louisiana Teen Galaxy|Miss Louisiana Teen Galaxy Pageant|Miss Louisiana Teen Galaxy Organization|Miss LA Teen Galaxy|Louisiana Miss Teen Galaxy|Miss Teen Galaxy Louisiana|Miss Louisiana's Teen Galaxy|Louisiana Galaxy","false","generated"
"galaxy-usa-la-junior","galaxy-usa","Junior Miss Louisiana Galaxy","Junior","State","Louisiana","LA","junior miss louisiana galaxy","Junior Miss Louisiana Galaxy|Junior Miss Louisiana Galaxy Pageant|Junior Miss Louisiana Galaxy Organization|Junior Miss LA Galaxy|Louisiana Galaxy","false","generated"
"galaxy-usa-la-classic-mrs","galaxy-usa","Classic Mrs. Louisiana Galaxy","Classic Mrs.","State","Louisiana","LA","classic mrs louisiana galaxy","Classic Mrs. Louisiana Galaxy|Classic Mrs Louisiana Galaxy|Classic Mrs. Louisiana Galaxy Pageant|Classic Mrs. Louisiana Galaxy Organization|Classic Mrs. LA Galaxy|Louisiana Galaxy","false","generated"
"galaxy-usa-me-miss","galaxy-usa","Miss Maine Galaxy","Miss","State","Maine","ME","miss maine galaxy","Miss Maine Galaxy|Miss Maine Galaxy Pageant|Miss Maine Galaxy Organization|Miss ME Galaxy|Maine Miss Galaxy|Miss Galaxy Maine|Maine Galaxy","false","generated"
"galaxy-usa-me-mrs","galaxy-usa","Mrs. Maine Galaxy","Mrs.","State","Maine","ME","mrs maine galaxy","Mrs. Maine Galaxy|Mrs Maine Galaxy|Mrs. Maine Galaxy Pageant|Mrs. Maine Galaxy Organization|Mrs. ME Galaxy|Maine Mrs. Galaxy|Mrs. Galaxy Maine|Maine Galaxy","false","generated"
"galaxy-usa-me-ms","galaxy-usa","Ms. Maine Galaxy","Ms.","State","Maine","ME","ms maine galaxy","Ms. Maine Galaxy|Ms Maine Galaxy|Ms. Maine Galaxy Pageant|Ms. Maine Galaxy Organization|Ms. ME Galaxy|Maine Ms. Galaxy|Ms. Galaxy Maine|Maine Galaxy","false","generated"
"galaxy-usa-me-teen","galaxy-usa","Miss Maine Teen Galaxy","Teen","State","Maine","ME","miss maine teen galaxy","Miss Maine Teen Galaxy|Miss Maine Teen Galaxy Pageant|Miss Maine Teen Galaxy Organization|Miss ME Teen Galaxy|Maine Miss Teen Galaxy|Miss Teen Galaxy Maine|Miss Maine's Teen Galaxy|Maine Galaxy","false","generated"
"galaxy-usa-me-junior","galaxy-usa","Junior Miss Maine Galaxy","Junior","State","Maine","ME","junior miss maine galaxy","Junior Miss Maine Galaxy|Junior Miss Maine Galaxy Pageant|Junior Miss Maine Galaxy Organization|Junior Miss ME Galaxy|Maine Galaxy","false","generated"
"galaxy-usa-me-classic-mrs","galaxy-usa","Classic Mrs. Maine Galaxy","Classic Mrs.","State","Maine","ME","classic mrs maine galaxy","Classic Mrs. Maine Galaxy|Classic Mrs Maine Galaxy|Classic Mrs. Maine Galaxy Pageant|Classic Mrs. Maine Galaxy Organization|Classic Mrs. ME Galaxy|Maine Galaxy","false","generated"
"galaxy-usa-md-miss","galaxy-usa","Miss Maryland Galaxy","Miss","State","Maryland","MD","miss maryland galaxy","Miss Maryland Galaxy|Miss Maryland Galaxy Pageant|Miss Maryland Galaxy Organization|Miss MD Galaxy|Maryland Miss Galaxy|Miss Galaxy Maryland|Maryland Galaxy","false","generated"
"galaxy-usa-md-mrs","galaxy-usa","Mrs. Maryland Galaxy","Mrs.","State","Maryland","MD","mrs maryland galaxy","Mrs. Maryland Galaxy|Mrs Maryland Galaxy|Mrs. Maryland Galaxy Pageant|Mrs. Maryland Galaxy Organization|Mrs. MD Galaxy|Maryland Mrs. Galaxy|Mrs. Galaxy Maryland|Maryland Galaxy","false","generated"
"galaxy-usa-md-ms","galaxy-usa","Ms. Maryland Galaxy","Ms.","State","Maryland","MD","ms maryland galaxy","Ms. Maryland Galaxy|Ms Maryland Galaxy|Ms. Maryland Galaxy Pageant|Ms. Maryland Galaxy Organization|Ms. MD Galaxy|Maryland Ms. Galaxy|Ms. Galaxy Maryland|Maryland Galaxy","false","generated"
"galaxy-usa-md-teen","galaxy-usa","Miss Maryland Teen Galaxy","Teen","State","Maryland","MD","miss maryland teen galaxy","Miss Maryland Teen Galaxy|Miss Maryland Teen Galaxy Pageant|Miss Maryland Teen Galaxy Organization|Miss MD Teen Galaxy|Maryland Miss Teen Galaxy|Miss Teen Galaxy Maryland|Miss Maryland's Teen Galaxy|Maryland Galaxy","false","generated"
"galaxy-usa-md-junior","galaxy-usa","Junior Miss Maryland Galaxy","Junior","State","Maryland","MD","junior miss maryland galaxy","Junior Miss Maryland Galaxy|Junior Miss Maryland Galaxy Pageant|Junior Miss Maryland Galaxy Organization|Junior Miss MD Galaxy|Maryland Galaxy","false","generated"
"galaxy-usa-md-classic-mrs","galaxy-usa","Classic Mrs. Maryland Galaxy","Classic Mrs.","State","Maryland","MD","classic mrs maryland galaxy","Classic Mrs. Maryland Galaxy|Classic Mrs Maryland Galaxy|Classic Mrs. Maryland Galaxy Pageant|Classic Mrs. Maryland Galaxy Organization|Classic Mrs. MD Galaxy|Maryland Galaxy","false","generated"
"galaxy-usa-ma-miss","galaxy-usa","Miss Massachusetts Galaxy","Miss","State","Massachusetts","MA","miss massachusetts galaxy","Miss Massachusetts Galaxy|Miss Massachusetts Galaxy Pageant|Miss Massachusetts Galaxy Organization|Miss MA Galaxy|Massachusetts Miss Galaxy|Miss Galaxy Massachusetts|Massachusetts Galaxy","false","generated"
"galaxy-usa-ma-mrs","galaxy-usa","Mrs. Massachusetts Galaxy","Mrs.","State","Massachusetts","MA","mrs massachusetts galaxy","Mrs. Massachusetts Galaxy|Mrs Massachusetts Galaxy|Mrs. Massachusetts Galaxy Pageant|Mrs. Massachusetts Galaxy Organization|Mrs. MA Galaxy|Massachusetts Mrs. Galaxy|Mrs. Galaxy Massachusetts|Massachusetts Galaxy","false","generated"
"galaxy-usa-ma-ms","galaxy-usa","Ms. Massachusetts Galaxy","Ms.","State","Massachusetts","MA","ms massachusetts galaxy","Ms. Massachusetts Galaxy|Ms Massachusetts Galaxy|Ms. Massachusetts Galaxy Pageant|Ms. Massachusetts Galaxy Organization|Ms. MA Galaxy|Massachusetts Ms. Galaxy|Ms. Galaxy Massachusetts|Massachusetts Galaxy","false","generated"
"galaxy-usa-ma-teen","galaxy-usa","Miss Massachusetts Teen Galaxy","Teen","State","Massachusetts","MA","miss massachusetts teen galaxy","Miss Massachusetts Teen Galaxy|Miss Massachusetts Teen Galaxy Pageant|Miss Massachusetts Teen Galaxy Organization|Miss MA Teen Galaxy|Massachusetts Miss Teen Galaxy|Miss Teen Galaxy Massachusetts|Miss Massachusetts's Teen Galaxy|Massachusetts Galaxy","false","generated"
"galaxy-usa-ma-junior","galaxy-usa","Junior Miss Massachusetts Galaxy","Junior","State","Massachusetts","MA","junior miss massachusetts galaxy","Junior Miss Massachusetts Galaxy|Junior Miss Massachusetts Galaxy Pageant|Junior Miss Massachusetts Galaxy Organization|Junior Miss MA Galaxy|Massachusetts Galaxy","false","generated"
"galaxy-usa-ma-classic-mrs","galaxy-usa","Classic Mrs. Massachusetts Galaxy","Classic Mrs.","State","Massachusetts","MA","classic mrs massachusetts galaxy","Classic Mrs. Massachusetts Galaxy|Classic Mrs Massachusetts Galaxy|Classic Mrs. Massachusetts Galaxy Pageant|Classic Mrs. Massachusetts Galaxy Organization|Classic Mrs. MA Galaxy|Massachusetts Galaxy","false","generated"
"galaxy-usa-mi-miss","galaxy-usa","Miss Michigan Galaxy","Miss","State","Michigan","MI","miss michigan galaxy","Miss Michigan Galaxy|Miss Michigan Galaxy Pageant|Miss Michigan Galaxy Organization|Miss MI Galaxy|Michigan Miss Galaxy|Miss Galaxy Michigan|Michigan Galaxy","false","generated"
"galaxy-usa-mi-mrs","galaxy-usa","Mrs. Michigan Galaxy","Mrs.","State","Michigan","MI","mrs michigan galaxy","Mrs. Michigan Galaxy|Mrs Michigan Galaxy|Mrs. Michigan Galaxy Pageant|Mrs. Michigan Galaxy Organization|Mrs. MI Galaxy|Michigan Mrs. Galaxy|Mrs. Galaxy Michigan|Michigan Galaxy","false","generated"
"galaxy-usa-mi-ms","galaxy-usa","Ms. Michigan Galaxy","Ms.","State","Michigan","MI","ms michigan galaxy","Ms. Michigan Galaxy|Ms Michigan Galaxy|Ms. Michigan Galaxy Pageant|Ms. Michigan Galaxy Organization|Ms. MI Galaxy|Michigan Ms. Galaxy|Ms. Galaxy Michigan|Michigan Galaxy","false","generated"
"galaxy-usa-mi-teen","galaxy-usa","Miss Michigan Teen Galaxy","Teen","State","Michigan","MI","miss michigan teen galaxy","Miss Michigan Teen Galaxy|Miss Michigan Teen Galaxy Pageant|Miss Michigan Teen Galaxy Organization|Miss MI Teen Galaxy|Michigan Miss Teen Galaxy|Miss Teen Galaxy Michigan|Miss Michigan's Teen Galaxy|Michigan Galaxy","false","generated"
"galaxy-usa-mi-junior","galaxy-usa","Junior Miss Michigan Galaxy","Junior","State","Michigan","MI","junior miss michigan galaxy","Junior Miss Michigan Galaxy|Junior Miss Michigan Galaxy Pageant|Junior Miss Michigan Galaxy Organization|Junior Miss MI Galaxy|Michigan Galaxy","false","generated"
"galaxy-usa-mi-classic-mrs","galaxy-usa","Classic Mrs. Michigan Galaxy","Classic Mrs.","State","Michigan","MI","classic mrs michigan galaxy","Classic Mrs. Michigan Galaxy|Classic Mrs Michigan Galaxy|Classic Mrs. Michigan Galaxy Pageant|Classic Mrs. Michigan Galaxy Organization|Classic Mrs. MI Galaxy|Michigan Galaxy","false","generated"
"galaxy-usa-mn-miss","galaxy-usa","Miss Minnesota Galaxy","Miss","State","Minnesota","MN","miss minnesota galaxy","Miss Minnesota Galaxy|Miss Minnesota Galaxy Pageant|Miss Minnesota Galaxy Organization|Miss MN Galaxy|Minnesota Miss Galaxy|Miss Galaxy Minnesota|Minnesota Galaxy","false","generated"
"galaxy-usa-mn-mrs","galaxy-usa","Mrs. Minnesota Galaxy","Mrs.","State","Minnesota","MN","mrs minnesota galaxy","Mrs. Minnesota Galaxy|Mrs Minnesota Galaxy|Mrs. Minnesota Galaxy Pageant|Mrs. Minnesota Galaxy Organization|Mrs. MN Galaxy|Minnesota Mrs. Galaxy|Mrs. Galaxy Minnesota|Minnesota Galaxy","false","generated"
"galaxy-usa-mn-ms","galaxy-usa","Ms. Minnesota Galaxy","Ms.","State","Minnesota","MN","ms minnesota galaxy","Ms. Minnesota Galaxy|Ms Minnesota Galaxy|Ms. Minnesota Galaxy Pageant|Ms. Minnesota Galaxy Organization|Ms. MN Galaxy|Minnesota Ms. Galaxy|Ms. Galaxy Minnesota|Minnesota Galaxy","false","generated"
"galaxy-usa-mn-teen","galaxy-usa","Miss Minnesota Teen Galaxy","Teen","State","Minnesota","MN","miss minnesota teen galaxy","Miss Minnesota Teen Galaxy|Miss Minnesota Teen Galaxy Pageant|Miss Minnesota Teen Galaxy Organization|Miss MN Teen Galaxy|Minnesota Miss Teen Galaxy|Miss Teen Galaxy Minnesota|Miss Minnesota's Teen Galaxy|Minnesota Galaxy","false","generated"
"galaxy-usa-mn-junior","galaxy-usa","Junior Miss Minnesota Galaxy","Junior","State","Minnesota","MN","junior miss minnesota galaxy","Junior Miss Minnesota Galaxy|Junior Miss Minnesota Galaxy Pageant|Junior Miss Minnesota Galaxy Organization|Junior Miss MN Galaxy|Minnesota Galaxy","false","generated"
"galaxy-usa-mn-classic-mrs","galaxy-usa","Classic Mrs. Minnesota Galaxy","Classic Mrs.","State","Minnesota","MN","classic mrs minnesota galaxy","Classic Mrs. Minnesota Galaxy|Classic Mrs Minnesota Galaxy|Classic Mrs. Minnesota Galaxy Pageant|Classic Mrs. Minnesota Galaxy Organization|Classic Mrs. MN Galaxy|Minnesota Galaxy","false","generated"
"galaxy-usa-ms-miss","galaxy-usa","Miss Mississippi Galaxy","Miss","State","Mississippi","MS","miss mississippi galaxy","Miss Mississippi Galaxy|Miss Mississippi Galaxy Pageant|Miss Mississippi Galaxy Organization|Miss MS Galaxy|Mississippi Miss Galaxy|Miss Galaxy Mississippi|Mississippi Galaxy","false","generated"
"galaxy-usa-ms-mrs","galaxy-usa","Mrs. Mississippi Galaxy","Mrs.","State","Mississippi","MS","mrs mississippi galaxy","Mrs. Mississippi Galaxy|Mrs Mississippi Galaxy|Mrs. Mississippi Galaxy Pageant|Mrs. Mississippi Galaxy Organization|Mrs. MS Galaxy|Mississippi Mrs. Galaxy|Mrs. Galaxy Mississippi|Mississippi Galaxy","false","generated"
"galaxy-usa-ms-ms","galaxy-usa","Ms. Mississippi Galaxy","Ms.","State","Mississippi","MS","ms mississippi galaxy","Ms. Mississippi Galaxy|Ms Mississippi Galaxy|Ms. Mississippi Galaxy Pageant|Ms. Mississippi Galaxy Organization|Ms. MS Galaxy|Mississippi Ms. Galaxy|Ms. Galaxy Mississippi|Mississippi Galaxy","false","generated"
"galaxy-usa-ms-teen","galaxy-usa","Miss Mississippi Teen Galaxy","Teen","State","Mississippi","MS","miss mississippi teen galaxy","Miss Mississippi Teen Galaxy|Miss Mississippi Teen Galaxy Pageant|Miss Mississippi Teen Galaxy Organization|Miss MS Teen Galaxy|Mississippi Miss Teen Galaxy|Miss Teen Galaxy Mississippi|Miss Mississippi's Teen Galaxy|Mississippi Galaxy","false","generated"
"galaxy-usa-ms-junior","galaxy-usa","Junior Miss Mississippi Galaxy","Junior","State","Mississippi","MS","junior miss mississippi galaxy","Junior Miss Mississippi Galaxy|Junior Miss Mississippi Galaxy Pageant|Junior Miss Mississippi Galaxy Organization|Junior Miss MS Galaxy|Mississippi Galaxy","false","generated"
"galaxy-usa-ms-classic-mrs","galaxy-usa","Classic Mrs. Mississippi Galaxy","Classic Mrs.","State","Mississippi","MS","classic mrs mississippi galaxy","Classic Mrs. Mississippi Galaxy|Classic Mrs Mississippi Galaxy|Classic Mrs. Mississippi Galaxy Pageant|Classic Mrs. Mississippi Galaxy Organization|Classic Mrs. MS Galaxy|Mississippi Galaxy","false","generated"
"galaxy-usa-mo-miss","galaxy-usa","Miss Missouri Galaxy","Miss","State","Missouri","MO","miss missouri galaxy","Miss Missouri Galaxy|Miss Missouri Galaxy Pageant|Miss Missouri Galaxy Organization|Miss MO Galaxy|Missouri Miss Galaxy|Miss Galaxy Missouri|Missouri Galaxy","false","generated"
"galaxy-usa-mo-mrs","galaxy-usa","Mrs. Missouri Galaxy","Mrs.","State","Missouri","MO","mrs missouri galaxy","Mrs. Missouri Galaxy|Mrs Missouri Galaxy|Mrs. Missouri Galaxy Pageant|Mrs. Missouri Galaxy Organization|Mrs. MO Galaxy|Missouri Mrs. Galaxy|Mrs. Galaxy Missouri|Missouri Galaxy","false","generated"
"galaxy-usa-mo-ms","galaxy-usa","Ms. Missouri Galaxy","Ms.","State","Missouri","MO","ms missouri galaxy","Ms. Missouri Galaxy|Ms Missouri Galaxy|Ms. Missouri Galaxy Pageant|Ms. Missouri Galaxy Organization|Ms. MO Galaxy|Missouri Ms. Galaxy|Ms. Galaxy Missouri|Missouri Galaxy","false","generated"
"galaxy-usa-mo-teen","galaxy-usa","Miss Missouri Teen Galaxy","Teen","State","Missouri","MO","miss missouri teen galaxy","Miss Missouri Teen Galaxy|Miss Missouri Teen Galaxy Pageant|Miss Missouri Teen Galaxy Organization|Miss MO Teen Galaxy|Missouri Miss Teen Galaxy|Miss Teen Galaxy Missouri|Miss Missouri's Teen Galaxy|Missouri Galaxy","false","generated"
"galaxy-usa-mo-junior","galaxy-usa","Junior Miss Missouri Galaxy","Junior","State","Missouri","MO","junior miss missouri galaxy","Junior Miss Missouri Galaxy|Junior Miss Missouri Galaxy Pageant|Junior Miss Missouri Galaxy Organization|Junior Miss MO Galaxy|Missouri Galaxy","false","generated"
"galaxy-usa-mo-classic-mrs","galaxy-usa","Classic Mrs. Missouri Galaxy","Classic Mrs.","State","Missouri","MO","classic mrs missouri galaxy","Classic Mrs. Missouri Galaxy|Classic Mrs Missouri Galaxy|Classic Mrs. Missouri Galaxy Pageant|Classic Mrs. Missouri Galaxy Organization|Classic Mrs. MO Galaxy|Missouri Galaxy","false","generated"
"galaxy-usa-mt-miss","galaxy-usa","Miss Montana Galaxy","Miss","State","Montana","MT","miss montana galaxy","Miss Montana Galaxy|Miss Montana Galaxy Pageant|Miss Montana Galaxy Organization|Miss MT Galaxy|Montana Miss Galaxy|Miss Galaxy Montana|Montana Galaxy","false","generated"
"galaxy-usa-mt-mrs","galaxy-usa","Mrs. Montana Galaxy","Mrs.","State","Montana","MT","mrs montana galaxy","Mrs. Montana Galaxy|Mrs Montana Galaxy|Mrs. Montana Galaxy Pageant|Mrs. Montana Galaxy Organization|Mrs. MT Galaxy|Montana Mrs. Galaxy|Mrs. Galaxy Montana|Montana Galaxy","false","generated"
"galaxy-usa-mt-ms","galaxy-usa","Ms. Montana Galaxy","Ms.","State","Montana","MT","ms montana galaxy","Ms. Montana Galaxy|Ms Montana Galaxy|Ms. Montana Galaxy Pageant|Ms. Montana Galaxy Organization|Ms. MT Galaxy|Montana Ms. Galaxy|Ms. Galaxy Montana|Montana Galaxy","false","generated"
"galaxy-usa-mt-teen","galaxy-usa","Miss Montana Teen Galaxy","Teen","State","Montana","MT","miss montana teen galaxy","Miss Montana Teen Galaxy|Miss Montana Teen Galaxy Pageant|Miss Montana Teen Galaxy Organization|Miss MT Teen Galaxy|Montana Miss Teen Galaxy|Miss Teen Galaxy Montana|Miss Montana's Teen Galaxy|Montana Galaxy","false","generated"
"galaxy-usa-mt-junior","galaxy-usa","Junior Miss Montana Galaxy","Junior","State","Montana","MT","junior miss montana galaxy","Junior Miss Montana Galaxy|Junior Miss Montana Galaxy Pageant|Junior Miss Montana Galaxy Organization|Junior Miss MT Galaxy|Montana Galaxy","false","generated"
"galaxy-usa-mt-classic-mrs","galaxy-usa","Classic Mrs. Montana Galaxy","Classic Mrs.","State","Montana","MT","classic mrs montana galaxy","Classic Mrs. Montana Galaxy|Classic Mrs Montana Galaxy|Classic Mrs. Montana Galaxy Pageant|Classic Mrs. Montana Galaxy Organization|Classic Mrs. MT Galaxy|Montana Galaxy","false","generated"
"galaxy-usa-ne-miss","galaxy-usa","Miss Nebraska Galaxy","Miss","State","Nebraska","NE","miss nebraska galaxy","Miss Nebraska Galaxy|Miss Nebraska Galaxy Pageant|Miss Nebraska Galaxy Organization|Miss NE Galaxy|Nebraska Miss Galaxy|Miss Galaxy Nebraska|Nebraska Galaxy","false","generated"
"galaxy-usa-ne-mrs","galaxy-usa","Mrs. Nebraska Galaxy","Mrs.","State","Nebraska","NE","mrs nebraska galaxy","Mrs. Nebraska Galaxy|Mrs Nebraska Galaxy|Mrs. Nebraska Galaxy Pageant|Mrs. Nebraska Galaxy Organization|Mrs. NE Galaxy|Nebraska Mrs. Galaxy|Mrs. Galaxy Nebraska|Nebraska Galaxy","false","generated"
"galaxy-usa-ne-ms","galaxy-usa","Ms. Nebraska Galaxy","Ms.","State","Nebraska","NE","ms nebraska galaxy","Ms. Nebraska Galaxy|Ms Nebraska Galaxy|Ms. Nebraska Galaxy Pageant|Ms. Nebraska Galaxy Organization|Ms. NE Galaxy|Nebraska Ms. Galaxy|Ms. Galaxy Nebraska|Nebraska Galaxy","false","generated"
"galaxy-usa-ne-teen","galaxy-usa","Miss Nebraska Teen Galaxy","Teen","State","Nebraska","NE","miss nebraska teen galaxy","Miss Nebraska Teen Galaxy|Miss Nebraska Teen Galaxy Pageant|Miss Nebraska Teen Galaxy Organization|Miss NE Teen Galaxy|Nebraska Miss Teen Galaxy|Miss Teen Galaxy Nebraska|Miss Nebraska's Teen Galaxy|Nebraska Galaxy","false","generated"
"galaxy-usa-ne-junior","galaxy-usa","Junior Miss Nebraska Galaxy","Junior","State","Nebraska","NE","junior miss nebraska galaxy","Junior Miss Nebraska Galaxy|Junior Miss Nebraska Galaxy Pageant|Junior Miss Nebraska Galaxy Organization|Junior Miss NE Galaxy|Nebraska Galaxy","false","generated"
"galaxy-usa-ne-classic-mrs","galaxy-usa","Classic Mrs. Nebraska Galaxy","Classic Mrs.","State","Nebraska","NE","classic mrs nebraska galaxy","Classic Mrs. Nebraska Galaxy|Classic Mrs Nebraska Galaxy|Classic Mrs. Nebraska Galaxy Pageant|Classic Mrs. Nebraska Galaxy Organization|Classic Mrs. NE Galaxy|Nebraska Galaxy","false","generated"
"galaxy-usa-nv-miss","galaxy-usa","Miss Nevada Galaxy","Miss","State","Nevada","NV","miss nevada galaxy","Miss Nevada Galaxy|Miss Nevada Galaxy Pageant|Miss Nevada Galaxy Organization|Miss NV Galaxy|Nevada Miss Galaxy|Miss Galaxy Nevada|Nevada Galaxy","false","generated"
"galaxy-usa-nv-mrs","galaxy-usa","Mrs. Nevada Galaxy","Mrs.","State","Nevada","NV","mrs nevada galaxy","Mrs. Nevada Galaxy|Mrs Nevada Galaxy|Mrs. Nevada Galaxy Pageant|Mrs. Nevada Galaxy Organization|Mrs. NV Galaxy|Nevada Mrs. Galaxy|Mrs. Galaxy Nevada|Nevada Galaxy","false","generated"
"galaxy-usa-nv-ms","galaxy-usa","Ms. Nevada Galaxy","Ms.","State","Nevada","NV","ms nevada galaxy","Ms. Nevada Galaxy|Ms Nevada Galaxy|Ms. Nevada Galaxy Pageant|Ms. Nevada Galaxy Organization|Ms. NV Galaxy|Nevada Ms. Galaxy|Ms. Galaxy Nevada|Nevada Galaxy","false","generated"
"galaxy-usa-nv-teen","galaxy-usa","Miss Nevada Teen Galaxy","Teen","State","Nevada","NV","miss nevada teen galaxy","Miss Nevada Teen Galaxy|Miss Nevada Teen Galaxy Pageant|Miss Nevada Teen Galaxy Organization|Miss NV Teen Galaxy|Nevada Miss Teen Galaxy|Miss Teen Galaxy Nevada|Miss Nevada's Teen Galaxy|Nevada Galaxy","false","generated"
"galaxy-usa-nv-junior","galaxy-usa","Junior Miss Nevada Galaxy","Junior","State","Nevada","NV","junior miss nevada galaxy","Junior Miss Nevada Galaxy|Junior Miss Nevada Galaxy Pageant|Junior Miss Nevada Galaxy Organization|Junior Miss NV Galaxy|Nevada Galaxy","false","generated"
"galaxy-usa-nv-classic-mrs","galaxy-usa","Classic Mrs. Nevada Galaxy","Classic Mrs.","State","Nevada","NV","classic mrs nevada galaxy","Classic Mrs. Nevada Galaxy|Classic Mrs Nevada Galaxy|Classic Mrs. Nevada Galaxy Pageant|Classic Mrs. Nevada Galaxy Organization|Classic Mrs. NV Galaxy|Nevada Galaxy","false","generated"
"galaxy-usa-nh-miss","galaxy-usa","Miss New Hampshire Galaxy","Miss","State","New Hampshire","NH","miss new hampshire galaxy","Miss New Hampshire Galaxy|Miss New Hampshire Galaxy Pageant|Miss New Hampshire Galaxy Organization|Miss NH Galaxy|New Hampshire Miss Galaxy|Miss Galaxy New Hampshire|New Hampshire Galaxy","false","generated"
"galaxy-usa-nh-mrs","galaxy-usa","Mrs. New Hampshire Galaxy","Mrs.","State","New Hampshire","NH","mrs new hampshire galaxy","Mrs. New Hampshire Galaxy|Mrs New Hampshire Galaxy|Mrs. New Hampshire Galaxy Pageant|Mrs. New Hampshire Galaxy Organization|Mrs. NH Galaxy|New Hampshire Mrs. Galaxy|Mrs. Galaxy New Hampshire|New Hampshire Galaxy","false","generated"
"galaxy-usa-nh-ms","galaxy-usa","Ms. New Hampshire Galaxy","Ms.","State","New Hampshire","NH","ms new hampshire galaxy","Ms. New Hampshire Galaxy|Ms New Hampshire Galaxy|Ms. New Hampshire Galaxy Pageant|Ms. New Hampshire Galaxy Organization|Ms. NH Galaxy|New Hampshire Ms. Galaxy|Ms. Galaxy New Hampshire|New Hampshire Galaxy","false","generated"
"galaxy-usa-nh-teen","galaxy-usa","Miss New Hampshire Teen Galaxy","Teen","State","New Hampshire","NH","miss new hampshire teen galaxy","Miss New Hampshire Teen Galaxy|Miss New Hampshire Teen Galaxy Pageant|Miss New Hampshire Teen Galaxy Organization|Miss NH Teen Galaxy|New Hampshire Miss Teen Galaxy|Miss Teen Galaxy New Hampshire|Miss New Hampshire's Teen Galaxy|New Hampshire Galaxy","false","generated"
"galaxy-usa-nh-junior","galaxy-usa","Junior Miss New Hampshire Galaxy","Junior","State","New Hampshire","NH","junior miss new hampshire galaxy","Junior Miss New Hampshire Galaxy|Junior Miss New Hampshire Galaxy Pageant|Junior Miss New Hampshire Galaxy Organization|Junior Miss NH Galaxy|New Hampshire Galaxy","false","generated"
"galaxy-usa-nh-classic-mrs","galaxy-usa","Classic Mrs. New Hampshire Galaxy","Classic Mrs.","State","New Hampshire","NH","classic mrs new hampshire galaxy","Classic Mrs. New Hampshire Galaxy|Classic Mrs New Hampshire Galaxy|Classic Mrs. New Hampshire Galaxy Pageant|Classic Mrs. New Hampshire Galaxy Organization|Classic Mrs. NH Galaxy|New Hampshire Galaxy","false","generated"
"galaxy-usa-nj-miss","galaxy-usa","Miss New Jersey Galaxy","Miss","State","New Jersey","NJ","miss new jersey galaxy","Miss New Jersey Galaxy|Miss New Jersey Galaxy Pageant|Miss New Jersey Galaxy Organization|Miss NJ Galaxy|New Jersey Miss Galaxy|Miss Galaxy New Jersey|New Jersey Galaxy","false","generated"
"galaxy-usa-nj-mrs","galaxy-usa","Mrs. New Jersey Galaxy","Mrs.","State","New Jersey","NJ","mrs new jersey galaxy","Mrs. New Jersey Galaxy|Mrs New Jersey Galaxy|Mrs. New Jersey Galaxy Pageant|Mrs. New Jersey Galaxy Organization|Mrs. NJ Galaxy|New Jersey Mrs. Galaxy|Mrs. Galaxy New Jersey|New Jersey Galaxy","false","generated"
"galaxy-usa-nj-ms","galaxy-usa","Ms. New Jersey Galaxy","Ms.","State","New Jersey","NJ","ms new jersey galaxy","Ms. New Jersey Galaxy|Ms New Jersey Galaxy|Ms. New Jersey Galaxy Pageant|Ms. New Jersey Galaxy Organization|Ms. NJ Galaxy|New Jersey Ms. Galaxy|Ms. Galaxy New Jersey|New Jersey Galaxy","false","generated"
"galaxy-usa-nj-teen","galaxy-usa","Miss New Jersey Teen Galaxy","Teen","State","New Jersey","NJ","miss new jersey teen galaxy","Miss New Jersey Teen Galaxy|Miss New Jersey Teen Galaxy Pageant|Miss New Jersey Teen Galaxy Organization|Miss NJ Teen Galaxy|New Jersey Miss Teen Galaxy|Miss Teen Galaxy New Jersey|Miss New Jersey's Teen Galaxy|New Jersey Galaxy","false","generated"
"galaxy-usa-nj-junior","galaxy-usa","Junior Miss New Jersey Galaxy","Junior","State","New Jersey","NJ","junior miss new jersey galaxy","Junior Miss New Jersey Galaxy|Junior Miss New Jersey Galaxy Pageant|Junior Miss New Jersey Galaxy Organization|Junior Miss NJ Galaxy|New Jersey Galaxy","false","generated"
"galaxy-usa-nj-classic-mrs","galaxy-usa","Classic Mrs. New Jersey Galaxy","Classic Mrs.","State","New Jersey","NJ","classic mrs new jersey galaxy","Classic Mrs. New Jersey Galaxy|Classic Mrs New Jersey Galaxy|Classic Mrs. New Jersey Galaxy Pageant|Classic Mrs. New Jersey Galaxy Organization|Classic Mrs. NJ Galaxy|New Jersey Galaxy","false","generated"
"galaxy-usa-nm-miss","galaxy-usa","Miss New Mexico Galaxy","Miss","State","New Mexico","NM","miss new mexico galaxy","Miss New Mexico Galaxy|Miss New Mexico Galaxy Pageant|Miss New Mexico Galaxy Organization|Miss NM Galaxy|New Mexico Miss Galaxy|Miss Galaxy New Mexico|New Mexico Galaxy","false","generated"
"galaxy-usa-nm-mrs","galaxy-usa","Mrs. New Mexico Galaxy","Mrs.","State","New Mexico","NM","mrs new mexico galaxy","Mrs. New Mexico Galaxy|Mrs New Mexico Galaxy|Mrs. New Mexico Galaxy Pageant|Mrs. New Mexico Galaxy Organization|Mrs. NM Galaxy|New Mexico Mrs. Galaxy|Mrs. Galaxy New Mexico|New Mexico Galaxy","false","generated"
"galaxy-usa-nm-ms","galaxy-usa","Ms. New Mexico Galaxy","Ms.","State","New Mexico","NM","ms new mexico galaxy","Ms. New Mexico Galaxy|Ms New Mexico Galaxy|Ms. New Mexico Galaxy Pageant|Ms. New Mexico Galaxy Organization|Ms. NM Galaxy|New Mexico Ms. Galaxy|Ms. Galaxy New Mexico|New Mexico Galaxy","false","generated"
"galaxy-usa-nm-teen","galaxy-usa","Miss New Mexico Teen Galaxy","Teen","State","New Mexico","NM","miss new mexico teen galaxy","Miss New Mexico Teen Galaxy|Miss New Mexico Teen Galaxy Pageant|Miss New Mexico Teen Galaxy Organization|Miss NM Teen Galaxy|New Mexico Miss Teen Galaxy|Miss Teen Galaxy New Mexico|Miss New Mexico's Teen Galaxy|New Mexico Galaxy","false","generated"
"galaxy-usa-nm-junior","galaxy-usa","Junior Miss New Mexico Galaxy","Junior","State","New Mexico","NM","junior miss new mexico galaxy","Junior Miss New Mexico Galaxy|Junior Miss New Mexico Galaxy Pageant|Junior Miss New Mexico Galaxy Organization|Junior Miss NM Galaxy|New Mexico Galaxy","false","generated"
"galaxy-usa-nm-classic-mrs","galaxy-usa","Classic Mrs. New Mexico Galaxy","Classic Mrs.","State","New Mexico","NM","classic mrs new mexico galaxy","Classic Mrs. New Mexico Galaxy|Classic Mrs New Mexico Galaxy|Classic Mrs. New Mexico Galaxy Pageant|Classic Mrs. New Mexico Galaxy Organization|Classic Mrs. NM Galaxy|New Mexico Galaxy","false","generated"
"galaxy-usa-ny-miss","galaxy-usa","Miss New York Galaxy","Miss","State","New York","NY","miss new york galaxy","Miss New York Galaxy|Miss New York Galaxy Pageant|Miss New York Galaxy Organization|Miss NY Galaxy|New York Miss Galaxy|Miss Galaxy New York|New York Galaxy","false","generated"
"galaxy-usa-ny-mrs","galaxy-usa","Mrs. New York Galaxy","Mrs.","State","New York","NY","mrs new york galaxy","Mrs. New York Galaxy|Mrs New York Galaxy|Mrs. New York Galaxy Pageant|Mrs. New York Galaxy Organization|Mrs. NY Galaxy|New York Mrs. Galaxy|Mrs. Galaxy New York|New York Galaxy","false","generated"
"galaxy-usa-ny-ms","galaxy-usa","Ms. New York Galaxy","Ms.","State","New York","NY","ms new york galaxy","Ms. New York Galaxy|Ms New York Galaxy|Ms. New York Galaxy Pageant|Ms. New York Galaxy Organization|Ms. NY Galaxy|New York Ms. Galaxy|Ms. Galaxy New York|New York Galaxy","false","generated"
"galaxy-usa-ny-teen","galaxy-usa","Miss New York Teen Galaxy","Teen","State","New York","NY","miss new york teen galaxy","Miss New York Teen Galaxy|Miss New York Teen Galaxy Pageant|Miss New York Teen Galaxy Organization|Miss NY Teen Galaxy|New York Miss Teen Galaxy|Miss Teen Galaxy New York|Miss New York's Teen Galaxy|New York Galaxy","false","generated"
"galaxy-usa-ny-junior","galaxy-usa","Junior Miss New York Galaxy","Junior","State","New York","NY","junior miss new york galaxy","Junior Miss New York Galaxy|Junior Miss New York Galaxy Pageant|Junior Miss New York Galaxy Organization|Junior Miss NY Galaxy|New York Galaxy","false","generated"
"galaxy-usa-ny-classic-mrs","galaxy-usa","Classic Mrs. New York Galaxy","Classic Mrs.","State","New York","NY","classic mrs new york galaxy","Classic Mrs. New York Galaxy|Classic Mrs New York Galaxy|Classic Mrs. New York Galaxy Pageant|Classic Mrs. New York Galaxy Organization|Classic Mrs. NY Galaxy|New York Galaxy","false","generated"
"galaxy-usa-nc-miss","galaxy-usa","Miss North Carolina Galaxy","Miss","State","North Carolina","NC","miss north carolina galaxy","Miss North Carolina Galaxy|Miss North Carolina Galaxy Pageant|Miss North Carolina Galaxy Organization|Miss NC Galaxy|North Carolina Miss Galaxy|Miss Galaxy North Carolina|North Carolina Galaxy","false","generated"
"galaxy-usa-nc-mrs","galaxy-usa","Mrs. North Carolina Galaxy","Mrs.","State","North Carolina","NC","mrs north carolina galaxy","Mrs. North Carolina Galaxy|Mrs North Carolina Galaxy|Mrs. North Carolina Galaxy Pageant|Mrs. North Carolina Galaxy Organization|Mrs. NC Galaxy|North Carolina Mrs. Galaxy|Mrs. Galaxy North Carolina|North Carolina Galaxy","false","generated"
"galaxy-usa-nc-ms","galaxy-usa","Ms. North Carolina Galaxy","Ms.","State","North Carolina","NC","ms north carolina galaxy","Ms. North Carolina Galaxy|Ms North Carolina Galaxy|Ms. North Carolina Galaxy Pageant|Ms. North Carolina Galaxy Organization|Ms. NC Galaxy|North Carolina Ms. Galaxy|Ms. Galaxy North Carolina|North Carolina Galaxy","false","generated"
"galaxy-usa-nc-teen","galaxy-usa","Miss North Carolina Teen Galaxy","Teen","State","North Carolina","NC","miss north carolina teen galaxy","Miss North Carolina Teen Galaxy|Miss North Carolina Teen Galaxy Pageant|Miss North Carolina Teen Galaxy Organization|Miss NC Teen Galaxy|North Carolina Miss Teen Galaxy|Miss Teen Galaxy North Carolina|Miss North Carolina's Teen Galaxy|North Carolina Galaxy","false","generated"
"galaxy-usa-nc-junior","galaxy-usa","Junior Miss North Carolina Galaxy","Junior","State","North Carolina","NC","junior miss north carolina galaxy","Junior Miss North Carolina Galaxy|Junior Miss North Carolina Galaxy Pageant|Junior Miss North Carolina Galaxy Organization|Junior Miss NC Galaxy|North Carolina Galaxy","false","generated"
"galaxy-usa-nc-classic-mrs","galaxy-usa","Classic Mrs. North Carolina Galaxy","Classic Mrs.","State","North Carolina","NC","classic mrs north carolina galaxy","Classic Mrs. North Carolina Galaxy|Classic Mrs North Carolina Galaxy|Classic Mrs. North Carolina Galaxy Pageant|Classic Mrs. North Carolina Galaxy Organization|Classic Mrs. NC Galaxy|North Carolina Galaxy","false","generated"
"galaxy-usa-nd-miss","galaxy-usa","Miss North Dakota Galaxy","Miss","State","North Dakota","ND","miss north dakota galaxy","Miss North Dakota Galaxy|Miss North Dakota Galaxy Pageant|Miss North Dakota Galaxy Organization|Miss ND Galaxy|North Dakota Miss Galaxy|Miss Galaxy North Dakota|North Dakota Galaxy","false","generated"
"galaxy-usa-nd-mrs","galaxy-usa","Mrs. North Dakota Galaxy","Mrs.","State","North Dakota","ND","mrs north dakota galaxy","Mrs. North Dakota Galaxy|Mrs North Dakota Galaxy|Mrs. North Dakota Galaxy Pageant|Mrs. North Dakota Galaxy Organization|Mrs. ND Galaxy|North Dakota Mrs. Galaxy|Mrs. Galaxy North Dakota|North Dakota Galaxy","false","generated"
"galaxy-usa-nd-ms","galaxy-usa","Ms. North Dakota Galaxy","Ms.","State","North Dakota","ND","ms north dakota galaxy","Ms. North Dakota Galaxy|Ms North Dakota Galaxy|Ms. North Dakota Galaxy Pageant|Ms. North Dakota Galaxy Organization|Ms. ND Galaxy|North Dakota Ms. Galaxy|Ms. Galaxy North Dakota|North Dakota Galaxy","false","generated"
"galaxy-usa-nd-teen","galaxy-usa","Miss North Dakota Teen Galaxy","Teen","State","North Dakota","ND","miss north dakota teen galaxy","Miss North Dakota Teen Galaxy|Miss North Dakota Teen Galaxy Pageant|Miss North Dakota Teen Galaxy Organization|Miss ND Teen Galaxy|North Dakota Miss Teen Galaxy|Miss Teen Galaxy North Dakota|Miss North Dakota's Teen Galaxy|North Dakota Galaxy","false","generated"
"galaxy-usa-nd-junior","galaxy-usa","Junior Miss North Dakota Galaxy","Junior","State","North Dakota","ND","junior miss north dakota galaxy","Junior Miss North Dakota Galaxy|Junior Miss North Dakota Galaxy Pageant|Junior Miss North Dakota Galaxy Organization|Junior Miss ND Galaxy|North Dakota Galaxy","false","generated"
"galaxy-usa-nd-classic-mrs","galaxy-usa","Classic Mrs. North Dakota Galaxy","Classic Mrs.","State","North Dakota","ND","classic mrs north dakota galaxy","Classic Mrs. North Dakota Galaxy|Classic Mrs North Dakota Galaxy|Classic Mrs. North Dakota Galaxy Pageant|Classic Mrs. North Dakota Galaxy Organization|Classic Mrs. ND Galaxy|North Dakota Galaxy","false","generated"
"galaxy-usa-oh-miss","galaxy-usa","Miss Ohio Galaxy","Miss","State","Ohio","OH","miss ohio galaxy","Miss Ohio Galaxy|Miss Ohio Galaxy Pageant|Miss Ohio Galaxy Organization|Miss OH Galaxy|Ohio Miss Galaxy|Miss Galaxy Ohio|Ohio Galaxy","false","generated"
"galaxy-usa-oh-mrs","galaxy-usa","Mrs. Ohio Galaxy","Mrs.","State","Ohio","OH","mrs ohio galaxy","Mrs. Ohio Galaxy|Mrs Ohio Galaxy|Mrs. Ohio Galaxy Pageant|Mrs. Ohio Galaxy Organization|Mrs. OH Galaxy|Ohio Mrs. Galaxy|Mrs. Galaxy Ohio|Ohio Galaxy","false","generated"
"galaxy-usa-oh-ms","galaxy-usa","Ms. Ohio Galaxy","Ms.","State","Ohio","OH","ms ohio galaxy","Ms. Ohio Galaxy|Ms Ohio Galaxy|Ms. Ohio Galaxy Pageant|Ms. Ohio Galaxy Organization|Ms. OH Galaxy|Ohio Ms. Galaxy|Ms. Galaxy Ohio|Ohio Galaxy","false","generated"
"galaxy-usa-oh-teen","galaxy-usa","Miss Ohio Teen Galaxy","Teen","State","Ohio","OH","miss ohio teen galaxy","Miss Ohio Teen Galaxy|Miss Ohio Teen Galaxy Pageant|Miss Ohio Teen Galaxy Organization|Miss OH Teen Galaxy|Ohio Miss Teen Galaxy|Miss Teen Galaxy Ohio|Miss Ohio's Teen Galaxy|Ohio Galaxy","false","generated"
"galaxy-usa-oh-junior","galaxy-usa","Junior Miss Ohio Galaxy","Junior","State","Ohio","OH","junior miss ohio galaxy","Junior Miss Ohio Galaxy|Junior Miss Ohio Galaxy Pageant|Junior Miss Ohio Galaxy Organization|Junior Miss OH Galaxy|Ohio Galaxy","false","generated"
"galaxy-usa-oh-classic-mrs","galaxy-usa","Classic Mrs. Ohio Galaxy","Classic Mrs.","State","Ohio","OH","classic mrs ohio galaxy","Classic Mrs. Ohio Galaxy|Classic Mrs Ohio Galaxy|Classic Mrs. Ohio Galaxy Pageant|Classic Mrs. Ohio Galaxy Organization|Classic Mrs. OH Galaxy|Ohio Galaxy","false","generated"
"galaxy-usa-ok-miss","galaxy-usa","Miss Oklahoma Galaxy","Miss","State","Oklahoma","OK","miss oklahoma galaxy","Miss Oklahoma Galaxy|Miss Oklahoma Galaxy Pageant|Miss Oklahoma Galaxy Organization|Miss OK Galaxy|Oklahoma Miss Galaxy|Miss Galaxy Oklahoma|Oklahoma Galaxy","false","generated"
"galaxy-usa-ok-mrs","galaxy-usa","Mrs. Oklahoma Galaxy","Mrs.","State","Oklahoma","OK","mrs oklahoma galaxy","Mrs. Oklahoma Galaxy|Mrs Oklahoma Galaxy|Mrs. Oklahoma Galaxy Pageant|Mrs. Oklahoma Galaxy Organization|Mrs. OK Galaxy|Oklahoma Mrs. Galaxy|Mrs. Galaxy Oklahoma|Oklahoma Galaxy","false","generated"
"galaxy-usa-ok-ms","galaxy-usa","Ms. Oklahoma Galaxy","Ms.","State","Oklahoma","OK","ms oklahoma galaxy","Ms. Oklahoma Galaxy|Ms Oklahoma Galaxy|Ms. Oklahoma Galaxy Pageant|Ms. Oklahoma Galaxy Organization|Ms. OK Galaxy|Oklahoma Ms. Galaxy|Ms. Galaxy Oklahoma|Oklahoma Galaxy","false","generated"
"galaxy-usa-ok-teen","galaxy-usa","Miss Oklahoma Teen Galaxy","Teen","State","Oklahoma","OK","miss oklahoma teen galaxy","Miss Oklahoma Teen Galaxy|Miss Oklahoma Teen Galaxy Pageant|Miss Oklahoma Teen Galaxy Organization|Miss OK Teen Galaxy|Oklahoma Miss Teen Galaxy|Miss Teen Galaxy Oklahoma|Miss Oklahoma's Teen Galaxy|Oklahoma Galaxy","false","generated"
"galaxy-usa-ok-junior","galaxy-usa","Junior Miss Oklahoma Galaxy","Junior","State","Oklahoma","OK","junior miss oklahoma galaxy","Junior Miss Oklahoma Galaxy|Junior Miss Oklahoma Galaxy Pageant|Junior Miss Oklahoma Galaxy Organization|Junior Miss OK Galaxy|Oklahoma Galaxy","false","generated"
"galaxy-usa-ok-classic-mrs","galaxy-usa","Classic Mrs. Oklahoma Galaxy","Classic Mrs.","State","Oklahoma","OK","classic mrs oklahoma galaxy","Classic Mrs. Oklahoma Galaxy|Classic Mrs Oklahoma Galaxy|Classic Mrs. Oklahoma Galaxy Pageant|Classic Mrs. Oklahoma Galaxy Organization|Classic Mrs. OK Galaxy|Oklahoma Galaxy","false","generated"
"galaxy-usa-or-miss","galaxy-usa","Miss Oregon Galaxy","Miss","State","Oregon","OR","miss oregon galaxy","Miss Oregon Galaxy|Miss Oregon Galaxy Pageant|Miss Oregon Galaxy Organization|Miss OR Galaxy|Oregon Miss Galaxy|Miss Galaxy Oregon|Oregon Galaxy","false","generated"
"galaxy-usa-or-mrs","galaxy-usa","Mrs. Oregon Galaxy","Mrs.","State","Oregon","OR","mrs oregon galaxy","Mrs. Oregon Galaxy|Mrs Oregon Galaxy|Mrs. Oregon Galaxy Pageant|Mrs. Oregon Galaxy Organization|Mrs. OR Galaxy|Oregon Mrs. Galaxy|Mrs. Galaxy Oregon|Oregon Galaxy","false","generated"
"galaxy-usa-or-ms","galaxy-usa","Ms. Oregon Galaxy","Ms.","State","Oregon","OR","ms oregon galaxy","Ms. Oregon Galaxy|Ms Oregon Galaxy|Ms. Oregon Galaxy Pageant|Ms. Oregon Galaxy Organization|Ms. OR Galaxy|Oregon Ms. Galaxy|Ms. Galaxy Oregon|Oregon Galaxy","false","generated"
"galaxy-usa-or-teen","galaxy-usa","Miss Oregon Teen Galaxy","Teen","State","Oregon","OR","miss oregon teen galaxy","Miss Oregon Teen Galaxy|Miss Oregon Teen Galaxy Pageant|Miss Oregon Teen Galaxy Organization|Miss OR Teen Galaxy|Oregon Miss Teen Galaxy|Miss Teen Galaxy Oregon|Miss Oregon's Teen Galaxy|Oregon Galaxy","false","generated"
"galaxy-usa-or-junior","galaxy-usa","Junior Miss Oregon Galaxy","Junior","State","Oregon","OR","junior miss oregon galaxy","Junior Miss Oregon Galaxy|Junior Miss Oregon Galaxy Pageant|Junior Miss Oregon Galaxy Organization|Junior Miss OR Galaxy|Oregon Galaxy","false","generated"
"galaxy-usa-or-classic-mrs","galaxy-usa","Classic Mrs. Oregon Galaxy","Classic Mrs.","State","Oregon","OR","classic mrs oregon galaxy","Classic Mrs. Oregon Galaxy|Classic Mrs Oregon Galaxy|Classic Mrs. Oregon Galaxy Pageant|Classic Mrs. Oregon Galaxy Organization|Classic Mrs. OR Galaxy|Oregon Galaxy","false","generated"
"galaxy-usa-pa-miss","galaxy-usa","Miss Pennsylvania Galaxy","Miss","State","Pennsylvania","PA","miss pennsylvania galaxy","Miss Pennsylvania Galaxy|Miss Pennsylvania Galaxy Pageant|Miss Pennsylvania Galaxy Organization|Miss PA Galaxy|Pennsylvania Miss Galaxy|Miss Galaxy Pennsylvania|Pennsylvania Galaxy","false","generated"
"galaxy-usa-pa-mrs","galaxy-usa","Mrs. Pennsylvania Galaxy","Mrs.","State","Pennsylvania","PA","mrs pennsylvania galaxy","Mrs. Pennsylvania Galaxy|Mrs Pennsylvania Galaxy|Mrs. Pennsylvania Galaxy Pageant|Mrs. Pennsylvania Galaxy Organization|Mrs. PA Galaxy|Pennsylvania Mrs. Galaxy|Mrs. Galaxy Pennsylvania|Pennsylvania Galaxy","false","generated"
"galaxy-usa-pa-ms","galaxy-usa","Ms. Pennsylvania Galaxy","Ms.","State","Pennsylvania","PA","ms pennsylvania galaxy","Ms. Pennsylvania Galaxy|Ms Pennsylvania Galaxy|Ms. Pennsylvania Galaxy Pageant|Ms. Pennsylvania Galaxy Organization|Ms. PA Galaxy|Pennsylvania Ms. Galaxy|Ms. Galaxy Pennsylvania|Pennsylvania Galaxy","false","generated"
"galaxy-usa-pa-teen","galaxy-usa","Miss Pennsylvania Teen Galaxy","Teen","State","Pennsylvania","PA","miss pennsylvania teen galaxy","Miss Pennsylvania Teen Galaxy|Miss Pennsylvania Teen Galaxy Pageant|Miss Pennsylvania Teen Galaxy Organization|Miss PA Teen Galaxy|Pennsylvania Miss Teen Galaxy|Miss Teen Galaxy Pennsylvania|Miss Pennsylvania's Teen Galaxy|Pennsylvania Galaxy","false","generated"
"galaxy-usa-pa-junior","galaxy-usa","Junior Miss Pennsylvania Galaxy","Junior","State","Pennsylvania","PA","junior miss pennsylvania galaxy","Junior Miss Pennsylvania Galaxy|Junior Miss Pennsylvania Galaxy Pageant|Junior Miss Pennsylvania Galaxy Organization|Junior Miss PA Galaxy|Pennsylvania Galaxy","false","generated"
"galaxy-usa-pa-classic-mrs","galaxy-usa","Classic Mrs. Pennsylvania Galaxy","Classic Mrs.","State","Pennsylvania","PA","classic mrs pennsylvania galaxy","Classic Mrs. Pennsylvania Galaxy|Classic Mrs Pennsylvania Galaxy|Classic Mrs. Pennsylvania Galaxy Pageant|Classic Mrs. Pennsylvania Galaxy Organization|Classic Mrs. PA Galaxy|Pennsylvania Galaxy","false","generated"
"galaxy-usa-ri-miss","galaxy-usa","Miss Rhode Island Galaxy","Miss","State","Rhode Island","RI","miss rhode island galaxy","Miss Rhode Island Galaxy|Miss Rhode Island Galaxy Pageant|Miss Rhode Island Galaxy Organization|Miss RI Galaxy|Rhode Island Miss Galaxy|Miss Galaxy Rhode Island|Rhode Island Galaxy","false","generated"
"galaxy-usa-ri-mrs","galaxy-usa","Mrs. Rhode Island Galaxy","Mrs.","State","Rhode Island","RI","mrs rhode island galaxy","Mrs. Rhode Island Galaxy|Mrs Rhode Island Galaxy|Mrs. Rhode Island Galaxy Pageant|Mrs. Rhode Island Galaxy Organization|Mrs. RI Galaxy|Rhode Island Mrs. Galaxy|Mrs. Galaxy Rhode Island|Rhode Island Galaxy","false","generated"
"galaxy-usa-ri-ms","galaxy-usa","Ms. Rhode Island Galaxy","Ms.","State","Rhode Island","RI","ms rhode island galaxy","Ms. Rhode Island Galaxy|Ms Rhode Island Galaxy|Ms. Rhode Island Galaxy Pageant|Ms. Rhode Island Galaxy Organization|Ms. RI Galaxy|Rhode Island Ms. Galaxy|Ms. Galaxy Rhode Island|Rhode Island Galaxy","false","generated"
"galaxy-usa-ri-teen","galaxy-usa","Miss Rhode Island Teen Galaxy","Teen","State","Rhode Island","RI","miss rhode island teen galaxy","Miss Rhode Island Teen Galaxy|Miss Rhode Island Teen Galaxy Pageant|Miss Rhode Island Teen Galaxy Organization|Miss RI Teen Galaxy|Rhode Island Miss Teen Galaxy|Miss Teen Galaxy Rhode Island|Miss Rhode Island's Teen Galaxy|Rhode Island Galaxy","false","generated"
"galaxy-usa-ri-junior","galaxy-usa","Junior Miss Rhode Island Galaxy","Junior","State","Rhode Island","RI","junior miss rhode island galaxy","Junior Miss Rhode Island Galaxy|Junior Miss Rhode Island Galaxy Pageant|Junior Miss Rhode Island Galaxy Organization|Junior Miss RI Galaxy|Rhode Island Galaxy","false","generated"
"galaxy-usa-ri-classic-mrs","galaxy-usa","Classic Mrs. Rhode Island Galaxy","Classic Mrs.","State","Rhode Island","RI","classic mrs rhode island galaxy","Classic Mrs. Rhode Island Galaxy|Classic Mrs Rhode Island Galaxy|Classic Mrs. Rhode Island Galaxy Pageant|Classic Mrs. Rhode Island Galaxy Organization|Classic Mrs. RI Galaxy|Rhode Island Galaxy","false","generated"
"galaxy-usa-sc-miss","galaxy-usa","Miss South Carolina Galaxy","Miss","State","South Carolina","SC","miss south carolina galaxy","Miss South Carolina Galaxy|Miss South Carolina Galaxy Pageant|Miss South Carolina Galaxy Organization|Miss SC Galaxy|South Carolina Miss Galaxy|Miss Galaxy South Carolina|South Carolina Galaxy","false","generated"
"galaxy-usa-sc-mrs","galaxy-usa","Mrs. South Carolina Galaxy","Mrs.","State","South Carolina","SC","mrs south carolina galaxy","Mrs. South Carolina Galaxy|Mrs South Carolina Galaxy|Mrs. South Carolina Galaxy Pageant|Mrs. South Carolina Galaxy Organization|Mrs. SC Galaxy|South Carolina Mrs. Galaxy|Mrs. Galaxy South Carolina|South Carolina Galaxy","false","generated"
"galaxy-usa-sc-ms","galaxy-usa","Ms. South Carolina Galaxy","Ms.","State","South Carolina","SC","ms south carolina galaxy","Ms. South Carolina Galaxy|Ms South Carolina Galaxy|Ms. South Carolina Galaxy Pageant|Ms. South Carolina Galaxy Organization|Ms. SC Galaxy|South Carolina Ms. Galaxy|Ms. Galaxy South Carolina|South Carolina Galaxy","false","generated"
"galaxy-usa-sc-teen","galaxy-usa","Miss South Carolina Teen Galaxy","Teen","State","South Carolina","SC","miss south carolina teen galaxy","Miss South Carolina Teen Galaxy|Miss South Carolina Teen Galaxy Pageant|Miss South Carolina Teen Galaxy Organization|Miss SC Teen Galaxy|South Carolina Miss Teen Galaxy|Miss Teen Galaxy South Carolina|Miss South Carolina's Teen Galaxy|South Carolina Galaxy","false","generated"
"galaxy-usa-sc-junior","galaxy-usa","Junior Miss South Carolina Galaxy","Junior","State","South Carolina","SC","junior miss south carolina galaxy","Junior Miss South Carolina Galaxy|Junior Miss South Carolina Galaxy Pageant|Junior Miss South Carolina Galaxy Organization|Junior Miss SC Galaxy|South Carolina Galaxy","false","generated"
"galaxy-usa-sc-classic-mrs","galaxy-usa","Classic Mrs. South Carolina Galaxy","Classic Mrs.","State","South Carolina","SC","classic mrs south carolina galaxy","Classic Mrs. South Carolina Galaxy|Classic Mrs South Carolina Galaxy|Classic Mrs. South Carolina Galaxy Pageant|Classic Mrs. South Carolina Galaxy Organization|Classic Mrs. SC Galaxy|South Carolina Galaxy","false","generated"
"galaxy-usa-sd-miss","galaxy-usa","Miss South Dakota Galaxy","Miss","State","South Dakota","SD","miss south dakota galaxy","Miss South Dakota Galaxy|Miss South Dakota Galaxy Pageant|Miss South Dakota Galaxy Organization|Miss SD Galaxy|South Dakota Miss Galaxy|Miss Galaxy South Dakota|South Dakota Galaxy","false","generated"
"galaxy-usa-sd-mrs","galaxy-usa","Mrs. South Dakota Galaxy","Mrs.","State","South Dakota","SD","mrs south dakota galaxy","Mrs. South Dakota Galaxy|Mrs South Dakota Galaxy|Mrs. South Dakota Galaxy Pageant|Mrs. South Dakota Galaxy Organization|Mrs. SD Galaxy|South Dakota Mrs. Galaxy|Mrs. Galaxy South Dakota|South Dakota Galaxy","false","generated"
"galaxy-usa-sd-ms","galaxy-usa","Ms. South Dakota Galaxy","Ms.","State","South Dakota","SD","ms south dakota galaxy","Ms. South Dakota Galaxy|Ms South Dakota Galaxy|Ms. South Dakota Galaxy Pageant|Ms. South Dakota Galaxy Organization|Ms. SD Galaxy|South Dakota Ms. Galaxy|Ms. Galaxy South Dakota|South Dakota Galaxy","false","generated"
"galaxy-usa-sd-teen","galaxy-usa","Miss South Dakota Teen Galaxy","Teen","State","South Dakota","SD","miss south dakota teen galaxy","Miss South Dakota Teen Galaxy|Miss South Dakota Teen Galaxy Pageant|Miss South Dakota Teen Galaxy Organization|Miss SD Teen Galaxy|South Dakota Miss Teen Galaxy|Miss Teen Galaxy South Dakota|Miss South Dakota's Teen Galaxy|South Dakota Galaxy","false","generated"
"galaxy-usa-sd-junior","galaxy-usa","Junior Miss South Dakota Galaxy","Junior","State","South Dakota","SD","junior miss south dakota galaxy","Junior Miss South Dakota Galaxy|Junior Miss South Dakota Galaxy Pageant|Junior Miss South Dakota Galaxy Organization|Junior Miss SD Galaxy|South Dakota Galaxy","false","generated"
"galaxy-usa-sd-classic-mrs","galaxy-usa","Classic Mrs. South Dakota Galaxy","Classic Mrs.","State","South Dakota","SD","classic mrs south dakota galaxy","Classic Mrs. South Dakota Galaxy|Classic Mrs South Dakota Galaxy|Classic Mrs. South Dakota Galaxy Pageant|Classic Mrs. South Dakota Galaxy Organization|Classic Mrs. SD Galaxy|South Dakota Galaxy","false","generated"
"galaxy-usa-tn-miss","galaxy-usa","Miss Tennessee Galaxy","Miss","State","Tennessee","TN","miss tennessee galaxy","Miss Tennessee Galaxy|Miss Tennessee Galaxy Pageant|Miss Tennessee Galaxy Organization|Miss TN Galaxy|Tennessee Miss Galaxy|Miss Galaxy Tennessee|Tennessee Galaxy","false","generated"
"galaxy-usa-tn-mrs","galaxy-usa","Mrs. Tennessee Galaxy","Mrs.","State","Tennessee","TN","mrs tennessee galaxy","Mrs. Tennessee Galaxy|Mrs Tennessee Galaxy|Mrs. Tennessee Galaxy Pageant|Mrs. Tennessee Galaxy Organization|Mrs. TN Galaxy|Tennessee Mrs. Galaxy|Mrs. Galaxy Tennessee|Tennessee Galaxy","false","generated"
"galaxy-usa-tn-ms","galaxy-usa","Ms. Tennessee Galaxy","Ms.","State","Tennessee","TN","ms tennessee galaxy","Ms. Tennessee Galaxy|Ms Tennessee Galaxy|Ms. Tennessee Galaxy Pageant|Ms. Tennessee Galaxy Organization|Ms. TN Galaxy|Tennessee Ms. Galaxy|Ms. Galaxy Tennessee|Tennessee Galaxy","false","generated"
"galaxy-usa-tn-teen","galaxy-usa","Miss Tennessee Teen Galaxy","Teen","State","Tennessee","TN","miss tennessee teen galaxy","Miss Tennessee Teen Galaxy|Miss Tennessee Teen Galaxy Pageant|Miss Tennessee Teen Galaxy Organization|Miss TN Teen Galaxy|Tennessee Miss Teen Galaxy|Miss Teen Galaxy Tennessee|Miss Tennessee's Teen Galaxy|Tennessee Galaxy","false","generated"
"galaxy-usa-tn-junior","galaxy-usa","Junior Miss Tennessee Galaxy","Junior","State","Tennessee","TN","junior miss tennessee galaxy","Junior Miss Tennessee Galaxy|Junior Miss Tennessee Galaxy Pageant|Junior Miss Tennessee Galaxy Organization|Junior Miss TN Galaxy|Tennessee Galaxy","false","generated"
"galaxy-usa-tn-classic-mrs","galaxy-usa","Classic Mrs. Tennessee Galaxy","Classic Mrs.","State","Tennessee","TN","classic mrs tennessee galaxy","Classic Mrs. Tennessee Galaxy|Classic Mrs Tennessee Galaxy|Classic Mrs. Tennessee Galaxy Pageant|Classic Mrs. Tennessee Galaxy Organization|Classic Mrs. TN Galaxy|Tennessee Galaxy","false","generated"
"galaxy-usa-tx-miss","galaxy-usa","Miss Texas Galaxy","Miss","State","Texas","TX","miss texas galaxy","Miss Texas Galaxy|Miss Texas Galaxy Pageant|Miss Texas Galaxy Organization|Miss TX Galaxy|Texas Miss Galaxy|Miss Galaxy Texas|Texas Galaxy","false","generated"
"galaxy-usa-tx-mrs","galaxy-usa","Mrs. Texas Galaxy","Mrs.","State","Texas","TX","mrs texas galaxy","Mrs. Texas Galaxy|Mrs Texas Galaxy|Mrs. Texas Galaxy Pageant|Mrs. Texas Galaxy Organization|Mrs. TX Galaxy|Texas Mrs. Galaxy|Mrs. Galaxy Texas|Texas Galaxy","false","generated"
"galaxy-usa-tx-ms","galaxy-usa","Ms. Texas Galaxy","Ms.","State","Texas","TX","ms texas galaxy","Ms. Texas Galaxy|Ms Texas Galaxy|Ms. Texas Galaxy Pageant|Ms. Texas Galaxy Organization|Ms. TX Galaxy|Texas Ms. Galaxy|Ms. Galaxy Texas|Texas Galaxy","false","generated"
"galaxy-usa-tx-teen","galaxy-usa","Miss Texas Teen Galaxy","Teen","State","Texas","TX","miss texas teen galaxy","Miss Texas Teen Galaxy|Miss Texas Teen Galaxy Pageant|Miss Texas Teen Galaxy Organization|Miss TX Teen Galaxy|Texas Miss Teen Galaxy|Miss Teen Galaxy Texas|Miss Texas's Teen Galaxy|Texas Galaxy","false","generated"
"galaxy-usa-tx-junior","galaxy-usa","Junior Miss Texas Galaxy","Junior","State","Texas","TX","junior miss texas galaxy","Junior Miss Texas Galaxy|Junior Miss Texas Galaxy Pageant|Junior Miss Texas Galaxy Organization|Junior Miss TX Galaxy|Texas Galaxy","false","generated"
"galaxy-usa-tx-classic-mrs","galaxy-usa","Classic Mrs. Texas Galaxy","Classic Mrs.","State","Texas","TX","classic mrs texas galaxy","Classic Mrs. Texas Galaxy|Classic Mrs Texas Galaxy|Classic Mrs. Texas Galaxy Pageant|Classic Mrs. Texas Galaxy Organization|Classic Mrs. TX Galaxy|Texas Galaxy","false","generated"
"galaxy-usa-ut-miss","galaxy-usa","Miss Utah Galaxy","Miss","State","Utah","UT","miss utah galaxy","Miss Utah Galaxy|Miss Utah Galaxy Pageant|Miss Utah Galaxy Organization|Miss UT Galaxy|Utah Miss Galaxy|Miss Galaxy Utah|Utah Galaxy","false","generated"
"galaxy-usa-ut-mrs","galaxy-usa","Mrs. Utah Galaxy","Mrs.","State","Utah","UT","mrs utah galaxy","Mrs. Utah Galaxy|Mrs Utah Galaxy|Mrs. Utah Galaxy Pageant|Mrs. Utah Galaxy Organization|Mrs. UT Galaxy|Utah Mrs. Galaxy|Mrs. Galaxy Utah|Utah Galaxy","false","generated"
"galaxy-usa-ut-ms","galaxy-usa","Ms. Utah Galaxy","Ms.","State","Utah","UT","ms utah galaxy","Ms. Utah Galaxy|Ms Utah Galaxy|Ms. Utah Galaxy Pageant|Ms. Utah Galaxy Organization|Ms. UT Galaxy|Utah Ms. Galaxy|Ms. Galaxy Utah|Utah Galaxy","false","generated"
"galaxy-usa-ut-teen","galaxy-usa","Miss Utah Teen Galaxy","Teen","State","Utah","UT","miss utah teen galaxy","Miss Utah Teen Galaxy|Miss Utah Teen Galaxy Pageant|Miss Utah Teen Galaxy Organization|Miss UT Teen Galaxy|Utah Miss Teen Galaxy|Miss Teen Galaxy Utah|Miss Utah's Teen Galaxy|Utah Galaxy","false","generated"
"galaxy-usa-ut-junior","galaxy-usa","Junior Miss Utah Galaxy","Junior","State","Utah","UT","junior miss utah galaxy","Junior Miss Utah Galaxy|Junior Miss Utah Galaxy Pageant|Junior Miss Utah Galaxy Organization|Junior Miss UT Galaxy|Utah Galaxy","false","generated"
"galaxy-usa-ut-classic-mrs","galaxy-usa","Classic Mrs. Utah Galaxy","Classic Mrs.","State","Utah","UT","classic mrs utah galaxy","Classic Mrs. Utah Galaxy|Classic Mrs Utah Galaxy|Classic Mrs. Utah Galaxy Pageant|Classic Mrs. Utah Galaxy Organization|Classic Mrs. UT Galaxy|Utah Galaxy","false","generated"
"galaxy-usa-vt-miss","galaxy-usa","Miss Vermont Galaxy","Miss","State","Vermont","VT","miss vermont galaxy","Miss Vermont Galaxy|Miss Vermont Galaxy Pageant|Miss Vermont Galaxy Organization|Miss VT Galaxy|Vermont Miss Galaxy|Miss Galaxy Vermont|Vermont Galaxy","false","generated"
"galaxy-usa-vt-mrs","galaxy-usa","Mrs. Vermont Galaxy","Mrs.","State","Vermont","VT","mrs vermont galaxy","Mrs. Vermont Galaxy|Mrs Vermont Galaxy|Mrs. Vermont Galaxy Pageant|Mrs. Vermont Galaxy Organization|Mrs. VT Galaxy|Vermont Mrs. Galaxy|Mrs. Galaxy Vermont|Vermont Galaxy","false","generated"
"galaxy-usa-vt-ms","galaxy-usa","Ms. Vermont Galaxy","Ms.","State","Vermont","VT","ms vermont galaxy","Ms. Vermont Galaxy|Ms Vermont Galaxy|Ms. Vermont Galaxy Pageant|Ms. Vermont Galaxy Organization|Ms. VT Galaxy|Vermont Ms. Galaxy|Ms. Galaxy Vermont|Vermont Galaxy","false","generated"
"galaxy-usa-vt-teen","galaxy-usa","Miss Vermont Teen Galaxy","Teen","State","Vermont","VT","miss vermont teen galaxy","Miss Vermont Teen Galaxy|Miss Vermont Teen Galaxy Pageant|Miss Vermont Teen Galaxy Organization|Miss VT Teen Galaxy|Vermont Miss Teen Galaxy|Miss Teen Galaxy Vermont|Miss Vermont's Teen Galaxy|Vermont Galaxy","false","generated"
"galaxy-usa-vt-junior","galaxy-usa","Junior Miss Vermont Galaxy","Junior","State","Vermont","VT","junior miss vermont galaxy","Junior Miss Vermont Galaxy|Junior Miss Vermont Galaxy Pageant|Junior Miss Vermont Galaxy Organization|Junior Miss VT Galaxy|Vermont Galaxy","false","generated"
"galaxy-usa-vt-classic-mrs","galaxy-usa","Classic Mrs. Vermont Galaxy","Classic Mrs.","State","Vermont","VT","classic mrs vermont galaxy","Classic Mrs. Vermont Galaxy|Classic Mrs Vermont Galaxy|Classic Mrs. Vermont Galaxy Pageant|Classic Mrs. Vermont Galaxy Organization|Classic Mrs. VT Galaxy|Vermont Galaxy","false","generated"
"galaxy-usa-va-miss","galaxy-usa","Miss Virginia Galaxy","Miss","State","Virginia","VA","miss virginia galaxy","Miss Virginia Galaxy|Miss Virginia Galaxy Pageant|Miss Virginia Galaxy Organization|Miss VA Galaxy|Virginia Miss Galaxy|Miss Galaxy Virginia|Virginia Galaxy","false","generated"
"galaxy-usa-va-mrs","galaxy-usa","Mrs. Virginia Galaxy","Mrs.","State","Virginia","VA","mrs virginia galaxy","Mrs. Virginia Galaxy|Mrs Virginia Galaxy|Mrs. Virginia Galaxy Pageant|Mrs. Virginia Galaxy Organization|Mrs. VA Galaxy|Virginia Mrs. Galaxy|Mrs. Galaxy Virginia|Virginia Galaxy","false","generated"
"galaxy-usa-va-ms","galaxy-usa","Ms. Virginia Galaxy","Ms.","State","Virginia","VA","ms virginia galaxy","Ms. Virginia Galaxy|Ms Virginia Galaxy|Ms. Virginia Galaxy Pageant|Ms. Virginia Galaxy Organization|Ms. VA Galaxy|Virginia Ms. Galaxy|Ms. Galaxy Virginia|Virginia Galaxy","false","generated"
"galaxy-usa-va-teen","galaxy-usa","Miss Virginia Teen Galaxy","Teen","State","Virginia","VA","miss virginia teen galaxy","Miss Virginia Teen Galaxy|Miss Virginia Teen Galaxy Pageant|Miss Virginia Teen Galaxy Organization|Miss VA Teen Galaxy|Virginia Miss Teen Galaxy|Miss Teen Galaxy Virginia|Miss Virginia's Teen Galaxy|Virginia Galaxy","false","generated"
"galaxy-usa-va-junior","galaxy-usa","Junior Miss Virginia Galaxy","Junior","State","Virginia","VA","junior miss virginia galaxy","Junior Miss Virginia Galaxy|Junior Miss Virginia Galaxy Pageant|Junior Miss Virginia Galaxy Organization|Junior Miss VA Galaxy|Virginia Galaxy","false","generated"
"galaxy-usa-va-classic-mrs","galaxy-usa","Classic Mrs. Virginia Galaxy","Classic Mrs.","State","Virginia","VA","classic mrs virginia galaxy","Classic Mrs. Virginia Galaxy|Classic Mrs Virginia Galaxy|Classic Mrs. Virginia Galaxy Pageant|Classic Mrs. Virginia Galaxy Organization|Classic Mrs. VA Galaxy|Virginia Galaxy","false","generated"
"galaxy-usa-wa-miss","galaxy-usa","Miss Washington Galaxy","Miss","State","Washington","WA","miss washington galaxy","Miss Washington Galaxy|Miss Washington Galaxy Pageant|Miss Washington Galaxy Organization|Miss WA Galaxy|Washington Miss Galaxy|Miss Galaxy Washington|Washington Galaxy","false","generated"
"galaxy-usa-wa-mrs","galaxy-usa","Mrs. Washington Galaxy","Mrs.","State","Washington","WA","mrs washington galaxy","Mrs. Washington Galaxy|Mrs Washington Galaxy|Mrs. Washington Galaxy Pageant|Mrs. Washington Galaxy Organization|Mrs. WA Galaxy|Washington Mrs. Galaxy|Mrs. Galaxy Washington|Washington Galaxy","false","generated"
"galaxy-usa-wa-ms","galaxy-usa","Ms. Washington Galaxy","Ms.","State","Washington","WA","ms washington galaxy","Ms. Washington Galaxy|Ms Washington Galaxy|Ms. Washington Galaxy Pageant|Ms. Washington Galaxy Organization|Ms. WA Galaxy|Washington Ms. Galaxy|Ms. Galaxy Washington|Washington Galaxy","false","generated"
"galaxy-usa-wa-teen","galaxy-usa","Miss Washington Teen Galaxy","Teen","State","Washington","WA","miss washington teen galaxy","Miss Washington Teen Galaxy|Miss Washington Teen Galaxy Pageant|Miss Washington Teen Galaxy Organization|Miss WA Teen Galaxy|Washington Miss Teen Galaxy|Miss Teen Galaxy Washington|Miss Washington's Teen Galaxy|Washington Galaxy","false","generated"
"galaxy-usa-wa-junior","galaxy-usa","Junior Miss Washington Galaxy","Junior","State","Washington","WA","junior miss washington galaxy","Junior Miss Washington Galaxy|Junior Miss Washington Galaxy Pageant|Junior Miss Washington Galaxy Organization|Junior Miss WA Galaxy|Washington Galaxy","false","generated"
"galaxy-usa-wa-classic-mrs","galaxy-usa","Classic Mrs. Washington Galaxy","Classic Mrs.","State","Washington","WA","classic mrs washington galaxy","Classic Mrs. Washington Galaxy|Classic Mrs Washington Galaxy|Classic Mrs. Washington Galaxy Pageant|Classic Mrs. Washington Galaxy Organization|Classic Mrs. WA Galaxy|Washington Galaxy","false","generated"
"galaxy-usa-wv-miss","galaxy-usa","Miss West Virginia Galaxy","Miss","State","West Virginia","WV","miss west virginia galaxy","Miss West Virginia Galaxy|Miss West Virginia Galaxy Pageant|Miss West Virginia Galaxy Organization|Miss WV Galaxy|West Virginia Miss Galaxy|Miss Galaxy West Virginia|West Virginia Galaxy","false","generated"
"galaxy-usa-wv-mrs","galaxy-usa","Mrs. West Virginia Galaxy","Mrs.","State","West Virginia","WV","mrs west virginia galaxy","Mrs. West Virginia Galaxy|Mrs West Virginia Galaxy|Mrs. West Virginia Galaxy Pageant|Mrs. West Virginia Galaxy Organization|Mrs. WV Galaxy|West Virginia Mrs. Galaxy|Mrs. Galaxy West Virginia|West Virginia Galaxy","false","generated"
"galaxy-usa-wv-ms","galaxy-usa","Ms. West Virginia Galaxy","Ms.","State","West Virginia","WV","ms west virginia galaxy","Ms. West Virginia Galaxy|Ms West Virginia Galaxy|Ms. West Virginia Galaxy Pageant|Ms. West Virginia Galaxy Organization|Ms. WV Galaxy|West Virginia Ms. Galaxy|Ms. Galaxy West Virginia|West Virginia Galaxy","false","generated"
"galaxy-usa-wv-teen","galaxy-usa","Miss West Virginia Teen Galaxy","Teen","State","West Virginia","WV","miss west virginia teen galaxy","Miss West Virginia Teen Galaxy|Miss West Virginia Teen Galaxy Pageant|Miss West Virginia Teen Galaxy Organization|Miss WV Teen Galaxy|West Virginia Miss Teen Galaxy|Miss Teen Galaxy West Virginia|Miss West Virginia's Teen Galaxy|West Virginia Galaxy","false","generated"
"galaxy-usa-wv-junior","galaxy-usa","Junior Miss West Virginia Galaxy","Junior","State","West Virginia","WV","junior miss west virginia galaxy","Junior Miss West Virginia Galaxy|Junior Miss West Virginia Galaxy Pageant|Junior Miss West Virginia Galaxy Organization|Junior Miss WV Galaxy|West Virginia Galaxy","false","generated"
"galaxy-usa-wv-classic-mrs","galaxy-usa","Classic Mrs. West Virginia Galaxy","Classic Mrs.","State","West Virginia","WV","classic mrs west virginia galaxy","Classic Mrs. West Virginia Galaxy|Classic Mrs West Virginia Galaxy|Classic Mrs. West Virginia Galaxy Pageant|Classic Mrs. West Virginia Galaxy Organization|Classic Mrs. WV Galaxy|West Virginia Galaxy","false","generated"
"galaxy-usa-wi-miss","galaxy-usa","Miss Wisconsin Galaxy","Miss","State","Wisconsin","WI","miss wisconsin galaxy","Miss Wisconsin Galaxy|Miss Wisconsin Galaxy Pageant|Miss Wisconsin Galaxy Organization|Miss WI Galaxy|Wisconsin Miss Galaxy|Miss Galaxy Wisconsin|Wisconsin Galaxy","false","generated"
"galaxy-usa-wi-mrs","galaxy-usa","Mrs. Wisconsin Galaxy","Mrs.","State","Wisconsin","WI","mrs wisconsin galaxy","Mrs. Wisconsin Galaxy|Mrs Wisconsin Galaxy|Mrs. Wisconsin Galaxy Pageant|Mrs. Wisconsin Galaxy Organization|Mrs. WI Galaxy|Wisconsin Mrs. Galaxy|Mrs. Galaxy Wisconsin|Wisconsin Galaxy","false","generated"
"galaxy-usa-wi-ms","galaxy-usa","Ms. Wisconsin Galaxy","Ms.","State","Wisconsin","WI","ms wisconsin galaxy","Ms. Wisconsin Galaxy|Ms Wisconsin Galaxy|Ms. Wisconsin Galaxy Pageant|Ms. Wisconsin Galaxy Organization|Ms. WI Galaxy|Wisconsin Ms. Galaxy|Ms. Galaxy Wisconsin|Wisconsin Galaxy","false","generated"
"galaxy-usa-wi-teen","galaxy-usa","Miss Wisconsin Teen Galaxy","Teen","State","Wisconsin","WI","miss wisconsin teen galaxy","Miss Wisconsin Teen Galaxy|Miss Wisconsin Teen Galaxy Pageant|Miss Wisconsin Teen Galaxy Organization|Miss WI Teen Galaxy|Wisconsin Miss Teen Galaxy|Miss Teen Galaxy Wisconsin|Miss Wisconsin's Teen Galaxy|Wisconsin Galaxy","false","generated"
"galaxy-usa-wi-junior","galaxy-usa","Junior Miss Wisconsin Galaxy","Junior","State","Wisconsin","WI","junior miss wisconsin galaxy","Junior Miss Wisconsin Galaxy|Junior Miss Wisconsin Galaxy Pageant|Junior Miss Wisconsin Galaxy Organization|Junior Miss WI Galaxy|Wisconsin Galaxy","false","generated"
"galaxy-usa-wi-classic-mrs","galaxy-usa","Classic Mrs. Wisconsin Galaxy","Classic Mrs.","State","Wisconsin","WI","classic mrs wisconsin galaxy","Classic Mrs. Wisconsin Galaxy|Classic Mrs Wisconsin Galaxy|Classic Mrs. Wisconsin Galaxy Pageant|Classic Mrs. Wisconsin Galaxy Organization|Classic Mrs. WI Galaxy|Wisconsin Galaxy","false","generated"
"galaxy-usa-wy-miss","galaxy-usa","Miss Wyoming Galaxy","Miss","State","Wyoming","WY","miss wyoming galaxy","Miss Wyoming Galaxy|Miss Wyoming Galaxy Pageant|Miss Wyoming Galaxy Organization|Miss WY Galaxy|Wyoming Miss Galaxy|Miss Galaxy Wyoming|Wyoming Galaxy","false","generated"
"galaxy-usa-wy-mrs","galaxy-usa","Mrs. Wyoming Galaxy","Mrs.","State","Wyoming","WY","mrs wyoming galaxy","Mrs. Wyoming Galaxy|Mrs Wyoming Galaxy|Mrs. Wyoming Galaxy Pageant|Mrs. Wyoming Galaxy Organization|Mrs. WY Galaxy|Wyoming Mrs. Galaxy|Mrs. Galaxy Wyoming|Wyoming Galaxy","false","generated"
"galaxy-usa-wy-ms","galaxy-usa","Ms. Wyoming Galaxy","Ms.","State","Wyoming","WY","ms wyoming galaxy","Ms. Wyoming Galaxy|Ms Wyoming Galaxy|Ms. Wyoming Galaxy Pageant|Ms. Wyoming Galaxy Organization|Ms. WY Galaxy|Wyoming Ms. Galaxy|Ms. Galaxy Wyoming|Wyoming Galaxy","false","generated"
"galaxy-usa-wy-teen","galaxy-usa","Miss Wyoming Teen Galaxy","Teen","State","Wyoming","WY","miss wyoming teen galaxy","Miss Wyoming Teen Galaxy|Miss Wyoming Teen Galaxy Pageant|Miss Wyoming Teen Galaxy Organization|Miss WY Teen Galaxy|Wyoming Miss Teen Galaxy|Miss Teen Galaxy Wyoming|Miss Wyoming's Teen Galaxy|Wyoming Galaxy","false","generated"
"galaxy-usa-wy-junior","galaxy-usa","Junior Miss Wyoming Galaxy","Junior","State","Wyoming","WY","junior miss wyoming galaxy","Junior Miss Wyoming Galaxy|Junior Miss Wyoming Galaxy Pageant|Junior Miss Wyoming Galaxy Organization|Junior Miss WY Galaxy|Wyoming Galaxy","false","generated"
"galaxy-usa-wy-classic-mrs","galaxy-usa","Classic Mrs. Wyoming Galaxy","Classic Mrs.","State","Wyoming","WY","classic mrs wyoming galaxy","Classic Mrs. Wyoming Galaxy|Classic Mrs Wyoming Galaxy|Classic Mrs. Wyoming Galaxy Pageant|Classic Mrs. Wyoming Galaxy Organization|Classic Mrs. WY Galaxy|Wyoming Galaxy","false","generated"
"galaxy-usa-dc-miss","galaxy-usa","Miss District of Columbia Galaxy","Miss","State","District of Columbia","DC","miss district of columbia galaxy","Miss District of Columbia Galaxy|Miss District of Columbia Galaxy Pageant|Miss District of Columbia Galaxy Organization|Miss DC Galaxy|District of Columbia Miss Galaxy|Miss Galaxy District of Columbia|District of Columbia Galaxy","false","generated"
"galaxy-usa-dc-mrs","galaxy-usa","Mrs. District of Columbia Galaxy","Mrs.","State","District of Columbia","DC","mrs district of columbia galaxy","Mrs. District of Columbia Galaxy|Mrs District of Columbia Galaxy|Mrs. District of Columbia Galaxy Pageant|Mrs. District of Columbia Galaxy Organization|Mrs. DC Galaxy|District of Columbia Mrs. Galaxy|Mrs. Galaxy District of Columbia|District of Columbia Galaxy","false","generated"
"galaxy-usa-dc-ms","galaxy-usa","Ms. District of Columbia Galaxy","Ms.","State","District of Columbia","DC","ms district of columbia galaxy","Ms. District of Columbia Galaxy|Ms District of Columbia Galaxy|Ms. District of Columbia Galaxy Pageant|Ms. District of Columbia Galaxy Organization|Ms. DC Galaxy|District of Columbia Ms. Galaxy|Ms. Galaxy District of Columbia|District of Columbia Galaxy","false","generated"
"galaxy-usa-dc-teen","galaxy-usa","Miss District of Columbia Teen Galaxy","Teen","State","District of Columbia","DC","miss district of columbia teen galaxy","Miss District of Columbia Teen Galaxy|Miss District of Columbia Teen Galaxy Pageant|Miss District of Columbia Teen Galaxy Organization|Miss DC Teen Galaxy|District of Columbia Miss Teen Galaxy|Miss Teen Galaxy District of Columbia|Miss District of Columbia's Teen Galaxy|District of Columbia Galaxy","false","generated"
"galaxy-usa-dc-junior","galaxy-usa","Junior Miss District of Columbia Galaxy","Junior","State","District of Columbia","DC","junior miss district of columbia galaxy","Junior Miss District of Columbia Galaxy|Junior Miss District of Columbia Galaxy Pageant|Junior Miss District of Columbia Galaxy Organization|Junior Miss DC Galaxy|District of Columbia Galaxy","false","generated"
"galaxy-usa-dc-classic-mrs","galaxy-usa","Classic Mrs. District of Columbia Galaxy","Classic Mrs.","State","District of Columbia","DC","classic mrs district of columbia galaxy","Classic Mrs. District of Columbia Galaxy|Classic Mrs District of Columbia Galaxy|Classic Mrs. District of Columbia Galaxy Pageant|Classic Mrs. District of Columbia Galaxy Organization|Classic Mrs. DC Galaxy|District of Columbia Galaxy","false","generated"
"galaxy-usa-pr-miss","galaxy-usa","Miss Puerto Rico Galaxy","Miss","State","Puerto Rico","PR","miss puerto rico galaxy","Miss Puerto Rico Galaxy|Miss Puerto Rico Galaxy Pageant|Miss Puerto Rico Galaxy Organization|Miss PR Galaxy|Puerto Rico Miss Galaxy|Miss Galaxy Puerto Rico|Puerto Rico Galaxy","false","generated"
"galaxy-usa-pr-mrs","galaxy-usa","Mrs. Puerto Rico Galaxy","Mrs.","State","Puerto Rico","PR","mrs puerto rico galaxy","Mrs. Puerto Rico Galaxy|Mrs Puerto Rico Galaxy|Mrs. Puerto Rico Galaxy Pageant|Mrs. Puerto Rico Galaxy Organization|Mrs. PR Galaxy|Puerto Rico Mrs. Galaxy|Mrs. Galaxy Puerto Rico|Puerto Rico Galaxy","false","generated"
"galaxy-usa-pr-ms","galaxy-usa","Ms. Puerto Rico Galaxy","Ms.","State","Puerto Rico","PR","ms puerto rico galaxy","Ms. Puerto Rico Galaxy|Ms Puerto Rico Galaxy|Ms. Puerto Rico Galaxy Pageant|Ms. Puerto Rico Galaxy Organization|Ms. PR Galaxy|Puerto Rico Ms. Galaxy|Ms. Galaxy Puerto Rico|Puerto Rico Galaxy","false","generated"
"galaxy-usa-pr-teen","galaxy-usa","Miss Puerto Rico Teen Galaxy","Teen","State","Puerto Rico","PR","miss puerto rico teen galaxy","Miss Puerto Rico Teen Galaxy|Miss Puerto Rico Teen Galaxy Pageant|Miss Puerto Rico Teen Galaxy Organization|Miss PR Teen Galaxy|Puerto Rico Miss Teen Galaxy|Miss Teen Galaxy Puerto Rico|Miss Puerto Rico's Teen Galaxy|Puerto Rico Galaxy","false","generated"
"galaxy-usa-pr-junior","galaxy-usa","Junior Miss Puerto Rico Galaxy","Junior","State","Puerto Rico","PR","junior miss puerto rico galaxy","Junior Miss Puerto Rico Galaxy|Junior Miss Puerto Rico Galaxy Pageant|Junior Miss Puerto Rico Galaxy Organization|Junior Miss PR Galaxy|Puerto Rico Galaxy","false","generated"
"galaxy-usa-pr-classic-mrs","galaxy-usa","Classic Mrs. Puerto Rico Galaxy","Classic Mrs.","State","Puerto Rico","PR","classic mrs puerto rico galaxy","Classic Mrs. Puerto Rico Galaxy|Classic Mrs Puerto Rico Galaxy|Classic Mrs. Puerto Rico Galaxy Pageant|Classic Mrs. Puerto Rico Galaxy Organization|Classic Mrs. PR Galaxy|Puerto Rico Galaxy","false","generated"
"miss-world-america-al-miss","miss-world-america","Miss Alabama","Miss","State","Alabama","AL","miss alabama","Miss Alabama|Miss Alabama Pageant|Miss Alabama Organization|Miss AL|Alabama Miss|Alabama MWA|MWA Alabama","false","generated"
"miss-world-america-al-teen","miss-world-america","Miss Alabama Teen","Teen","State","Alabama","AL","miss alabama teen","Miss Alabama Teen|Miss Alabama Teen Pageant|Miss Alabama Teen Organization|Miss AL Teen|Alabama Miss Teen|Miss Teen Alabama|Miss Alabama's Teen|Alabama MWA|MWA Alabama","false","generated"
"miss-world-america-ak-miss","miss-world-america","Miss Alaska","Miss","State","Alaska","AK","miss alaska","Miss Alaska|Miss Alaska Pageant|Miss Alaska Organization|Miss AK|Alaska Miss|Alaska MWA|MWA Alaska","false","generated"
"miss-world-america-ak-teen","miss-world-america","Miss Alaska Teen","Teen","State","Alaska","AK","miss alaska teen","Miss Alaska Teen|Miss Alaska Teen Pageant|Miss Alaska Teen Organization|Miss AK Teen|Alaska Miss Teen|Miss Teen Alaska|Miss Alaska's Teen|Alaska MWA|MWA Alaska","false","generated"
"miss-world-america-az-miss","miss-world-america","Miss Arizona","Miss","State","Arizona","AZ","miss arizona","Miss Arizona|Miss Arizona Pageant|Miss Arizona Organization|Miss AZ|Arizona Miss|Arizona MWA|MWA Arizona","false","generated"
"miss-world-america-az-teen","miss-world-america","Miss Arizona Teen","Teen","State","Arizona","AZ","miss arizona teen","Miss Arizona Teen|Miss Arizona Teen Pageant|Miss Arizona Teen Organization|Miss AZ Teen|Arizona Miss Teen|Miss Teen Arizona|Miss Arizona's Teen|Arizona MWA|MWA Arizona","false","generated"
"miss-world-america-ar-miss","miss-world-america","Miss Arkansas","Miss","State","Arkansas","AR","miss arkansas","Miss Arkansas|Miss Arkansas Pageant|Miss Arkansas Organization|Miss AR|Arkansas Miss|Arkansas MWA|MWA Arkansas","false","generated"
"miss-world-america-ar-teen","miss-world-america","Miss Arkansas Teen","Teen","State","Arkansas","AR","miss arkansas teen","Miss Arkansas Teen|Miss Arkansas Teen Pageant|Miss Arkansas Teen Organization|Miss AR Teen|Arkansas Miss Teen|Miss Teen Arkansas|Miss Arkansas's Teen|Arkansas MWA|MWA Arkansas","false","generated"
"miss-world-america-ca-miss","miss-world-america","Miss California","Miss","State","California","CA","miss california","Miss California|Miss California Pageant|Miss California Organization|Miss CA|California Miss|California MWA|MWA California","false","generated"
"miss-world-america-ca-teen","miss-world-america","Miss California Teen","Teen","State","California","CA","miss california teen","Miss California Teen|Miss California Teen Pageant|Miss California Teen Organization|Miss CA Teen|California Miss Teen|Miss Teen California|Miss California's Teen|California MWA|MWA California","false","generated"
"miss-world-america-co-miss","miss-world-america","Miss Colorado","Miss","State","Colorado","CO","miss colorado","Miss Colorado|Miss Colorado Pageant|Miss Colorado Organization|Miss CO|Colorado Miss|Colorado MWA|MWA Colorado","false","generated"
"miss-world-america-co-teen","miss-world-america","Miss Colorado Teen","Teen","State","Colorado","CO","miss colorado teen","Miss Colorado Teen|Miss Colorado Teen Pageant|Miss Colorado Teen Organization|Miss CO Teen|Colorado Miss Teen|Miss Teen Colorado|Miss Colorado's Teen|Colorado MWA|MWA Colorado","false","generated"
"miss-world-america-ct-miss","miss-world-america","Miss Connecticut","Miss","State","Connecticut","CT","miss connecticut","Miss Connecticut|Miss Connecticut Pageant|Miss Connecticut Organization|Miss CT|Connecticut Miss|Connecticut MWA|MWA Connecticut","false","generated"
"miss-world-america-ct-teen","miss-world-america","Miss Connecticut Teen","Teen","State","Connecticut","CT","miss connecticut teen","Miss Connecticut Teen|Miss Connecticut Teen Pageant|Miss Connecticut Teen Organization|Miss CT Teen|Connecticut Miss Teen|Miss Teen Connecticut|Miss Connecticut's Teen|Connecticut MWA|MWA Connecticut","false","generated"
"miss-world-america-de-miss","miss-world-america","Miss Delaware","Miss","State","Delaware","DE","miss delaware","Miss Delaware|Miss Delaware Pageant|Miss Delaware Organization|Miss DE|Delaware Miss|Delaware MWA|MWA Delaware","false","generated"
"miss-world-america-de-teen","miss-world-america","Miss Delaware Teen","Teen","State","Delaware","DE","miss delaware teen","Miss Delaware Teen|Miss Delaware Teen Pageant|Miss Delaware Teen Organization|Miss DE Teen|Delaware Miss Teen|Miss Teen Delaware|Miss Delaware's Teen|Delaware MWA|MWA Delaware","false","generated"
"miss-world-america-fl-miss","miss-world-america","Miss Florida","Miss","State","Florida","FL","miss florida","Miss Florida|Miss Florida Pageant|Miss Florida Organization|Miss FL|Florida Miss|Florida MWA|MWA Florida","false","generated"
"miss-world-america-fl-teen","miss-world-america","Miss Florida Teen","Teen","State","Florida","FL","miss florida teen","Miss Florida Teen|Miss Florida Teen Pageant|Miss Florida Teen Organization|Miss FL Teen|Florida Miss Teen|Miss Teen Florida|Miss Florida's Teen|Florida MWA|MWA Florida","false","generated"
"miss-world-america-ga-miss","miss-world-america","Miss Georgia","Miss","State","Georgia","GA","miss georgia","Miss Georgia|Miss Georgia Pageant|Miss Georgia Organization|Miss GA|Georgia Miss|Georgia MWA|MWA Georgia","false","generated"
"miss-world-america-ga-teen","miss-world-america","Miss Georgia Teen","Teen","State","Georgia","GA","miss georgia teen","Miss Georgia Teen|Miss Georgia Teen Pageant|Miss Georgia Teen Organization|Miss GA Teen|Georgia Miss Teen|Miss Teen Georgia|Miss Georgia's Teen|Georgia MWA|MWA Georgia","false","generated"
"miss-world-america-hi-miss","miss-world-america","Miss Hawaii","Miss","State","Hawaii","HI","miss hawaii","Miss Hawaii|Miss Hawaii Pageant|Miss Hawaii Organization|Miss HI|Hawaii Miss|Hawaii MWA|MWA Hawaii","false","generated"
"miss-world-america-hi-teen","miss-world-america","Miss Hawaii Teen","Teen","State","Hawaii","HI","miss hawaii teen","Miss Hawaii Teen|Miss Hawaii Teen Pageant|Miss Hawaii Teen Organization|Miss HI Teen|Hawaii Miss Teen|Miss Teen Hawaii|Miss Hawaii's Teen|Hawaii MWA|MWA Hawaii","false","generated"
"miss-world-america-id-miss","miss-world-america","Miss Idaho","Miss","State","Idaho","ID","miss idaho","Miss Idaho|Miss Idaho Pageant|Miss Idaho Organization|Miss ID|Idaho Miss|Idaho MWA|MWA Idaho","false","generated"
"miss-world-america-id-teen","miss-world-america","Miss Idaho Teen","Teen","State","Idaho","ID","miss idaho teen","Miss Idaho Teen|Miss Idaho Teen Pageant|Miss Idaho Teen Organization|Miss ID Teen|Idaho Miss Teen|Miss Teen Idaho|Miss Idaho's Teen|Idaho MWA|MWA Idaho","false","generated"
"miss-world-america-il-miss","miss-world-america","Miss Illinois","Miss","State","Illinois","IL","miss illinois","Miss Illinois|Miss Illinois Pageant|Miss Illinois Organization|Miss IL|Illinois Miss|Illinois MWA|MWA Illinois","false","generated"
"miss-world-america-il-teen","miss-world-america","Miss Illinois Teen","Teen","State","Illinois","IL","miss illinois teen","Miss Illinois Teen|Miss Illinois Teen Pageant|Miss Illinois Teen Organization|Miss IL Teen|Illinois Miss Teen|Miss Teen Illinois|Miss Illinois's Teen|Illinois MWA|MWA Illinois","false","generated"
"miss-world-america-in-miss","miss-world-america","Miss Indiana","Miss","State","Indiana","IN","miss indiana","Miss Indiana|Miss Indiana Pageant|Miss Indiana Organization|Miss IN|Indiana Miss|Indiana MWA|MWA Indiana","false","generated"
"miss-world-america-in-teen","miss-world-america","Miss Indiana Teen","Teen","State","Indiana","IN","miss indiana teen","Miss Indiana Teen|Miss Indiana Teen Pageant|Miss Indiana Teen Organization|Miss IN Teen|Indiana Miss Teen|Miss Teen Indiana|Miss Indiana's Teen|Indiana MWA|MWA Indiana","false","generated"
"miss-world-america-ia-miss","miss-world-america","Miss Iowa","Miss","State","Iowa","IA","miss iowa","Miss Iowa|Miss Iowa Pageant|Miss Iowa Organization|Miss IA|Iowa Miss|Iowa MWA|MWA Iowa","false","generated"
"miss-world-america-ia-teen","miss-world-america","Miss Iowa Teen","Teen","State","Iowa","IA","miss iowa teen","Miss Iowa Teen|Miss Iowa Teen Pageant|Miss Iowa Teen Organization|Miss IA Teen|Iowa Miss Teen|Miss Teen Iowa|Miss Iowa's Teen|Iowa MWA|MWA Iowa","false","generated"
"miss-world-america-ks-miss","miss-world-america","Miss Kansas","Miss","State","Kansas","KS","miss kansas","Miss Kansas|Miss Kansas Pageant|Miss Kansas Organization|Miss KS|Kansas Miss|Kansas MWA|MWA Kansas","false","generated"
"miss-world-america-ks-teen","miss-world-america","Miss Kansas Teen","Teen","State","Kansas","KS","miss kansas teen","Miss Kansas Teen|Miss Kansas Teen Pageant|Miss Kansas Teen Organization|Miss KS Teen|Kansas Miss Teen|Miss Teen Kansas|Miss Kansas's Teen|Kansas MWA|MWA Kansas","false","generated"
"miss-world-america-ky-miss","miss-world-america","Miss Kentucky","Miss","State","Kentucky","KY","miss kentucky","Miss Kentucky|Miss Kentucky Pageant|Miss Kentucky Organization|Miss KY|Kentucky Miss|Kentucky MWA|MWA Kentucky","false","generated"
"miss-world-america-ky-teen","miss-world-america","Miss Kentucky Teen","Teen","State","Kentucky","KY","miss kentucky teen","Miss Kentucky Teen|Miss Kentucky Teen Pageant|Miss Kentucky Teen Organization|Miss KY Teen|Kentucky Miss Teen|Miss Teen Kentucky|Miss Kentucky's Teen|Kentucky MWA|MWA Kentucky","false","generated"
"miss-world-america-la-miss","miss-world-america","Miss Louisiana","Miss","State","Louisiana","LA","miss louisiana","Miss Louisiana|Miss Louisiana Pageant|Miss Louisiana Organization|Miss LA|Louisiana Miss|Louisiana MWA|MWA Louisiana","false","generated"
"miss-world-america-la-teen","miss-world-america","Miss Louisiana Teen","Teen","State","Louisiana","LA","miss louisiana teen","Miss Louisiana Teen|Miss Louisiana Teen Pageant|Miss Louisiana Teen Organization|Miss LA Teen|Louisiana Miss Teen|Miss Teen Louisiana|Miss Louisiana's Teen|Louisiana MWA|MWA Louisiana","false","generated"
"miss-world-america-me-miss","miss-world-america","Miss Maine","Miss","State","Maine","ME","miss maine","Miss Maine|Miss Maine Pageant|Miss Maine Organization|Miss ME|Maine Miss|Maine MWA|MWA Maine","false","generated"
"miss-world-america-me-teen","miss-world-america","Miss Maine Teen","Teen","State","Maine","ME","miss maine teen","Miss Maine Teen|Miss Maine Teen Pageant|Miss Maine Teen Organization|Miss ME Teen|Maine Miss Teen|Miss Teen Maine|Miss Maine's Teen|Maine MWA|MWA Maine","false","generated"
"miss-world-america-md-miss","miss-world-america","Miss Maryland","Miss","State","Maryland","MD","miss maryland","Miss Maryland|Miss Maryland Pageant|Miss Maryland Organization|Miss MD|Maryland Miss|Maryland MWA|MWA Maryland","false","generated"
"miss-world-america-md-teen","miss-world-america","Miss Maryland Teen","Teen","State","Maryland","MD","miss maryland teen","Miss Maryland Teen|Miss Maryland Teen Pageant|Miss Maryland Teen Organization|Miss MD Teen|Maryland Miss Teen|Miss Teen Maryland|Miss Maryland's Teen|Maryland MWA|MWA Maryland","false","generated"
"miss-world-america-ma-miss","miss-world-america","Miss Massachusetts","Miss","State","Massachusetts","MA","miss massachusetts","Miss Massachusetts|Miss Massachusetts Pageant|Miss Massachusetts Organization|Miss MA|Massachusetts Miss|Massachusetts MWA|MWA Massachusetts","false","generated"
"miss-world-america-ma-teen","miss-world-america","Miss Massachusetts Teen","Teen","State","Massachusetts","MA","miss massachusetts teen","Miss Massachusetts Teen|Miss Massachusetts Teen Pageant|Miss Massachusetts Teen Organization|Miss MA Teen|Massachusetts Miss Teen|Miss Teen Massachusetts|Miss Massachusetts's Teen|Massachusetts MWA|MWA Massachusetts","false","generated"
"miss-world-america-mi-miss","miss-world-america","Miss Michigan","Miss","State","Michigan","MI","miss michigan","Miss Michigan|Miss Michigan Pageant|Miss Michigan Organization|Miss MI|Michigan Miss|Michigan MWA|MWA Michigan","false","generated"
"miss-world-america-mi-teen","miss-world-america","Miss Michigan Teen","Teen","State","Michigan","MI","miss michigan teen","Miss Michigan Teen|Miss Michigan Teen Pageant|Miss Michigan Teen Organization|Miss MI Teen|Michigan Miss Teen|Miss Teen Michigan|Miss Michigan's Teen|Michigan MWA|MWA Michigan","false","generated"
"miss-world-america-mn-miss","miss-world-america","Miss Minnesota","Miss","State","Minnesota","MN","miss minnesota","Miss Minnesota|Miss Minnesota Pageant|Miss Minnesota Organization|Miss MN|Minnesota Miss|Minnesota MWA|MWA Minnesota","false","generated"
"miss-world-america-mn-teen","miss-world-america","Miss Minnesota Teen","Teen","State","Minnesota","MN","miss minnesota teen","Miss Minnesota Teen|Miss Minnesota Teen Pageant|Miss Minnesota Teen Organization|Miss MN Teen|Minnesota Miss Teen|Miss Teen Minnesota|Miss Minnesota's Teen|Minnesota MWA|MWA Minnesota","false","generated"
"miss-world-america-ms-miss","miss-world-america","Miss Mississippi","Miss","State","Mississippi","MS","miss mississippi","Miss Mississippi|Miss Mississippi Pageant|Miss Mississippi Organization|Miss MS|Mississippi Miss|Mississippi MWA|MWA Mississippi","false","generated"
"miss-world-america-ms-teen","miss-world-america","Miss Mississippi Teen","Teen","State","Mississippi","MS","miss mississippi teen","Miss Mississippi Teen|Miss Mississippi Teen Pageant|Miss Mississippi Teen Organization|Miss MS Teen|Mississippi Miss Teen|Miss Teen Mississippi|Miss Mississippi's Teen|Mississippi MWA|MWA Mississippi","false","generated"
"miss-world-america-mo-miss","miss-world-america","Miss Missouri","Miss","State","Missouri","MO","miss missouri","Miss Missouri|Miss Missouri Pageant|Miss Missouri Organization|Miss MO|Missouri Miss|Missouri MWA|MWA Missouri","false","generated"
"miss-world-america-mo-teen","miss-world-america","Miss Missouri Teen","Teen","State","Missouri","MO","miss missouri teen","Miss Missouri Teen|Miss Missouri Teen Pageant|Miss Missouri Teen Organization|Miss MO Teen|Missouri Miss Teen|Miss Teen Missouri|Miss Missouri's Teen|Missouri MWA|MWA Missouri","false","generated"
"miss-world-america-mt-miss","miss-world-america","Miss Montana","Miss","State","Montana","MT","miss montana","Miss Montana|Miss Montana Pageant|Miss Montana Organization|Miss MT|Montana Miss|Montana MWA|MWA Montana","false","generated"
"miss-world-america-mt-teen","miss-world-america","Miss Montana Teen","Teen","State","Montana","MT","miss montana teen","Miss Montana Teen|Miss Montana Teen Pageant|Miss Montana Teen Organization|Miss MT Teen|Montana Miss Teen|Miss Teen Montana|Miss Montana's Teen|Montana MWA|MWA Montana","false","generated"
"miss-world-america-ne-miss","miss-world-america","Miss Nebraska","Miss","State","Nebraska","NE","miss nebraska","Miss Nebraska|Miss Nebraska Pageant|Miss Nebraska Organization|Miss NE|Nebraska Miss|Nebraska MWA|MWA Nebraska","false","generated"
"miss-world-america-ne-teen","miss-world-america","Miss Nebraska Teen","Teen","State","Nebraska","NE","miss nebraska teen","Miss Nebraska Teen|Miss Nebraska Teen Pageant|Miss Nebraska Teen Organization|Miss NE Teen|Nebraska Miss Teen|Miss Teen Nebraska|Miss Nebraska's Teen|Nebraska MWA|MWA Nebraska","false","generated"
"miss-world-america-nv-miss","miss-world-america","Miss Nevada","Miss","State","Nevada","NV","miss nevada","Miss Nevada|Miss Nevada Pageant|Miss Nevada Organization|Miss NV|Nevada Miss|Nevada MWA|MWA Nevada","false","generated"
"miss-world-america-nv-teen","miss-world-america","Miss Nevada Teen","Teen","State","Nevada","NV","miss nevada teen","Miss Nevada Teen|Miss Nevada Teen Pageant|Miss Nevada Teen Organization|Miss NV Teen|Nevada Miss Teen|Miss Teen Nevada|Miss Nevada's Teen|Nevada MWA|MWA Nevada","false","generated"
"miss-world-america-nh-miss","miss-world-america","Miss New Hampshire","Miss","State","New Hampshire","NH","miss new hampshire","Miss New Hampshire|Miss New Hampshire Pageant|Miss New Hampshire Organization|Miss NH|New Hampshire Miss|New Hampshire MWA|MWA New Hampshire","false","generated"
"miss-world-america-nh-teen","miss-world-america","Miss New Hampshire Teen","Teen","State","New Hampshire","NH","miss new hampshire teen","Miss New Hampshire Teen|Miss New Hampshire Teen Pageant|Miss New Hampshire Teen Organization|Miss NH Teen|New Hampshire Miss Teen|Miss Teen New Hampshire|Miss New Hampshire's Teen|New Hampshire MWA|MWA New Hampshire","false","generated"
"miss-world-america-nj-miss","miss-world-america","Miss New Jersey","Miss","State","New Jersey","NJ","miss new jersey","Miss New Jersey|Miss New Jersey Pageant|Miss New Jersey Organization|Miss NJ|New Jersey Miss|New Jersey MWA|MWA New Jersey","false","generated"
"miss-world-america-nj-teen","miss-world-america","Miss New Jersey Teen","Teen","State","New Jersey","NJ","miss new jersey teen","Miss New Jersey Teen|Miss New Jersey Teen Pageant|Miss New Jersey Teen Organization|Miss NJ Teen|New Jersey Miss Teen|Miss Teen New Jersey|Miss New Jersey's Teen|New Jersey MWA|MWA New Jersey","false","generated"
"miss-world-america-nm-miss","miss-world-america","Miss New Mexico","Miss","State","New Mexico","NM","miss new mexico","Miss New Mexico|Miss New Mexico Pageant|Miss New Mexico Organization|Miss NM|New Mexico Miss|New Mexico MWA|MWA New Mexico","false","generated"
"miss-world-america-nm-teen","miss-world-america","Miss New Mexico Teen","Teen","State","New Mexico","NM","miss new mexico teen","Miss New Mexico Teen|Miss New Mexico Teen Pageant|Miss New Mexico Teen Organization|Miss NM Teen|New Mexico Miss Teen|Miss Teen New Mexico|Miss New Mexico's Teen|New Mexico MWA|MWA New Mexico","false","generated"
"miss-world-america-ny-miss","miss-world-america","Miss New York","Miss","State","New York","NY","miss new york","Miss New York|Miss New York Pageant|Miss New York Organization|Miss NY|New York Miss|New York MWA|MWA New York","false","generated"
"miss-world-america-ny-teen","miss-world-america","Miss New York Teen","Teen","State","New York","NY","miss new york teen","Miss New York Teen|Miss New York Teen Pageant|Miss New York Teen Organization|Miss NY Teen|New York Miss Teen|Miss Teen New York|Miss New York's Teen|New York MWA|MWA New York","false","generated"
"miss-world-america-nc-miss","miss-world-america","Miss North Carolina","Miss","State","North Carolina","NC","miss north carolina","Miss North Carolina|Miss North Carolina Pageant|Miss North Carolina Organization|Miss NC|North Carolina Miss|North Carolina MWA|MWA North Carolina","false","generated"
"miss-world-america-nc-teen","miss-world-america","Miss North Carolina Teen","Teen","State","North Carolina","NC","miss north carolina teen","Miss North Carolina Teen|Miss North Carolina Teen Pageant|Miss North Carolina Teen Organization|Miss NC Teen|North Carolina Miss Teen|Miss Teen North Carolina|Miss North Carolina's Teen|North Carolina MWA|MWA North Carolina","false","generated"
"miss-world-america-nd-miss","miss-world-america","Miss North Dakota","Miss","State","North Dakota","ND","miss north dakota","Miss North Dakota|Miss North Dakota Pageant|Miss North Dakota Organization|Miss ND|North Dakota Miss|North Dakota MWA|MWA North Dakota","false","generated"
"miss-world-america-nd-teen","miss-world-america","Miss North Dakota Teen","Teen","State","North Dakota","ND","miss north dakota teen","Miss North Dakota Teen|Miss North Dakota Teen Pageant|Miss North Dakota Teen Organization|Miss ND Teen|North Dakota Miss Teen|Miss Teen North Dakota|Miss North Dakota's Teen|North Dakota MWA|MWA North Dakota","false","generated"
"miss-world-america-oh-miss","miss-world-america","Miss Ohio","Miss","State","Ohio","OH","miss ohio","Miss Ohio|Miss Ohio Pageant|Miss Ohio Organization|Miss OH|Ohio Miss|Ohio MWA|MWA Ohio","false","generated"
"miss-world-america-oh-teen","miss-world-america","Miss Ohio Teen","Teen","State","Ohio","OH","miss ohio teen","Miss Ohio Teen|Miss Ohio Teen Pageant|Miss Ohio Teen Organization|Miss OH Teen|Ohio Miss Teen|Miss Teen Ohio|Miss Ohio's Teen|Ohio MWA|MWA Ohio","false","generated"
"miss-world-america-ok-miss","miss-world-america","Miss Oklahoma","Miss","State","Oklahoma","OK","miss oklahoma","Miss Oklahoma|Miss Oklahoma Pageant|Miss Oklahoma Organization|Miss OK|Oklahoma Miss|Oklahoma MWA|MWA Oklahoma","false","generated"
"miss-world-america-ok-teen","miss-world-america","Miss Oklahoma Teen","Teen","State","Oklahoma","OK","miss oklahoma teen","Miss Oklahoma Teen|Miss Oklahoma Teen Pageant|Miss Oklahoma Teen Organization|Miss OK Teen|Oklahoma Miss Teen|Miss Teen Oklahoma|Miss Oklahoma's Teen|Oklahoma MWA|MWA Oklahoma","false","generated"
"miss-world-america-or-miss","miss-world-america","Miss Oregon","Miss","State","Oregon","OR","miss oregon","Miss Oregon|Miss Oregon Pageant|Miss Oregon Organization|Miss OR|Oregon Miss|Oregon MWA|MWA Oregon","false","generated"
"miss-world-america-or-teen","miss-world-america","Miss Oregon Teen","Teen","State","Oregon","OR","miss oregon teen","Miss Oregon Teen|Miss Oregon Teen Pageant|Miss Oregon Teen Organization|Miss OR Teen|Oregon Miss Teen|Miss Teen Oregon|Miss Oregon's Teen|Oregon MWA|MWA Oregon","false","generated"
"miss-world-america-pa-miss","miss-world-america","Miss Pennsylvania","Miss","State","Pennsylvania","PA","miss pennsylvania","Miss Pennsylvania|Miss Pennsylvania Pageant|Miss Pennsylvania Organization|Miss PA|Pennsylvania Miss|Pennsylvania MWA|MWA Pennsylvania","false","generated"
"miss-world-america-pa-teen","miss-world-america","Miss Pennsylvania Teen","Teen","State","Pennsylvania","PA","miss pennsylvania teen","Miss Pennsylvania Teen|Miss Pennsylvania Teen Pageant|Miss Pennsylvania Teen Organization|Miss PA Teen|Pennsylvania Miss Teen|Miss Teen Pennsylvania|Miss Pennsylvania's Teen|Pennsylvania MWA|MWA Pennsylvania","false","generated"
"miss-world-america-ri-miss","miss-world-america","Miss Rhode Island","Miss","State","Rhode Island","RI","miss rhode island","Miss Rhode Island|Miss Rhode Island Pageant|Miss Rhode Island Organization|Miss RI|Rhode Island Miss|Rhode Island MWA|MWA Rhode Island","false","generated"
"miss-world-america-ri-teen","miss-world-america","Miss Rhode Island Teen","Teen","State","Rhode Island","RI","miss rhode island teen","Miss Rhode Island Teen|Miss Rhode Island Teen Pageant|Miss Rhode Island Teen Organization|Miss RI Teen|Rhode Island Miss Teen|Miss Teen Rhode Island|Miss Rhode Island's Teen|Rhode Island MWA|MWA Rhode Island","false","generated"
"miss-world-america-sc-miss","miss-world-america","Miss South Carolina","Miss","State","South Carolina","SC","miss south carolina","Miss South Carolina|Miss South Carolina Pageant|Miss South Carolina Organization|Miss SC|South Carolina Miss|South Carolina MWA|MWA South Carolina","false","generated"
"miss-world-america-sc-teen","miss-world-america","Miss South Carolina Teen","Teen","State","South Carolina","SC","miss south carolina teen","Miss South Carolina Teen|Miss South Carolina Teen Pageant|Miss South Carolina Teen Organization|Miss SC Teen|South Carolina Miss Teen|Miss Teen South Carolina|Miss South Carolina's Teen|South Carolina MWA|MWA South Carolina","false","generated"
"miss-world-america-sd-miss","miss-world-america","Miss South Dakota","Miss","State","South Dakota","SD","miss south dakota","Miss South Dakota|Miss South Dakota Pageant|Miss South Dakota Organization|Miss SD|South Dakota Miss|South Dakota MWA|MWA South Dakota","false","generated"
"miss-world-america-sd-teen","miss-world-america","Miss South Dakota Teen","Teen","State","South Dakota","SD","miss south dakota teen","Miss South Dakota Teen|Miss South Dakota Teen Pageant|Miss South Dakota Teen Organization|Miss SD Teen|South Dakota Miss Teen|Miss Teen South Dakota|Miss South Dakota's Teen|South Dakota MWA|MWA South Dakota","false","generated"
"miss-world-america-tn-miss","miss-world-america","Miss Tennessee","Miss","State","Tennessee","TN","miss tennessee","Miss Tennessee|Miss Tennessee Pageant|Miss Tennessee Organization|Miss TN|Tennessee Miss|Tennessee MWA|MWA Tennessee","false","generated"
"miss-world-america-tn-teen","miss-world-america","Miss Tennessee Teen","Teen","State","Tennessee","TN","miss tennessee teen","Miss Tennessee Teen|Miss Tennessee Teen Pageant|Miss Tennessee Teen Organization|Miss TN Teen|Tennessee Miss Teen|Miss Teen Tennessee|Miss Tennessee's Teen|Tennessee MWA|MWA Tennessee","false","generated"
"miss-world-america-tx-miss","miss-world-america","Miss Texas","Miss","State","Texas","TX","miss texas","Miss Texas|Miss Texas Pageant|Miss Texas Organization|Miss TX|Texas Miss|Texas MWA|MWA Texas","false","generated"
"miss-world-america-tx-teen","miss-world-america","Miss Texas Teen","Teen","State","Texas","TX","miss texas teen","Miss Texas Teen|Miss Texas Teen Pageant|Miss Texas Teen Organization|Miss TX Teen|Texas Miss Teen|Miss Teen Texas|Miss Texas's Teen|Texas MWA|MWA Texas","false","generated"
"miss-world-america-ut-miss","miss-world-america","Miss Utah","Miss","State","Utah","UT","miss utah","Miss Utah|Miss Utah Pageant|Miss Utah Organization|Miss UT|Utah Miss|Utah MWA|MWA Utah","false","generated"
"miss-world-america-ut-teen","miss-world-america","Miss Utah Teen","Teen","State","Utah","UT","miss utah teen","Miss Utah Teen|Miss Utah Teen Pageant|Miss Utah Teen Organization|Miss UT Teen|Utah Miss Teen|Miss Teen Utah|Miss Utah's Teen|Utah MWA|MWA Utah","false","generated"
"miss-world-america-vt-miss","miss-world-america","Miss Vermont","Miss","State","Vermont","VT","miss vermont","Miss Vermont|Miss Vermont Pageant|Miss Vermont Organization|Miss VT|Vermont Miss|Vermont MWA|MWA Vermont","false","generated"
"miss-world-america-vt-teen","miss-world-america","Miss Vermont Teen","Teen","State","Vermont","VT","miss vermont teen","Miss Vermont Teen|Miss Vermont Teen Pageant|Miss Vermont Teen Organization|Miss VT Teen|Vermont Miss Teen|Miss Teen Vermont|Miss Vermont's Teen|Vermont MWA|MWA Vermont","false","generated"
"miss-world-america-va-miss","miss-world-america","Miss Virginia","Miss","State","Virginia","VA","miss virginia","Miss Virginia|Miss Virginia Pageant|Miss Virginia Organization|Miss VA|Virginia Miss|Virginia MWA|MWA Virginia","false","generated"
"miss-world-america-va-teen","miss-world-america","Miss Virginia Teen","Teen","State","Virginia","VA","miss virginia teen","Miss Virginia Teen|Miss Virginia Teen Pageant|Miss Virginia Teen Organization|Miss VA Teen|Virginia Miss Teen|Miss Teen Virginia|Miss Virginia's Teen|Virginia MWA|MWA Virginia","false","generated"
"miss-world-america-wa-miss","miss-world-america","Miss Washington","Miss","State","Washington","WA","miss washington","Miss Washington|Miss Washington Pageant|Miss Washington Organization|Miss WA|Washington Miss|Washington MWA|MWA Washington","false","generated"
"miss-world-america-wa-teen","miss-world-america","Miss Washington Teen","Teen","State","Washington","WA","miss washington teen","Miss Washington Teen|Miss Washington Teen Pageant|Miss Washington Teen Organization|Miss WA Teen|Washington Miss Teen|Miss Teen Washington|Miss Washington's Teen|Washington MWA|MWA Washington","false","generated"
"miss-world-america-wv-miss","miss-world-america","Miss West Virginia","Miss","State","West Virginia","WV","miss west virginia","Miss West Virginia|Miss West Virginia Pageant|Miss West Virginia Organization|Miss WV|West Virginia Miss|West Virginia MWA|MWA West Virginia","false","generated"
"miss-world-america-wv-teen","miss-world-america","Miss West Virginia Teen","Teen","State","West Virginia","WV","miss west virginia teen","Miss West Virginia Teen|Miss West Virginia Teen Pageant|Miss West Virginia Teen Organization|Miss WV Teen|West Virginia Miss Teen|Miss Teen West Virginia|Miss West Virginia's Teen|West Virginia MWA|MWA West Virginia","false","generated"
"miss-world-america-wi-miss","miss-world-america","Miss Wisconsin","Miss","State","Wisconsin","WI","miss wisconsin","Miss Wisconsin|Miss Wisconsin Pageant|Miss Wisconsin Organization|Miss WI|Wisconsin Miss|Wisconsin MWA|MWA Wisconsin","false","generated"
"miss-world-america-wi-teen","miss-world-america","Miss Wisconsin Teen","Teen","State","Wisconsin","WI","miss wisconsin teen","Miss Wisconsin Teen|Miss Wisconsin Teen Pageant|Miss Wisconsin Teen Organization|Miss WI Teen|Wisconsin Miss Teen|Miss Teen Wisconsin|Miss Wisconsin's Teen|Wisconsin MWA|MWA Wisconsin","false","generated"
"miss-world-america-wy-miss","miss-world-america","Miss Wyoming","Miss","State","Wyoming","WY","miss wyoming","Miss Wyoming|Miss Wyoming Pageant|Miss Wyoming Organization|Miss WY|Wyoming Miss|Wyoming MWA|MWA Wyoming","false","generated"
"miss-world-america-wy-teen","miss-world-america","Miss Wyoming Teen","Teen","State","Wyoming","WY","miss wyoming teen","Miss Wyoming Teen|Miss Wyoming Teen Pageant|Miss Wyoming Teen Organization|Miss WY Teen|Wyoming Miss Teen|Miss Teen Wyoming|Miss Wyoming's Teen|Wyoming MWA|MWA Wyoming","false","generated"
"miss-world-america-dc-miss","miss-world-america","Miss District of Columbia","Miss","State","District of Columbia","DC","miss district of columbia","Miss District of Columbia|Miss District of Columbia Pageant|Miss District of Columbia Organization|Miss DC|District of Columbia Miss|District of Columbia MWA|MWA District of Columbia","false","generated"
"miss-world-america-dc-teen","miss-world-america","Miss District of Columbia Teen","Teen","State","District of Columbia","DC","miss district of columbia teen","Miss District of Columbia Teen|Miss District of Columbia Teen Pageant|Miss District of Columbia Teen Organization|Miss DC Teen|District of Columbia Miss Teen|Miss Teen District of Columbia|Miss District of Columbia's Teen|District of Columbia MWA|MWA District of Columbia","false","generated"
"miss-world-america-pr-miss","miss-world-america","Miss Puerto Rico","Miss","State","Puerto Rico","PR","miss puerto rico","Miss Puerto Rico|Miss Puerto Rico Pageant|Miss Puerto Rico Organization|Miss PR|Puerto Rico Miss|Puerto Rico MWA|MWA Puerto Rico","false","generated"
"miss-world-america-pr-teen","miss-world-america","Miss Puerto Rico Teen","Teen","State","Puerto Rico","PR","miss puerto rico teen","Miss Puerto Rico Teen|Miss Puerto Rico Teen Pageant|Miss Puerto Rico Teen Organization|Miss PR Teen|Puerto Rico Miss Teen|Miss Teen Puerto Rico|Miss Puerto Rico's Teen|Puerto Rico MWA|MWA Puerto Rico","false","generated"
"miss-earth-usa-al-miss","miss-earth-usa","Miss Alabama Earth","Miss","State","Alabama","AL","miss alabama earth","Miss Alabama Earth|Miss Alabama Earth Pageant|Miss Alabama Earth Organization|Miss AL Earth|Alabama Miss Earth|Miss Earth Alabama","false","generated"
"miss-earth-usa-al-teen","miss-earth-usa","Miss Alabama Earth Teen","Teen","State","Alabama","AL","miss alabama earth teen","Miss Alabama Earth Teen|Miss Alabama Earth Teen Pageant|Miss Alabama Earth Teen Organization|Miss AL Earth Teen|Alabama Miss Earth Teen|Miss Earth Teen Alabama|Miss Alabama Earth's Teen|Alabama Miss Earth","false","generated"
"miss-earth-usa-ak-miss","miss-earth-usa","Miss Alaska Earth","Miss","State","Alaska","AK","miss alaska earth","Miss Alaska Earth|Miss Alaska Earth Pageant|Miss Alaska Earth Organization|Miss AK Earth|Alaska Miss Earth|Miss Earth Alaska","false","generated"
"miss-earth-usa-ak-teen","miss-earth-usa","Miss Alaska Earth Teen","Teen","State","Alaska","AK","miss alaska earth teen","Miss Alaska Earth Teen|Miss Alaska Earth Teen Pageant|Miss Alaska Earth Teen Organization|Miss AK Earth Teen|Alaska Miss Earth Teen|Miss Earth Teen Alaska|Miss Alaska Earth's Teen|Alaska Miss Earth","false","generated"
"miss-earth-usa-az-miss","miss-earth-usa","Miss Arizona Earth","Miss","State","Arizona","AZ","miss arizona earth","Miss Arizona Earth|Miss Arizona Earth Pageant|Miss Arizona Earth Organization|Miss AZ Earth|Arizona Miss Earth|Miss Earth Arizona","false","generated"
"miss-earth-usa-az-teen","miss-earth-usa","Miss Arizona Earth Teen","Teen","State","Arizona","AZ","miss arizona earth teen","Miss Arizona Earth Teen|Miss Arizona Earth Teen Pageant|Miss Arizona Earth Teen Organization|Miss AZ Earth Teen|Arizona Miss Earth Teen|Miss Earth Teen Arizona|Miss Arizona Earth's Teen|Arizona Miss Earth","false","generated"
"miss-earth-usa-ar-miss","miss-earth-usa","Miss Arkansas Earth","Miss","State","Arkansas","AR","miss arkansas earth","Miss Arkansas Earth|Miss Arkansas Earth Pageant|Miss Arkansas Earth Organization|Miss AR Earth|Arkansas Miss Earth|Miss Earth Arkansas","false","generated"
"miss-earth-usa-ar-teen","miss-earth-usa","Miss Arkansas Earth Teen","Teen","State","Arkansas","AR","miss arkansas earth teen","Miss Arkansas Earth Teen|Miss Arkansas Earth Teen Pageant|Miss Arkansas Earth Teen Organization|Miss AR Earth Teen|Arkansas Miss Earth Teen|Miss Earth Teen Arkansas|Miss Arkansas Earth's Teen|Arkansas Miss Earth","false","generated"
"miss-earth-usa-ca-miss","miss-earth-usa","Miss California Earth","Miss","State","California","CA","miss california earth","Miss California Earth|Miss California Earth Pageant|Miss California Earth Organization|Miss CA Earth|California Miss Earth|Miss Earth California","false","generated"
"miss-earth-usa-ca-teen","miss-earth-usa","Miss California Earth Teen","Teen","State","California","CA","miss california earth teen","Miss California Earth Teen|Miss California Earth Teen Pageant|Miss California Earth Teen Organization|Miss CA Earth Teen|California Miss Earth Teen|Miss Earth Teen California|Miss California Earth's Teen|California Miss Earth","false","generated"
"miss-earth-usa-co-miss","miss-earth-usa","Miss Colorado Earth","Miss","State","Colorado","CO","miss colorado earth","Miss Colorado Earth|Miss Colorado Earth Pageant|Miss Colorado Earth Organization|Miss CO Earth|Colorado Miss Earth|Miss Earth Colorado","false","generated"
"miss-earth-usa-co-teen","miss-earth-usa","Miss Colorado Earth Teen","Teen","State","Colorado","CO","miss colorado earth teen","Miss Colorado Earth Teen|Miss Colorado Earth Teen Pageant|Miss Colorado Earth Teen Organization|Miss CO Earth Teen|Colorado Miss Earth Teen|Miss Earth Teen Colorado|Miss Colorado Earth's Teen|Colorado Miss Earth","false","generated"
"miss-earth-usa-ct-miss","miss-earth-usa","Miss Connecticut Earth","Miss","State","Connecticut","CT","miss connecticut earth","Miss Connecticut Earth|Miss Connecticut Earth Pageant|Miss Connecticut Earth Organization|Miss CT Earth|Connecticut Miss Earth|Miss Earth Connecticut","false","generated"
"miss-earth-usa-ct-teen","miss-earth-usa","Miss Connecticut Earth Teen","Teen","State","Connecticut","CT","miss connecticut earth teen","Miss Connecticut Earth Teen|Miss Connecticut Earth Teen Pageant|Miss Connecticut Earth Teen Organization|Miss CT Earth Teen|Connecticut Miss Earth Teen|Miss Earth Teen Connecticut|Miss Connecticut Earth's Teen|Connecticut Miss Earth","false","generated"
"miss-earth-usa-de-miss","miss-earth-usa","Miss Delaware Earth","Miss","State","Delaware","DE","miss delaware earth","Miss Delaware Earth|Miss Delaware Earth Pageant|Miss Delaware Earth Organization|Miss DE Earth|Delaware Miss Earth|Miss Earth Delaware","false","generated"
"miss-earth-usa-de-teen","miss-earth-usa","Miss Delaware Earth Teen","Teen","State","Delaware","DE","miss delaware earth teen","Miss Delaware Earth Teen|Miss Delaware Earth Teen Pageant|Miss Delaware Earth Teen Organization|Miss DE Earth Teen|Delaware Miss Earth Teen|Miss Earth Teen Delaware|Miss Delaware Earth's Teen|Delaware Miss Earth","false","generated"
"miss-earth-usa-fl-miss","miss-earth-usa","Miss Florida Earth","Miss","State","Florida","FL","miss florida earth","Miss Florida Earth|Miss Florida Earth Pageant|Miss Florida Earth Organization|Miss FL Earth|Florida Miss Earth|Miss Earth Florida","false","generated"
"miss-earth-usa-fl-teen","miss-earth-usa","Miss Florida Earth Teen","Teen","State","Florida","FL","miss florida earth teen","Miss Florida Earth Teen|Miss Florida Earth Teen Pageant|Miss Florida Earth Teen Organization|Miss FL Earth Teen|Florida Miss Earth Teen|Miss Earth Teen Florida|Miss Florida Earth's Teen|Florida Miss Earth","false","generated"
"miss-earth-usa-ga-miss","miss-earth-usa","Miss Georgia Earth","Miss","State","Georgia","GA","miss georgia earth","Miss Georgia Earth|Miss Georgia Earth Pageant|Miss Georgia Earth Organization|Miss GA Earth|Georgia Miss Earth|Miss Earth Georgia","false","generated"
"miss-earth-usa-ga-teen","miss-earth-usa","Miss Georgia Earth Teen","Teen","State","Georgia","GA","miss georgia earth teen","Miss Georgia Earth Teen|Miss Georgia Earth Teen Pageant|Miss Georgia Earth Teen Organization|Miss GA Earth Teen|Georgia Miss Earth Teen|Miss Earth Teen Georgia|Miss Georgia Earth's Teen|Georgia Miss Earth","false","generated"
"miss-earth-usa-hi-miss","miss-earth-usa","Miss Hawaii Earth","Miss","State","Hawaii","HI","miss hawaii earth","Miss Hawaii Earth|Miss Hawaii Earth Pageant|Miss Hawaii Earth Organization|Miss HI Earth|Hawaii Miss Earth|Miss Earth Hawaii","false","generated"
"miss-earth-usa-hi-teen","miss-earth-usa","Miss Hawaii Earth Teen","Teen","State","Hawaii","HI","miss hawaii earth teen","Miss Hawaii Earth Teen|Miss Hawaii Earth Teen Pageant|Miss Hawaii Earth Teen Organization|Miss HI Earth Teen|Hawaii Miss Earth Teen|Miss Earth Teen Hawaii|Miss Hawaii Earth's Teen|Hawaii Miss Earth","false","generated"
"miss-earth-usa-id-miss","miss-earth-usa","Miss Idaho Earth","Miss","State","Idaho","ID","miss idaho earth","Miss Idaho Earth|Miss Idaho Earth Pageant|Miss Idaho Earth Organization|Miss ID Earth|Idaho Miss Earth|Miss Earth Idaho","false","generated"
"miss-earth-usa-id-teen","miss-earth-usa","Miss Idaho Earth Teen","Teen","State","Idaho","ID","miss idaho earth teen","Miss Idaho Earth Teen|Miss Idaho Earth Teen Pageant|Miss Idaho Earth Teen Organization|Miss ID Earth Teen|Idaho Miss Earth Teen|Miss Earth Teen Idaho|Miss Idaho Earth's Teen|Idaho Miss Earth","false","generated"
"miss-earth-usa-il-miss","miss-earth-usa","Miss Illinois Earth","Miss","State","Illinois","IL","miss illinois earth","Miss Illinois Earth|Miss Illinois Earth Pageant|Miss Illinois Earth Organization|Miss IL Earth|Illinois Miss Earth|Miss Earth Illinois","false","generated"
"miss-earth-usa-il-teen","miss-earth-usa","Miss Illinois Earth Teen","Teen","State","Illinois","IL","miss illinois earth teen","Miss Illinois Earth Teen|Miss Illinois Earth Teen Pageant|Miss Illinois Earth Teen Organization|Miss IL Earth Teen|Illinois Miss Earth Teen|Miss Earth Teen Illinois|Miss Illinois Earth's Teen|Illinois Miss Earth","false","generated"
"miss-earth-usa-in-miss","miss-earth-usa","Miss Indiana Earth","Miss","State","Indiana","IN","miss indiana earth","Miss Indiana Earth|Miss Indiana Earth Pageant|Miss Indiana Earth Organization|Miss IN Earth|Indiana Miss Earth|Miss Earth Indiana","false","generated"
"miss-earth-usa-in-teen","miss-earth-usa","Miss Indiana Earth Teen","Teen","State","Indiana","IN","miss indiana earth teen","Miss Indiana Earth Teen|Miss Indiana Earth Teen Pageant|Miss Indiana Earth Teen Organization|Miss IN Earth Teen|Indiana Miss Earth Teen|Miss Earth Teen Indiana|Miss Indiana Earth's Teen|Indiana Miss Earth","false","generated"
"miss-earth-usa-ia-miss","miss-earth-usa","Miss Iowa Earth","Miss","State","Iowa","IA","miss iowa earth","Miss Iowa Earth|Miss Iowa Earth Pageant|Miss Iowa Earth Organization|Miss IA Earth|Iowa Miss Earth|Miss Earth Iowa","false","generated"
"miss-earth-usa-ia-teen","miss-earth-usa","Miss Iowa Earth Teen","Teen","State","Iowa","IA","miss iowa earth teen","Miss Iowa Earth Teen|Miss Iowa Earth Teen Pageant|Miss Iowa Earth Teen Organization|Miss IA Earth Teen|Iowa Miss Earth Teen|Miss Earth Teen Iowa|Miss Iowa Earth's Teen|Iowa Miss Earth","false","generated"
"miss-earth-usa-ks-miss","miss-earth-usa","Miss Kansas Earth","Miss","State","Kansas","KS","miss kansas earth","Miss Kansas Earth|Miss Kansas Earth Pageant|Miss Kansas Earth Organization|Miss KS Earth|Kansas Miss Earth|Miss Earth Kansas","false","generated"
"miss-earth-usa-ks-teen","miss-earth-usa","Miss Kansas Earth Teen","Teen","State","Kansas","KS","miss kansas earth teen","Miss Kansas Earth Teen|Miss Kansas Earth Teen Pageant|Miss Kansas Earth Teen Organization|Miss KS Earth Teen|Kansas Miss Earth Teen|Miss Earth Teen Kansas|Miss Kansas Earth's Teen|Kansas Miss Earth","false","generated"
"miss-earth-usa-ky-miss","miss-earth-usa","Miss Kentucky Earth","Miss","State","Kentucky","KY","miss kentucky earth","Miss Kentucky Earth|Miss Kentucky Earth Pageant|Miss Kentucky Earth Organization|Miss KY Earth|Kentucky Miss Earth|Miss Earth Kentucky","false","generated"
"miss-earth-usa-ky-teen","miss-earth-usa","Miss Kentucky Earth Teen","Teen","State","Kentucky","KY","miss kentucky earth teen","Miss Kentucky Earth Teen|Miss Kentucky Earth Teen Pageant|Miss Kentucky Earth Teen Organization|Miss KY Earth Teen|Kentucky Miss Earth Teen|Miss Earth Teen Kentucky|Miss Kentucky Earth's Teen|Kentucky Miss Earth","false","generated"
"miss-earth-usa-la-miss","miss-earth-usa","Miss Louisiana Earth","Miss","State","Louisiana","LA","miss louisiana earth","Miss Louisiana Earth|Miss Louisiana Earth Pageant|Miss Louisiana Earth Organization|Miss LA Earth|Louisiana Miss Earth|Miss Earth Louisiana","false","generated"
"miss-earth-usa-la-teen","miss-earth-usa","Miss Louisiana Earth Teen","Teen","State","Louisiana","LA","miss louisiana earth teen","Miss Louisiana Earth Teen|Miss Louisiana Earth Teen Pageant|Miss Louisiana Earth Teen Organization|Miss LA Earth Teen|Louisiana Miss Earth Teen|Miss Earth Teen Louisiana|Miss Louisiana Earth's Teen|Louisiana Miss Earth","false","generated"
"miss-earth-usa-me-miss","miss-earth-usa","Miss Maine Earth","Miss","State","Maine","ME","miss maine earth","Miss Maine Earth|Miss Maine Earth Pageant|Miss Maine Earth Organization|Miss ME Earth|Maine Miss Earth|Miss Earth Maine","false","generated"
"miss-earth-usa-me-teen","miss-earth-usa","Miss Maine Earth Teen","Teen","State","Maine","ME","miss maine earth teen","Miss Maine Earth Teen|Miss Maine Earth Teen Pageant|Miss Maine Earth Teen Organization|Miss ME Earth Teen|Maine Miss Earth Teen|Miss Earth Teen Maine|Miss Maine Earth's Teen|Maine Miss Earth","false","generated"
"miss-earth-usa-md-miss","miss-earth-usa","Miss Maryland Earth","Miss","State","Maryland","MD","miss maryland earth","Miss Maryland Earth|Miss Maryland Earth Pageant|Miss Maryland Earth Organization|Miss MD Earth|Maryland Miss Earth|Miss Earth Maryland","false","generated"
"miss-earth-usa-md-teen","miss-earth-usa","Miss Maryland Earth Teen","Teen","State","Maryland","MD","miss maryland earth teen","Miss Maryland Earth Teen|Miss Maryland Earth Teen Pageant|Miss Maryland Earth Teen Organization|Miss MD Earth Teen|Maryland Miss Earth Teen|Miss Earth Teen Maryland|Miss Maryland Earth's Teen|Maryland Miss Earth","false","generated"
"miss-earth-usa-ma-miss","miss-earth-usa","Miss Massachusetts Earth","Miss","State","Massachusetts","MA","miss massachusetts earth","Miss Massachusetts Earth|Miss Massachusetts Earth Pageant|Miss Massachusetts Earth Organization|Miss MA Earth|Massachusetts Miss Earth|Miss Earth Massachusetts","false","generated"
"miss-earth-usa-ma-teen","miss-earth-usa","Miss Massachusetts Earth Teen","Teen","State","Massachusetts","MA","miss massachusetts earth teen","Miss Massachusetts Earth Teen|Miss Massachusetts Earth Teen Pageant|Miss Massachusetts Earth Teen Organization|Miss MA Earth Teen|Massachusetts Miss Earth Teen|Miss Earth Teen Massachusetts|Miss Massachusetts Earth's Teen|Massachusetts Miss Earth","false","generated"
"miss-earth-usa-mi-miss","miss-earth-usa","Miss Michigan Earth","Miss","State","Michigan","MI","miss michigan earth","Miss Michigan Earth|Miss Michigan Earth Pageant|Miss Michigan Earth Organization|Miss MI Earth|Michigan Miss Earth|Miss Earth Michigan","false","generated"
"miss-earth-usa-mi-teen","miss-earth-usa","Miss Michigan Earth Teen","Teen","State","Michigan","MI","miss michigan earth teen","Miss Michigan Earth Teen|Miss Michigan Earth Teen Pageant|Miss Michigan Earth Teen Organization|Miss MI Earth Teen|Michigan Miss Earth Teen|Miss Earth Teen Michigan|Miss Michigan Earth's Teen|Michigan Miss Earth","false","generated"
"miss-earth-usa-mn-miss","miss-earth-usa","Miss Minnesota Earth","Miss","State","Minnesota","MN","miss minnesota earth","Miss Minnesota Earth|Miss Minnesota Earth Pageant|Miss Minnesota Earth Organization|Miss MN Earth|Minnesota Miss Earth|Miss Earth Minnesota","false","generated"
"miss-earth-usa-mn-teen","miss-earth-usa","Miss Minnesota Earth Teen","Teen","State","Minnesota","MN","miss minnesota earth teen","Miss Minnesota Earth Teen|Miss Minnesota Earth Teen Pageant|Miss Minnesota Earth Teen Organization|Miss MN Earth Teen|Minnesota Miss Earth Teen|Miss Earth Teen Minnesota|Miss Minnesota Earth's Teen|Minnesota Miss Earth","false","generated"
"miss-earth-usa-ms-miss","miss-earth-usa","Miss Mississippi Earth","Miss","State","Mississippi","MS","miss mississippi earth","Miss Mississippi Earth|Miss Mississippi Earth Pageant|Miss Mississippi Earth Organization|Miss MS Earth|Mississippi Miss Earth|Miss Earth Mississippi","false","generated"
"miss-earth-usa-ms-teen","miss-earth-usa","Miss Mississippi Earth Teen","Teen","State","Mississippi","MS","miss mississippi earth teen","Miss Mississippi Earth Teen|Miss Mississippi Earth Teen Pageant|Miss Mississippi Earth Teen Organization|Miss MS Earth Teen|Mississippi Miss Earth Teen|Miss Earth Teen Mississippi|Miss Mississippi Earth's Teen|Mississippi Miss Earth","false","generated"
"miss-earth-usa-mo-miss","miss-earth-usa","Miss Missouri Earth","Miss","State","Missouri","MO","miss missouri earth","Miss Missouri Earth|Miss Missouri Earth Pageant|Miss Missouri Earth Organization|Miss MO Earth|Missouri Miss Earth|Miss Earth Missouri","false","generated"
"miss-earth-usa-mo-teen","miss-earth-usa","Miss Missouri Earth Teen","Teen","State","Missouri","MO","miss missouri earth teen","Miss Missouri Earth Teen|Miss Missouri Earth Teen Pageant|Miss Missouri Earth Teen Organization|Miss MO Earth Teen|Missouri Miss Earth Teen|Miss Earth Teen Missouri|Miss Missouri Earth's Teen|Missouri Miss Earth","false","generated"
"miss-earth-usa-mt-miss","miss-earth-usa","Miss Montana Earth","Miss","State","Montana","MT","miss montana earth","Miss Montana Earth|Miss Montana Earth Pageant|Miss Montana Earth Organization|Miss MT Earth|Montana Miss Earth|Miss Earth Montana","false","generated"
"miss-earth-usa-mt-teen","miss-earth-usa","Miss Montana Earth Teen","Teen","State","Montana","MT","miss montana earth teen","Miss Montana Earth Teen|Miss Montana Earth Teen Pageant|Miss Montana Earth Teen Organization|Miss MT Earth Teen|Montana Miss Earth Teen|Miss Earth Teen Montana|Miss Montana Earth's Teen|Montana Miss Earth","false","generated"
"miss-earth-usa-ne-miss","miss-earth-usa","Miss Nebraska Earth","Miss","State","Nebraska","NE","miss nebraska earth","Miss Nebraska Earth|Miss Nebraska Earth Pageant|Miss Nebraska Earth Organization|Miss NE Earth|Nebraska Miss Earth|Miss Earth Nebraska","false","generated"
"miss-earth-usa-ne-teen","miss-earth-usa","Miss Nebraska Earth Teen","Teen","State","Nebraska","NE","miss nebraska earth teen","Miss Nebraska Earth Teen|Miss Nebraska Earth Teen Pageant|Miss Nebraska Earth Teen Organization|Miss NE Earth Teen|Nebraska Miss Earth Teen|Miss Earth Teen Nebraska|Miss Nebraska Earth's Teen|Nebraska Miss Earth","false","generated"
"miss-earth-usa-nv-miss","miss-earth-usa","Miss Nevada Earth","Miss","State","Nevada","NV","miss nevada earth","Miss Nevada Earth|Miss Nevada Earth Pageant|Miss Nevada Earth Organization|Miss NV Earth|Nevada Miss Earth|Miss Earth Nevada","false","generated"
"miss-earth-usa-nv-teen","miss-earth-usa","Miss Nevada Earth Teen","Teen","State","Nevada","NV","miss nevada earth teen","Miss Nevada Earth Teen|Miss Nevada Earth Teen Pageant|Miss Nevada Earth Teen Organization|Miss NV Earth Teen|Nevada Miss Earth Teen|Miss Earth Teen Nevada|Miss Nevada Earth's Teen|Nevada Miss Earth","false","generated"
"miss-earth-usa-nh-miss","miss-earth-usa","Miss New Hampshire Earth","Miss","State","New Hampshire","NH","miss new hampshire earth","Miss New Hampshire Earth|Miss New Hampshire Earth Pageant|Miss New Hampshire Earth Organization|Miss NH Earth|New Hampshire Miss Earth|Miss Earth New Hampshire","false","generated"
"miss-earth-usa-nh-teen","miss-earth-usa","Miss New Hampshire Earth Teen","Teen","State","New Hampshire","NH","miss new hampshire earth teen","Miss New Hampshire Earth Teen|Miss New Hampshire Earth Teen Pageant|Miss New Hampshire Earth Teen Organization|Miss NH Earth Teen|New Hampshire Miss Earth Teen|Miss Earth Teen New Hampshire|Miss New Hampshire Earth's Teen|New Hampshire Miss Earth","false","generated"
"miss-earth-usa-nj-miss","miss-earth-usa","Miss New Jersey Earth","Miss","State","New Jersey","NJ","miss new jersey earth","Miss New Jersey Earth|Miss New Jersey Earth Pageant|Miss New Jersey Earth Organization|Miss NJ Earth|New Jersey Miss Earth|Miss Earth New Jersey","false","generated"
"miss-earth-usa-nj-teen","miss-earth-usa","Miss New Jersey Earth Teen","Teen","State","New Jersey","NJ","miss new jersey earth teen","Miss New Jersey Earth Teen|Miss New Jersey Earth Teen Pageant|Miss New Jersey Earth Teen Organization|Miss NJ Earth Teen|New Jersey Miss Earth Teen|Miss Earth Teen New Jersey|Miss New Jersey Earth's Teen|New Jersey Miss Earth","false","generated"
"miss-earth-usa-nm-miss","miss-earth-usa","Miss New Mexico Earth","Miss","State","New Mexico","NM","miss new mexico earth","Miss New Mexico Earth|Miss New Mexico Earth Pageant|Miss New Mexico Earth Organization|Miss NM Earth|New Mexico Miss Earth|Miss Earth New Mexico","false","generated"
"miss-earth-usa-nm-teen","miss-earth-usa","Miss New Mexico Earth Teen","Teen","State","New Mexico","NM","miss new mexico earth teen","Miss New Mexico Earth Teen|Miss New Mexico Earth Teen Pageant|Miss New Mexico Earth Teen Organization|Miss NM Earth Teen|New Mexico Miss Earth Teen|Miss Earth Teen New Mexico|Miss New Mexico Earth's Teen|New Mexico Miss Earth","false","generated"
"miss-earth-usa-ny-miss","miss-earth-usa","Miss New York Earth","Miss","State","New York","NY","miss new york earth","Miss New York Earth|Miss New York Earth Pageant|Miss New York Earth Organization|Miss NY Earth|New York Miss Earth|Miss Earth New York","false","generated"
"miss-earth-usa-ny-teen","miss-earth-usa","Miss New York Earth Teen","Teen","State","New York","NY","miss new york earth teen","Miss New York Earth Teen|Miss New York Earth Teen Pageant|Miss New York Earth Teen Organization|Miss NY Earth Teen|New York Miss Earth Teen|Miss Earth Teen New York|Miss New York Earth's Teen|New York Miss Earth","false","generated"
"miss-earth-usa-nc-miss","miss-earth-usa","Miss North Carolina Earth","Miss","State","North Carolina","NC","miss north carolina earth","Miss North Carolina Earth|Miss North Carolina Earth Pageant|Miss North Carolina Earth Organization|Miss NC Earth|North Carolina Miss Earth|Miss Earth North Carolina","false","generated"
"miss-earth-usa-nc-teen","miss-earth-usa","Miss North Carolina Earth Teen","Teen","State","North Carolina","NC","miss north carolina earth teen","Miss North Carolina Earth Teen|Miss North Carolina Earth Teen Pageant|Miss North Carolina Earth Teen Organization|Miss NC Earth Teen|North Carolina Miss Earth Teen|Miss Earth Teen North Carolina|Miss North Carolina Earth's Teen|North Carolina Miss Earth","false","generated"
"miss-earth-usa-nd-miss","miss-earth-usa","Miss North Dakota Earth","Miss","State","North Dakota","ND","miss north dakota earth","Miss North Dakota Earth|Miss North Dakota Earth Pageant|Miss North Dakota Earth Organization|Miss ND Earth|North Dakota Miss Earth|Miss Earth North Dakota","false","generated"
"miss-earth-usa-nd-teen","miss-earth-usa","Miss North Dakota Earth Teen","Teen","State","North Dakota","ND","miss north dakota earth teen","Miss North Dakota Earth Teen|Miss North Dakota Earth Teen Pageant|Miss North Dakota Earth Teen Organization|Miss ND Earth Teen|North Dakota Miss Earth Teen|Miss Earth Teen North Dakota|Miss North Dakota Earth's Teen|North Dakota Miss Earth","false","generated"
"miss-earth-usa-oh-miss","miss-earth-usa","Miss Ohio Earth","Miss","State","Ohio","OH","miss ohio earth","Miss Ohio Earth|Miss Ohio Earth Pageant|Miss Ohio Earth Organization|Miss OH Earth|Ohio Miss Earth|Miss Earth Ohio","false","generated"
"miss-earth-usa-oh-teen","miss-earth-usa","Miss Ohio Earth Teen","Teen","State","Ohio","OH","miss ohio earth teen","Miss Ohio Earth Teen|Miss Ohio Earth Teen Pageant|Miss Ohio Earth Teen Organization|Miss OH Earth Teen|Ohio Miss Earth Teen|Miss Earth Teen Ohio|Miss Ohio Earth's Teen|Ohio Miss Earth","false","generated"
"miss-earth-usa-ok-miss","miss-earth-usa","Miss Oklahoma Earth","Miss","State","Oklahoma","OK","miss oklahoma earth","Miss Oklahoma Earth|Miss Oklahoma Earth Pageant|Miss Oklahoma Earth Organization|Miss OK Earth|Oklahoma Miss Earth|Miss Earth Oklahoma","false","generated"
"miss-earth-usa-ok-teen","miss-earth-usa","Miss Oklahoma Earth Teen","Teen","State","Oklahoma","OK","miss oklahoma earth teen","Miss Oklahoma Earth Teen|Miss Oklahoma Earth Teen Pageant|Miss Oklahoma Earth Teen Organization|Miss OK Earth Teen|Oklahoma Miss Earth Teen|Miss Earth Teen Oklahoma|Miss Oklahoma Earth's Teen|Oklahoma Miss Earth","false","generated"
"miss-earth-usa-or-miss","miss-earth-usa","Miss Oregon Earth","Miss","State","Oregon","OR","miss oregon earth","Miss Oregon Earth|Miss Oregon Earth Pageant|Miss Oregon Earth Organization|Miss OR Earth|Oregon Miss Earth|Miss Earth Oregon","false","generated"
"miss-earth-usa-or-teen","miss-earth-usa","Miss Oregon Earth Teen","Teen","State","Oregon","OR","miss oregon earth teen","Miss Oregon Earth Teen|Miss Oregon Earth Teen Pageant|Miss Oregon Earth Teen Organization|Miss OR Earth Teen|Oregon Miss Earth Teen|Miss Earth Teen Oregon|Miss Oregon Earth's Teen|Oregon Miss Earth","false","generated"
"miss-earth-usa-pa-miss","miss-earth-usa","Miss Pennsylvania Earth","Miss","State","Pennsylvania","PA","miss pennsylvania earth","Miss Pennsylvania Earth|Miss Pennsylvania Earth Pageant|Miss Pennsylvania Earth Organization|Miss PA Earth|Pennsylvania Miss Earth|Miss Earth Pennsylvania","false","generated"
"miss-earth-usa-pa-teen","miss-earth-usa","Miss Pennsylvania Earth Teen","Teen","State","Pennsylvania","PA","miss pennsylvania earth teen","Miss Pennsylvania Earth Teen|Miss Pennsylvania Earth Teen Pageant|Miss Pennsylvania Earth Teen Organization|Miss PA Earth Teen|Pennsylvania Miss Earth Teen|Miss Earth Teen Pennsylvania|Miss Pennsylvania Earth's Teen|Pennsylvania Miss Earth","false","generated"
"miss-earth-usa-ri-miss","miss-earth-usa","Miss Rhode Island Earth","Miss","State","Rhode Island","RI","miss rhode island earth","Miss Rhode Island Earth|Miss Rhode Island Earth Pageant|Miss Rhode Island Earth Organization|Miss RI Earth|Rhode Island Miss Earth|Miss Earth Rhode Island","false","generated"
"miss-earth-usa-ri-teen","miss-earth-usa","Miss Rhode Island Earth Teen","Teen","State","Rhode Island","RI","miss rhode island earth teen","Miss Rhode Island Earth Teen|Miss Rhode Island Earth Teen Pageant|Miss Rhode Island Earth Teen Organization|Miss RI Earth Teen|Rhode Island Miss Earth Teen|Miss Earth Teen Rhode Island|Miss Rhode Island Earth's Teen|Rhode Island Miss Earth","false","generated"
"miss-earth-usa-sc-miss","miss-earth-usa","Miss South Carolina Earth","Miss","State","South Carolina","SC","miss south carolina earth","Miss South Carolina Earth|Miss South Carolina Earth Pageant|Miss South Carolina Earth Organization|Miss SC Earth|South Carolina Miss Earth|Miss Earth South Carolina","false","generated"
"miss-earth-usa-sc-teen","miss-earth-usa","Miss South Carolina Earth Teen","Teen","State","South Carolina","SC","miss south carolina earth teen","Miss South Carolina Earth Teen|Miss South Carolina Earth Teen Pageant|Miss South Carolina Earth Teen Organization|Miss SC Earth Teen|South Carolina Miss Earth Teen|Miss Earth Teen South Carolina|Miss South Carolina Earth's Teen|South Carolina Miss Earth","false","generated"
"miss-earth-usa-sd-miss","miss-earth-usa","Miss South Dakota Earth","Miss","State","South Dakota","SD","miss south dakota earth","Miss South Dakota Earth|Miss South Dakota Earth Pageant|Miss South Dakota Earth Organization|Miss SD Earth|South Dakota Miss Earth|Miss Earth South Dakota","false","generated"
"miss-earth-usa-sd-teen","miss-earth-usa","Miss South Dakota Earth Teen","Teen","State","South Dakota","SD","miss south dakota earth teen","Miss South Dakota Earth Teen|Miss South Dakota Earth Teen Pageant|Miss South Dakota Earth Teen Organization|Miss SD Earth Teen|South Dakota Miss Earth Teen|Miss Earth Teen South Dakota|Miss South Dakota Earth's Teen|South Dakota Miss Earth","false","generated"
"miss-earth-usa-tn-miss","miss-earth-usa","Miss Tennessee Earth","Miss","State","Tennessee","TN","miss tennessee earth","Miss Tennessee Earth|Miss Tennessee Earth Pageant|Miss Tennessee Earth Organization|Miss TN Earth|Tennessee Miss Earth|Miss Earth Tennessee","false","generated"
"miss-earth-usa-tn-teen","miss-earth-usa","Miss Tennessee Earth Teen","Teen","State","Tennessee","TN","miss tennessee earth teen","Miss Tennessee Earth Teen|Miss Tennessee Earth Teen Pageant|Miss Tennessee Earth Teen Organization|Miss TN Earth Teen|Tennessee Miss Earth Teen|Miss Earth Teen Tennessee|Miss Tennessee Earth's Teen|Tennessee Miss Earth","false","generated"
"miss-earth-usa-tx-miss","miss-earth-usa","Miss Texas Earth","Miss","State","Texas","TX","miss texas earth","Miss Texas Earth|Miss Texas Earth Pageant|Miss Texas Earth Organization|Miss TX Earth|Texas Miss Earth|Miss Earth Texas","false","generated"
"miss-earth-usa-tx-teen","miss-earth-usa","Miss Texas Earth Teen","Teen","State","Texas","TX","miss texas earth teen","Miss Texas Earth Teen|Miss Texas Earth Teen Pageant|Miss Texas Earth Teen Organization|Miss TX Earth Teen|Texas Miss Earth Teen|Miss Earth Teen Texas|Miss Texas Earth's Teen|Texas Miss Earth","false","generated"
"miss-earth-usa-ut-miss","miss-earth-usa","Miss Utah Earth","Miss","State","Utah","UT","miss utah earth","Miss Utah Earth|Miss Utah Earth Pageant|Miss Utah Earth Organization|Miss UT Earth|Utah Miss Earth|Miss Earth Utah","false","generated"
"miss-earth-usa-ut-teen","miss-earth-usa","Miss Utah Earth Teen","Teen","State","Utah","UT","miss utah earth teen","Miss Utah Earth Teen|Miss Utah Earth Teen Pageant|Miss Utah Earth Teen Organization|Miss UT Earth Teen|Utah Miss Earth Teen|Miss Earth Teen Utah|Miss Utah Earth's Teen|Utah Miss Earth","false","generated"
"miss-earth-usa-vt-miss","miss-earth-usa","Miss Vermont Earth","Miss","State","Vermont","VT","miss vermont earth","Miss Vermont Earth|Miss Vermont Earth Pageant|Miss Vermont Earth Organization|Miss VT Earth|Vermont Miss Earth|Miss Earth Vermont","false","generated"
"miss-earth-usa-vt-teen","miss-earth-usa","Miss Vermont Earth Teen","Teen","State","Vermont","VT","miss vermont earth teen","Miss Vermont Earth Teen|Miss Vermont Earth Teen Pageant|Miss Vermont Earth Teen Organization|Miss VT Earth Teen|Vermont Miss Earth Teen|Miss Earth Teen Vermont|Miss Vermont Earth's Teen|Vermont Miss Earth","false","generated"
"miss-earth-usa-va-miss","miss-earth-usa","Miss Virginia Earth","Miss","State","Virginia","VA","miss virginia earth","Miss Virginia Earth|Miss Virginia Earth Pageant|Miss Virginia Earth Organization|Miss VA Earth|Virginia Miss Earth|Miss Earth Virginia","false","generated"
"miss-earth-usa-va-teen","miss-earth-usa","Miss Virginia Earth Teen","Teen","State","Virginia","VA","miss virginia earth teen","Miss Virginia Earth Teen|Miss Virginia Earth Teen Pageant|Miss Virginia Earth Teen Organization|Miss VA Earth Teen|Virginia Miss Earth Teen|Miss Earth Teen Virginia|Miss Virginia Earth's Teen|Virginia Miss Earth","false","generated"
"miss-earth-usa-wa-miss","miss-earth-usa","Miss Washington Earth","Miss","State","Washington","WA","miss washington earth","Miss Washington Earth|Miss Washington Earth Pageant|Miss Washington Earth Organization|Miss WA Earth|Washington Miss Earth|Miss Earth Washington","false","generated"
"miss-earth-usa-wa-teen","miss-earth-usa","Miss Washington Earth Teen","Teen","State","Washington","WA","miss washington earth teen","Miss Washington Earth Teen|Miss Washington Earth Teen Pageant|Miss Washington Earth Teen Organization|Miss WA Earth Teen|Washington Miss Earth Teen|Miss Earth Teen Washington|Miss Washington Earth's Teen|Washington Miss Earth","false","generated"
"miss-earth-usa-wv-miss","miss-earth-usa","Miss West Virginia Earth","Miss","State","West Virginia","WV","miss west virginia earth","Miss West Virginia Earth|Miss West Virginia Earth Pageant|Miss West Virginia Earth Organization|Miss WV Earth|West Virginia Miss Earth|Miss Earth West Virginia","false","generated"
"miss-earth-usa-wv-teen","miss-earth-usa","Miss West Virginia Earth Teen","Teen","State","West Virginia","WV","miss west virginia earth teen","Miss West Virginia Earth Teen|Miss West Virginia Earth Teen Pageant|Miss West Virginia Earth Teen Organization|Miss WV Earth Teen|West Virginia Miss Earth Teen|Miss Earth Teen West Virginia|Miss West Virginia Earth's Teen|West Virginia Miss Earth","false","generated"
"miss-earth-usa-wi-miss","miss-earth-usa","Miss Wisconsin Earth","Miss","State","Wisconsin","WI","miss wisconsin earth","Miss Wisconsin Earth|Miss Wisconsin Earth Pageant|Miss Wisconsin Earth Organization|Miss WI Earth|Wisconsin Miss Earth|Miss Earth Wisconsin","false","generated"
"miss-earth-usa-wi-teen","miss-earth-usa","Miss Wisconsin Earth Teen","Teen","State","Wisconsin","WI","miss wisconsin earth teen","Miss Wisconsin Earth Teen|Miss Wisconsin Earth Teen Pageant|Miss Wisconsin Earth Teen Organization|Miss WI Earth Teen|Wisconsin Miss Earth Teen|Miss Earth Teen Wisconsin|Miss Wisconsin Earth's Teen|Wisconsin Miss Earth","false","generated"
"miss-earth-usa-wy-miss","miss-earth-usa","Miss Wyoming Earth","Miss","State","Wyoming","WY","miss wyoming earth","Miss Wyoming Earth|Miss Wyoming Earth Pageant|Miss Wyoming Earth Organization|Miss WY Earth|Wyoming Miss Earth|Miss Earth Wyoming","false","generated"
"miss-earth-usa-wy-teen","miss-earth-usa","Miss Wyoming Earth Teen","Teen","State","Wyoming","WY","miss wyoming earth teen","Miss Wyoming Earth Teen|Miss Wyoming Earth Teen Pageant|Miss Wyoming Earth Teen Organization|Miss WY Earth Teen|Wyoming Miss Earth Teen|Miss Earth Teen Wyoming|Miss Wyoming Earth's Teen|Wyoming Miss Earth","false","generated"
"miss-earth-usa-dc-miss","miss-earth-usa","Miss District of Columbia Earth","Miss","State","District of Columbia","DC","miss district of columbia earth","Miss District of Columbia Earth|Miss District of Columbia Earth Pageant|Miss District of Columbia Earth Organization|Miss DC Earth|District of Columbia Miss Earth|Miss Earth District of Columbia","false","generated"
"miss-earth-usa-dc-teen","miss-earth-usa","Miss District of Columbia Earth Teen","Teen","State","District of Columbia","DC","miss district of columbia earth teen","Miss District of Columbia Earth Teen|Miss District of Columbia Earth Teen Pageant|Miss District of Columbia Earth Teen Organization|Miss DC Earth Teen|District of Columbia Miss Earth Teen|Miss Earth Teen District of Columbia|Miss District of Columbia Earth's Teen|District of Columbia Miss Earth","false","generated"
"miss-earth-usa-pr-miss","miss-earth-usa","Miss Puerto Rico Earth","Miss","State","Puerto Rico","PR","miss puerto rico earth","Miss Puerto Rico Earth|Miss Puerto Rico Earth Pageant|Miss Puerto Rico Earth Organization|Miss PR Earth|Puerto Rico Miss Earth|Miss Earth Puerto Rico","false","generated"
"miss-earth-usa-pr-teen","miss-earth-usa","Miss Puerto Rico Earth Teen","Teen","State","Puerto Rico","PR","miss puerto rico earth teen","Miss Puerto Rico Earth Teen|Miss Puerto Rico Earth Teen Pageant|Miss Puerto Rico Earth Teen Organization|Miss PR Earth Teen|Puerto Rico Miss Earth Teen|Miss Earth Teen Puerto Rico|Miss Puerto Rico Earth's Teen|Puerto Rico Miss Earth","false","generated"
"miss-united-states-al-miss","miss-united-states","Miss Alabama United States","Miss","State","Alabama","AL","miss alabama united states","Miss Alabama United States|Miss Alabama United States Pageant|Miss Alabama United States Organization|Miss AL United States|Alabama Miss United States|Miss United States Alabama|Alabama MUSO|MUSO Alabama|Alabama United States","false","generated"
"miss-united-states-al-teen","miss-united-states","Miss Alabama Teen United States","Teen","State","Alabama","AL","miss alabama teen united states","Miss Alabama Teen United States|Miss Alabama Teen United States Pageant|Miss Alabama Teen United States Organization|Miss AL Teen United States|Alabama Miss Teen United States|Miss Teen United States Alabama|Miss Alabama's Teen United States|Alabama MUSO|MUSO Alabama|Alabama United States","false","generated"
"miss-united-states-al-mrs","miss-united-states","Mrs. Alabama United States","Mrs.","State","Alabama","AL","mrs alabama united states","Mrs. Alabama United States|Mrs Alabama United States|Mrs. Alabama United States Pageant|Mrs. Alabama United States Organization|Mrs. AL United States|Alabama Mrs. United States|Mrs. United States Alabama|Alabama MUSO|MUSO Alabama|Alabama United States","false","generated"
"miss-united-states-al-ms","miss-united-states","Ms. Alabama United States","Ms.","State","Alabama","AL","ms alabama united states","Ms. Alabama United States|Ms Alabama United States|Ms. Alabama United States Pageant|Ms. Alabama United States Organization|Ms. AL United States|Alabama Ms. United States|Ms. United States Alabama|Alabama MUSO|MUSO Alabama|Alabama United States","false","generated"
"miss-united-states-al-jr-teen","miss-united-states","Miss Alabama Jr. Teen United States","Jr. Teen","State","Alabama","AL","miss alabama jr teen united states","Miss Alabama Jr. Teen United States|Miss Alabama Jr Teen United States|Miss Alabama Jr. Teen United States Pageant|Miss Alabama Jr. Teen United States Organization|Miss AL Jr. Teen United States|Alabama Miss Jr. Teen United States|Miss Jr. Teen United States Alabama|Alabama MUSO|MUSO Alabama|Alabama United States","false","generated"
"miss-united-states-ak-miss","miss-united-states","Miss Alaska United States","Miss","State","Alaska","AK","miss alaska united states","Miss Alaska United States|Miss Alaska United States Pageant|Miss Alaska United States Organization|Miss AK United States|Alaska Miss United States|Miss United States Alaska|Alaska MUSO|MUSO Alaska|Alaska United States","false","generated"
"miss-united-states-ak-teen","miss-united-states","Miss Alaska Teen United States","Teen","State","Alaska","AK","miss alaska teen united states","Miss Alaska Teen United States|Miss Alaska Teen United States Pageant|Miss Alaska Teen United States Organization|Miss AK Teen United States|Alaska Miss Teen United States|Miss Teen United States Alaska|Miss Alaska's Teen United States|Alaska MUSO|MUSO Alaska|Alaska United States","false","generated"
"miss-united-states-ak-mrs","miss-united-states","Mrs. Alaska United States","Mrs.","State","Alaska","AK","mrs alaska united states","Mrs. Alaska United States|Mrs Alaska United States|Mrs. Alaska United States Pageant|Mrs. Alaska United States Organization|Mrs. AK United States|Alaska Mrs. United States|Mrs. United States Alaska|Alaska MUSO|MUSO Alaska|Alaska United States","false","generated"
"miss-united-states-ak-ms","miss-united-states","Ms. Alaska United States","Ms.","State","Alaska","AK","ms alaska united states","Ms. Alaska United States|Ms Alaska United States|Ms. Alaska United States Pageant|Ms. Alaska United States Organization|Ms. AK United States|Alaska Ms. United States|Ms. United States Alaska|Alaska MUSO|MUSO Alaska|Alaska United States","false","generated"
"miss-united-states-ak-jr-teen","miss-united-states","Miss Alaska Jr. Teen United States","Jr. Teen","State","Alaska","AK","miss alaska jr teen united states","Miss Alaska Jr. Teen United States|Miss Alaska Jr Teen United States|Miss Alaska Jr. Teen United States Pageant|Miss Alaska Jr. Teen United States Organization|Miss AK Jr. Teen United States|Alaska Miss Jr. Teen United States|Miss Jr. Teen United States Alaska|Alaska MUSO|MUSO Alaska|Alaska United States","false","generated"
"miss-united-states-az-miss","miss-united-states","Miss Arizona United States","Miss","State","Arizona","AZ","miss arizona united states","Miss Arizona United States|Miss Arizona United States Pageant|Miss Arizona United States Organization|Miss AZ United States|Arizona Miss United States|Miss United States Arizona|Arizona MUSO|MUSO Arizona|Arizona United States","false","generated"
"miss-united-states-az-teen","miss-united-states","Miss Arizona Teen United States","Teen","State","Arizona","AZ","miss arizona teen united states","Miss Arizona Teen United States|Miss Arizona Teen United States Pageant|Miss Arizona Teen United States Organization|Miss AZ Teen United States|Arizona Miss Teen United States|Miss Teen United States Arizona|Miss Arizona's Teen United States|Arizona MUSO|MUSO Arizona|Arizona United States","false","generated"
"miss-united-states-az-mrs","miss-united-states","Mrs. Arizona United States","Mrs.","State","Arizona","AZ","mrs arizona united states","Mrs. Arizona United States|Mrs Arizona United States|Mrs. Arizona United States Pageant|Mrs. Arizona United States Organization|Mrs. AZ United States|Arizona Mrs. United States|Mrs. United States Arizona|Arizona MUSO|MUSO Arizona|Arizona United States","false","generated"
"miss-united-states-az-ms","miss-united-states","Ms. Arizona United States","Ms.","State","Arizona","AZ","ms arizona united states","Ms. Arizona United States|Ms Arizona United States|Ms. Arizona United States Pageant|Ms. Arizona United States Organization|Ms. AZ United States|Arizona Ms. United States|Ms. United States Arizona|Arizona MUSO|MUSO Arizona|Arizona United States","false","generated"
"miss-united-states-az-jr-teen","miss-united-states","Miss Arizona Jr. Teen United States","Jr. Teen","State","Arizona","AZ","miss arizona jr teen united states","Miss Arizona Jr. Teen United States|Miss Arizona Jr Teen United States|Miss Arizona Jr. Teen United States Pageant|Miss Arizona Jr. Teen United States Organization|Miss AZ Jr. Teen United States|Arizona Miss Jr. Teen United States|Miss Jr. Teen United States Arizona|Arizona MUSO|MUSO Arizona|Arizona United States","false","generated"
"miss-united-states-ar-miss","miss-united-states","Miss Arkansas United States","Miss","State","Arkansas","AR","miss arkansas united states","Miss Arkansas United States|Miss Arkansas United States Pageant|Miss Arkansas United States Organization|Miss AR United States|Arkansas Miss United States|Miss United States Arkansas|Arkansas MUSO|MUSO Arkansas|Arkansas United States","false","generated"
"miss-united-states-ar-teen","miss-united-states","Miss Arkansas Teen United States","Teen","State","Arkansas","AR","miss arkansas teen united states","Miss Arkansas Teen United States|Miss Arkansas Teen United States Pageant|Miss Arkansas Teen United States Organization|Miss AR Teen United States|Arkansas Miss Teen United States|Miss Teen United States Arkansas|Miss Arkansas's Teen United States|Arkansas MUSO|MUSO Arkansas|Arkansas United States","false","generated"
"miss-united-states-ar-mrs","miss-united-states","Mrs. Arkansas United States","Mrs.","State","Arkansas","AR","mrs arkansas united states","Mrs. Arkansas United States|Mrs Arkansas United States|Mrs. Arkansas United States Pageant|Mrs. Arkansas United States Organization|Mrs. AR United States|Arkansas Mrs. United States|Mrs. United States Arkansas|Arkansas MUSO|MUSO Arkansas|Arkansas United States","false","generated"
"miss-united-states-ar-ms","miss-united-states","Ms. Arkansas United States","Ms.","State","Arkansas","AR","ms arkansas united states","Ms. Arkansas United States|Ms Arkansas United States|Ms. Arkansas United States Pageant|Ms. Arkansas United States Organization|Ms. AR United States|Arkansas Ms. United States|Ms. United States Arkansas|Arkansas MUSO|MUSO Arkansas|Arkansas United States","false","generated"
"miss-united-states-ar-jr-teen","miss-united-states","Miss Arkansas Jr. Teen United States","Jr. Teen","State","Arkansas","AR","miss arkansas jr teen united states","Miss Arkansas Jr. Teen United States|Miss Arkansas Jr Teen United States|Miss Arkansas Jr. Teen United States Pageant|Miss Arkansas Jr. Teen United States Organization|Miss AR Jr. Teen United States|Arkansas Miss Jr. Teen United States|Miss Jr. Teen United States Arkansas|Arkansas MUSO|MUSO Arkansas|Arkansas United States","false","generated"
"miss-united-states-ca-miss","miss-united-states","Miss California United States","Miss","State","California","CA","miss california united states","Miss California United States|Miss California United States Pageant|Miss California United States Organization|Miss CA United States|California Miss United States|Miss United States California|California MUSO|MUSO California|California United States","false","generated"
"miss-united-states-ca-teen","miss-united-states","Miss California Teen United States","Teen","State","California","CA","miss california teen united states","Miss California Teen United States|Miss California Teen United States Pageant|Miss California Teen United States Organization|Miss CA Teen United States|California Miss Teen United States|Miss Teen United States California|Miss California's Teen United States|California MUSO|MUSO California|California United States","false","generated"
"miss-united-states-ca-mrs","miss-united-states","Mrs. California United States","Mrs.","State","California","CA","mrs california united states","Mrs. California United States|Mrs California United States|Mrs. California United States Pageant|Mrs. California United States Organization|Mrs. CA United States|California Mrs. United States|Mrs. United States California|California MUSO|MUSO California|California United States","false","generated"
"miss-united-states-ca-ms","miss-united-states","Ms. California United States","Ms.","State","California","CA","ms california united states","Ms. California United States|Ms California United States|Ms. California United States Pageant|Ms. California United States Organization|Ms. CA United States|California Ms. United States|Ms. United States California|California MUSO|MUSO California|California United States","false","generated"
"miss-united-states-ca-jr-teen","miss-united-states","Miss California Jr. Teen United States","Jr. Teen","State","California","CA","miss california jr teen united states","Miss California Jr. Teen United States|Miss California Jr Teen United States|Miss California Jr. Teen United States Pageant|Miss California Jr. Teen United States Organization|Miss CA Jr. Teen United States|California Miss Jr. Teen United States|Miss Jr. Teen United States California|California MUSO|MUSO California|California United States","false","generated"
"miss-united-states-co-miss","miss-united-states","Miss Colorado United States","Miss","State","Colorado","CO","miss colorado united states","Miss Colorado United States|Miss Colorado United States Pageant|Miss Colorado United States Organization|Miss CO United States|Colorado Miss United States|Miss United States Colorado|Colorado MUSO|MUSO Colorado|Colorado United States","false","generated"
"miss-united-states-co-teen","miss-united-states","Miss Colorado Teen United States","Teen","State","Colorado","CO","miss colorado teen united states","Miss Colorado Teen United States|Miss Colorado Teen United States Pageant|Miss Colorado Teen United States Organization|Miss CO Teen United States|Colorado Miss Teen United States|Miss Teen United States Colorado|Miss Colorado's Teen United States|Colorado MUSO|MUSO Colorado|Colorado United States","false","generated"
"miss-united-states-co-mrs","miss-united-states","Mrs. Colorado United States","Mrs.","State","Colorado","CO","mrs colorado united states","Mrs. Colorado United States|Mrs Colorado United States|Mrs. Colorado United States Pageant|Mrs. Colorado United States Organization|Mrs. CO United States|Colorado Mrs. United States|Mrs. United States Colorado|Colorado MUSO|MUSO Colorado|Colorado United States","false","generated"
"miss-united-states-co-ms","miss-united-states","Ms. Colorado United States","Ms.","State","Colorado","CO","ms colorado united states","Ms. Colorado United States|Ms Colorado United States|Ms. Colorado United States Pageant|Ms. Colorado United States Organization|Ms. CO United States|Colorado Ms. United States|Ms. United States Colorado|Colorado MUSO|MUSO Colorado|Colorado United States","false","generated"
"miss-united-states-co-jr-teen","miss-united-states","Miss Colorado Jr. Teen United States","Jr. Teen","State","Colorado","CO","miss colorado jr teen united states","Miss Colorado Jr. Teen United States|Miss Colorado Jr Teen United States|Miss Colorado Jr. Teen United States Pageant|Miss Colorado Jr. Teen United States Organization|Miss CO Jr. Teen United States|Colorado Miss Jr. Teen United States|Miss Jr. Teen United States Colorado|Colorado MUSO|MUSO Colorado|Colorado United States","false","generated"
"miss-united-states-ct-miss","miss-united-states","Miss Connecticut United States","Miss","State","Connecticut","CT","miss connecticut united states","Miss Connecticut United States|Miss Connecticut United States Pageant|Miss Connecticut United States Organization|Miss CT United States|Connecticut Miss United States|Miss United States Connecticut|Connecticut MUSO|MUSO Connecticut|Connecticut United States","false","generated"
"miss-united-states-ct-teen","miss-united-states","Miss Connecticut Teen United States","Teen","State","Connecticut","CT","miss connecticut teen united states","Miss Connecticut Teen United States|Miss Connecticut Teen United States Pageant|Miss Connecticut Teen United States Organization|Miss CT Teen United States|Connecticut Miss Teen United States|Miss Teen United States Connecticut|Miss Connecticut's Teen United States|Connecticut MUSO|MUSO Connecticut|Connecticut United States","false","generated"
"miss-united-states-ct-mrs","miss-united-states","Mrs. Connecticut United States","Mrs.","State","Connecticut","CT","mrs connecticut united states","Mrs. Connecticut United States|Mrs Connecticut United States|Mrs. Connecticut United States Pageant|Mrs. Connecticut United States Organization|Mrs. CT United States|Connecticut Mrs. United States|Mrs. United States Connecticut|Connecticut MUSO|MUSO Connecticut|Connecticut United States","false","generated"
"miss-united-states-ct-ms","miss-united-states","Ms. Connecticut United States","Ms.","State","Connecticut","CT","ms connecticut united states","Ms. Connecticut United States|Ms Connecticut United States|Ms. Connecticut United States Pageant|Ms. Connecticut United States Organization|Ms. CT United States|Connecticut Ms. United States|Ms. United States Connecticut|Connecticut MUSO|MUSO Connecticut|Connecticut United States","false","generated"
"miss-united-states-ct-jr-teen","miss-united-states","Miss Connecticut Jr. Teen United States","Jr. Teen","State","Connecticut","CT","miss connecticut jr teen united states","Miss Connecticut Jr. Teen United States|Miss Connecticut Jr Teen United States|Miss Connecticut Jr. Teen United States Pageant|Miss Connecticut Jr. Teen United States Organization|Miss CT Jr. Teen United States|Connecticut Miss Jr. Teen United States|Miss Jr. Teen United States Connecticut|Connecticut MUSO|MUSO Connecticut|Connecticut United States","false","generated"
"miss-united-states-de-miss","miss-united-states","Miss Delaware United States","Miss","State","Delaware","DE","miss delaware united states","Miss Delaware United States|Miss Delaware United States Pageant|Miss Delaware United States Organization|Miss DE United States|Delaware Miss United States|Miss United States Delaware|Delaware MUSO|MUSO Delaware|Delaware United States","false","generated"
"miss-united-states-de-teen","miss-united-states","Miss Delaware Teen United States","Teen","State","Delaware","DE","miss delaware teen united states","Miss Delaware Teen United States|Miss Delaware Teen United States Pageant|Miss Delaware Teen United States Organization|Miss DE Teen United States|Delaware Miss Teen United States|Miss Teen United States Delaware|Miss Delaware's Teen United States|Delaware MUSO|MUSO Delaware|Delaware United States","false","generated"
"miss-united-states-de-mrs","miss-united-states","Mrs. Delaware United States","Mrs.","State","Delaware","DE","mrs delaware united states","Mrs. Delaware United States|Mrs Delaware United States|Mrs. Delaware United States Pageant|Mrs. Delaware United States Organization|Mrs. DE United States|Delaware Mrs. United States|Mrs. United States Delaware|Delaware MUSO|MUSO Delaware|Delaware United States","false","generated"
"miss-united-states-de-ms","miss-united-states","Ms. Delaware United States","Ms.","State","Delaware","DE","ms delaware united states","Ms. Delaware United States|Ms Delaware United States|Ms. Delaware United States Pageant|Ms. Delaware United States Organization|Ms. DE United States|Delaware Ms. United States|Ms. United States Delaware|Delaware MUSO|MUSO Delaware|Delaware United States","false","generated"
"miss-united-states-de-jr-teen","miss-united-states","Miss Delaware Jr. Teen United States","Jr. Teen","State","Delaware","DE","miss delaware jr teen united states","Miss Delaware Jr. Teen United States|Miss Delaware Jr Teen United States|Miss Delaware Jr. Teen United States Pageant|Miss Delaware Jr. Teen United States Organization|Miss DE Jr. Teen United States|Delaware Miss Jr. Teen United States|Miss Jr. Teen United States Delaware|Delaware MUSO|MUSO Delaware|Delaware United States","false","generated"
"miss-united-states-fl-miss","miss-united-states","Miss Florida United States","Miss","State","Florida","FL","miss florida united states","Miss Florida United States|Miss Florida United States Pageant|Miss Florida United States Organization|Miss FL United States|Florida Miss United States|Miss United States Florida|Florida MUSO|MUSO Florida|Florida United States","false","generated"
"miss-united-states-fl-teen","miss-united-states","Miss Florida Teen United States","Teen","State","Florida","FL","miss florida teen united states","Miss Florida Teen United States|Miss Florida Teen United States Pageant|Miss Florida Teen United States Organization|Miss FL Teen United States|Florida Miss Teen United States|Miss Teen United States Florida|Miss Florida's Teen United States|Florida MUSO|MUSO Florida|Florida United States","false","generated"
"miss-united-states-fl-mrs","miss-united-states","Mrs. Florida United States","Mrs.","State","Florida","FL","mrs florida united states","Mrs. Florida United States|Mrs Florida United States|Mrs. Florida United States Pageant|Mrs. Florida United States Organization|Mrs. FL United States|Florida Mrs. United States|Mrs. United States Florida|Florida MUSO|MUSO Florida|Florida United States","false","generated"
"miss-united-states-fl-ms","miss-united-states","Ms. Florida United States","Ms.","State","Florida","FL","ms florida united states","Ms. Florida United States|Ms Florida United States|Ms. Florida United States Pageant|Ms. Florida United States Organization|Ms. FL United States|Florida Ms. United States|Ms. United States Florida|Florida MUSO|MUSO Florida|Florida United States","false","generated"
"miss-united-states-fl-jr-teen","miss-united-states","Miss Florida Jr. Teen United States","Jr. Teen","State","Florida","FL","miss florida jr teen united states","Miss Florida Jr. Teen United States|Miss Florida Jr Teen United States|Miss Florida Jr. Teen United States Pageant|Miss Florida Jr. Teen United States Organization|Miss FL Jr. Teen United States|Florida Miss Jr. Teen United States|Miss Jr. Teen United States Florida|Florida MUSO|MUSO Florida|Florida United States","false","generated"
"miss-united-states-ga-miss","miss-united-states","Miss Georgia United States","Miss","State","Georgia","GA","miss georgia united states","Miss Georgia United States|Miss Georgia United States Pageant|Miss Georgia United States Organization|Miss GA United States|Georgia Miss United States|Miss United States Georgia|Georgia MUSO|MUSO Georgia|Georgia United States","false","generated"
"miss-united-states-ga-teen","miss-united-states","Miss Georgia Teen United States","Teen","State","Georgia","GA","miss georgia teen united states","Miss Georgia Teen United States|Miss Georgia Teen United States Pageant|Miss Georgia Teen United States Organization|Miss GA Teen United States|Georgia Miss Teen United States|Miss Teen United States Georgia|Miss Georgia's Teen United States|Georgia MUSO|MUSO Georgia|Georgia United States","false","generated"
"miss-united-states-ga-mrs","miss-united-states","Mrs. Georgia United States","Mrs.","State","Georgia","GA","mrs georgia united states","Mrs. Georgia United States|Mrs Georgia United States|Mrs. Georgia United States Pageant|Mrs. Georgia United States Organization|Mrs. GA United States|Georgia Mrs. United States|Mrs. United States Georgia|Georgia MUSO|MUSO Georgia|Georgia United States","false","generated"
"miss-united-states-ga-ms","miss-united-states","Ms. Georgia United States","Ms.","State","Georgia","GA","ms georgia united states","Ms. Georgia United States|Ms Georgia United States|Ms. Georgia United States Pageant|Ms. Georgia United States Organization|Ms. GA United States|Georgia Ms. United States|Ms. United States Georgia|Georgia MUSO|MUSO Georgia|Georgia United States","false","generated"
"miss-united-states-ga-jr-teen","miss-united-states","Miss Georgia Jr. Teen United States","Jr. Teen","State","Georgia","GA","miss georgia jr teen united states","Miss Georgia Jr. Teen United States|Miss Georgia Jr Teen United States|Miss Georgia Jr. Teen United States Pageant|Miss Georgia Jr. Teen United States Organization|Miss GA Jr. Teen United States|Georgia Miss Jr. Teen United States|Miss Jr. Teen United States Georgia|Georgia MUSO|MUSO Georgia|Georgia United States","false","generated"
"miss-united-states-hi-miss","miss-united-states","Miss Hawaii United States","Miss","State","Hawaii","HI","miss hawaii united states","Miss Hawaii United States|Miss Hawaii United States Pageant|Miss Hawaii United States Organization|Miss HI United States|Hawaii Miss United States|Miss United States Hawaii|Hawaii MUSO|MUSO Hawaii|Hawaii United States","false","generated"
"miss-united-states-hi-teen","miss-united-states","Miss Hawaii Teen United States","Teen","State","Hawaii","HI","miss hawaii teen united states","Miss Hawaii Teen United States|Miss Hawaii Teen United States Pageant|Miss Hawaii Teen United States Organization|Miss HI Teen United States|Hawaii Miss Teen United States|Miss Teen United States Hawaii|Miss Hawaii's Teen United States|Hawaii MUSO|MUSO Hawaii|Hawaii United States","false","generated"
"miss-united-states-hi-mrs","miss-united-states","Mrs. Hawaii United States","Mrs.","State","Hawaii","HI","mrs hawaii united states","Mrs. Hawaii United States|Mrs Hawaii United States|Mrs. Hawaii United States Pageant|Mrs. Hawaii United States Organization|Mrs. HI United States|Hawaii Mrs. United States|Mrs. United States Hawaii|Hawaii MUSO|MUSO Hawaii|Hawaii United States","false","generated"
"miss-united-states-hi-ms","miss-united-states","Ms. Hawaii United States","Ms.","State","Hawaii","HI","ms hawaii united states","Ms. Hawaii United States|Ms Hawaii United States|Ms. Hawaii United States Pageant|Ms. Hawaii United States Organization|Ms. HI United States|Hawaii Ms. United States|Ms. United States Hawaii|Hawaii MUSO|MUSO Hawaii|Hawaii United States","false","generated"
"miss-united-states-hi-jr-teen","miss-united-states","Miss Hawaii Jr. Teen United States","Jr. Teen","State","Hawaii","HI","miss hawaii jr teen united states","Miss Hawaii Jr. Teen United States|Miss Hawaii Jr Teen United States|Miss Hawaii Jr. Teen United States Pageant|Miss Hawaii Jr. Teen United States Organization|Miss HI Jr. Teen United States|Hawaii Miss Jr. Teen United States|Miss Jr. Teen United States Hawaii|Hawaii MUSO|MUSO Hawaii|Hawaii United States","false","generated"
"miss-united-states-id-miss","miss-united-states","Miss Idaho United States","Miss","State","Idaho","ID","miss idaho united states","Miss Idaho United States|Miss Idaho United States Pageant|Miss Idaho United States Organization|Miss ID United States|Idaho Miss United States|Miss United States Idaho|Idaho MUSO|MUSO Idaho|Idaho United States","false","generated"
"miss-united-states-id-teen","miss-united-states","Miss Idaho Teen United States","Teen","State","Idaho","ID","miss idaho teen united states","Miss Idaho Teen United States|Miss Idaho Teen United States Pageant|Miss Idaho Teen United States Organization|Miss ID Teen United States|Idaho Miss Teen United States|Miss Teen United States Idaho|Miss Idaho's Teen United States|Idaho MUSO|MUSO Idaho|Idaho United States","false","generated"
"miss-united-states-id-mrs","miss-united-states","Mrs. Idaho United States","Mrs.","State","Idaho","ID","mrs idaho united states","Mrs. Idaho United States|Mrs Idaho United States|Mrs. Idaho United States Pageant|Mrs. Idaho United States Organization|Mrs. ID United States|Idaho Mrs. United States|Mrs. United States Idaho|Idaho MUSO|MUSO Idaho|Idaho United States","false","generated"
"miss-united-states-id-ms","miss-united-states","Ms. Idaho United States","Ms.","State","Idaho","ID","ms idaho united states","Ms. Idaho United States|Ms Idaho United States|Ms. Idaho United States Pageant|Ms. Idaho United States Organization|Ms. ID United States|Idaho Ms. United States|Ms. United States Idaho|Idaho MUSO|MUSO Idaho|Idaho United States","false","generated"
"miss-united-states-id-jr-teen","miss-united-states","Miss Idaho Jr. Teen United States","Jr. Teen","State","Idaho","ID","miss idaho jr teen united states","Miss Idaho Jr. Teen United States|Miss Idaho Jr Teen United States|Miss Idaho Jr. Teen United States Pageant|Miss Idaho Jr. Teen United States Organization|Miss ID Jr. Teen United States|Idaho Miss Jr. Teen United States|Miss Jr. Teen United States Idaho|Idaho MUSO|MUSO Idaho|Idaho United States","false","generated"
"miss-united-states-il-miss","miss-united-states","Miss Illinois United States","Miss","State","Illinois","IL","miss illinois united states","Miss Illinois United States|Miss Illinois United States Pageant|Miss Illinois United States Organization|Miss IL United States|Illinois Miss United States|Miss United States Illinois|Illinois MUSO|MUSO Illinois|Illinois United States","false","generated"
"miss-united-states-il-teen","miss-united-states","Miss Illinois Teen United States","Teen","State","Illinois","IL","miss illinois teen united states","Miss Illinois Teen United States|Miss Illinois Teen United States Pageant|Miss Illinois Teen United States Organization|Miss IL Teen United States|Illinois Miss Teen United States|Miss Teen United States Illinois|Miss Illinois's Teen United States|Illinois MUSO|MUSO Illinois|Illinois United States","false","generated"
"miss-united-states-il-mrs","miss-united-states","Mrs. Illinois United States","Mrs.","State","Illinois","IL","mrs illinois united states","Mrs. Illinois United States|Mrs Illinois United States|Mrs. Illinois United States Pageant|Mrs. Illinois United States Organization|Mrs. IL United States|Illinois Mrs. United States|Mrs. United States Illinois|Illinois MUSO|MUSO Illinois|Illinois United States","false","generated"
"miss-united-states-il-ms","miss-united-states","Ms. Illinois United States","Ms.","State","Illinois","IL","ms illinois united states","Ms. Illinois United States|Ms Illinois United States|Ms. Illinois United States Pageant|Ms. Illinois United States Organization|Ms. IL United States|Illinois Ms. United States|Ms. United States Illinois|Illinois MUSO|MUSO Illinois|Illinois United States","false","generated"
"miss-united-states-il-jr-teen","miss-united-states","Miss Illinois Jr. Teen United States","Jr. Teen","State","Illinois","IL","miss illinois jr teen united states","Miss Illinois Jr. Teen United States|Miss Illinois Jr Teen United States|Miss Illinois Jr. Teen United States Pageant|Miss Illinois Jr. Teen United States Organization|Miss IL Jr. Teen United States|Illinois Miss Jr. Teen United States|Miss Jr. Teen United States Illinois|Illinois MUSO|MUSO Illinois|Illinois United States","false","generated"
"miss-united-states-in-miss","miss-united-states","Miss Indiana United States","Miss","State","Indiana","IN","miss indiana united states","Miss Indiana United States|Miss Indiana United States Pageant|Miss Indiana United States Organization|Miss IN United States|Indiana Miss United States|Miss United States Indiana|Indiana MUSO|MUSO Indiana|Indiana United States","false","generated"
"miss-united-states-in-teen","miss-united-states","Miss Indiana Teen United States","Teen","State","Indiana","IN","miss indiana teen united states","Miss Indiana Teen United States|Miss Indiana Teen United States Pageant|Miss Indiana Teen United States Organization|Miss IN Teen United States|Indiana Miss Teen United States|Miss Teen United States Indiana|Miss Indiana's Teen United States|Indiana MUSO|MUSO Indiana|Indiana United States","false","generated"
"miss-united-states-in-mrs","miss-united-states","Mrs. Indiana United States","Mrs.","State","Indiana","IN","mrs indiana united states","Mrs. Indiana United States|Mrs Indiana United States|Mrs. Indiana United States Pageant|Mrs. Indiana United States Organization|Mrs. IN United States|Indiana Mrs. United States|Mrs. United States Indiana|Indiana MUSO|MUSO Indiana|Indiana United States","false","generated"
"miss-united-states-in-ms","miss-united-states","Ms. Indiana United States","Ms.","State","Indiana","IN","ms indiana united states","Ms. Indiana United States|Ms Indiana United States|Ms. Indiana United States Pageant|Ms. Indiana United States Organization|Ms. IN United States|Indiana Ms. United States|Ms. United States Indiana|Indiana MUSO|MUSO Indiana|Indiana United States","false","generated"
"miss-united-states-in-jr-teen","miss-united-states","Miss Indiana Jr. Teen United States","Jr. Teen","State","Indiana","IN","miss indiana jr teen united states","Miss Indiana Jr. Teen United States|Miss Indiana Jr Teen United States|Miss Indiana Jr. Teen United States Pageant|Miss Indiana Jr. Teen United States Organization|Miss IN Jr. Teen United States|Indiana Miss Jr. Teen United States|Miss Jr. Teen United States Indiana|Indiana MUSO|MUSO Indiana|Indiana United States","false","generated"
"miss-united-states-ia-miss","miss-united-states","Miss Iowa United States","Miss","State","Iowa","IA","miss iowa united states","Miss Iowa United States|Miss Iowa United States Pageant|Miss Iowa United States Organization|Miss IA United States|Iowa Miss United States|Miss United States Iowa|Iowa MUSO|MUSO Iowa|Iowa United States","false","generated"
"miss-united-states-ia-teen","miss-united-states","Miss Iowa Teen United States","Teen","State","Iowa","IA","miss iowa teen united states","Miss Iowa Teen United States|Miss Iowa Teen United States Pageant|Miss Iowa Teen United States Organization|Miss IA Teen United States|Iowa Miss Teen United States|Miss Teen United States Iowa|Miss Iowa's Teen United States|Iowa MUSO|MUSO Iowa|Iowa United States","false","generated"
"miss-united-states-ia-mrs","miss-united-states","Mrs. Iowa United States","Mrs.","State","Iowa","IA","mrs iowa united states","Mrs. Iowa United States|Mrs Iowa United States|Mrs. Iowa United States Pageant|Mrs. Iowa United States Organization|Mrs. IA United States|Iowa Mrs. United States|Mrs. United States Iowa|Iowa MUSO|MUSO Iowa|Iowa United States","false","generated"
"miss-united-states-ia-ms","miss-united-states","Ms. Iowa United States","Ms.","State","Iowa","IA","ms iowa united states","Ms. Iowa United States|Ms Iowa United States|Ms. Iowa United States Pageant|Ms. Iowa United States Organization|Ms. IA United States|Iowa Ms. United States|Ms. United States Iowa|Iowa MUSO|MUSO Iowa|Iowa United States","false","generated"
"miss-united-states-ia-jr-teen","miss-united-states","Miss Iowa Jr. Teen United States","Jr. Teen","State","Iowa","IA","miss iowa jr teen united states","Miss Iowa Jr. Teen United States|Miss Iowa Jr Teen United States|Miss Iowa Jr. Teen United States Pageant|Miss Iowa Jr. Teen United States Organization|Miss IA Jr. Teen United States|Iowa Miss Jr. Teen United States|Miss Jr. Teen United States Iowa|Iowa MUSO|MUSO Iowa|Iowa United States","false","generated"
"miss-united-states-ks-miss","miss-united-states","Miss Kansas United States","Miss","State","Kansas","KS","miss kansas united states","Miss Kansas United States|Miss Kansas United States Pageant|Miss Kansas United States Organization|Miss KS United States|Kansas Miss United States|Miss United States Kansas|Kansas MUSO|MUSO Kansas|Kansas United States","false","generated"
"miss-united-states-ks-teen","miss-united-states","Miss Kansas Teen United States","Teen","State","Kansas","KS","miss kansas teen united states","Miss Kansas Teen United States|Miss Kansas Teen United States Pageant|Miss Kansas Teen United States Organization|Miss KS Teen United States|Kansas Miss Teen United States|Miss Teen United States Kansas|Miss Kansas's Teen United States|Kansas MUSO|MUSO Kansas|Kansas United States","false","generated"
"miss-united-states-ks-mrs","miss-united-states","Mrs. Kansas United States","Mrs.","State","Kansas","KS","mrs kansas united states","Mrs. Kansas United States|Mrs Kansas United States|Mrs. Kansas United States Pageant|Mrs. Kansas United States Organization|Mrs. KS United States|Kansas Mrs. United States|Mrs. United States Kansas|Kansas MUSO|MUSO Kansas|Kansas United States","false","generated"
"miss-united-states-ks-ms","miss-united-states","Ms. Kansas United States","Ms.","State","Kansas","KS","ms kansas united states","Ms. Kansas United States|Ms Kansas United States|Ms. Kansas United States Pageant|Ms. Kansas United States Organization|Ms. KS United States|Kansas Ms. United States|Ms. United States Kansas|Kansas MUSO|MUSO Kansas|Kansas United States","false","generated"
"miss-united-states-ks-jr-teen","miss-united-states","Miss Kansas Jr. Teen United States","Jr. Teen","State","Kansas","KS","miss kansas jr teen united states","Miss Kansas Jr. Teen United States|Miss Kansas Jr Teen United States|Miss Kansas Jr. Teen United States Pageant|Miss Kansas Jr. Teen United States Organization|Miss KS Jr. Teen United States|Kansas Miss Jr. Teen United States|Miss Jr. Teen United States Kansas|Kansas MUSO|MUSO Kansas|Kansas United States","false","generated"
"miss-united-states-ky-miss","miss-united-states","Miss Kentucky United States","Miss","State","Kentucky","KY","miss kentucky united states","Miss Kentucky United States|Miss Kentucky United States Pageant|Miss Kentucky United States Organization|Miss KY United States|Kentucky Miss United States|Miss United States Kentucky|Kentucky MUSO|MUSO Kentucky|Kentucky United States","false","generated"
"miss-united-states-ky-teen","miss-united-states","Miss Kentucky Teen United States","Teen","State","Kentucky","KY","miss kentucky teen united states","Miss Kentucky Teen United States|Miss Kentucky Teen United States Pageant|Miss Kentucky Teen United States Organization|Miss KY Teen United States|Kentucky Miss Teen United States|Miss Teen United States Kentucky|Miss Kentucky's Teen United States|Kentucky MUSO|MUSO Kentucky|Kentucky United States","false","generated"
"miss-united-states-ky-mrs","miss-united-states","Mrs. Kentucky United States","Mrs.","State","Kentucky","KY","mrs kentucky united states","Mrs. Kentucky United States|Mrs Kentucky United States|Mrs. Kentucky United States Pageant|Mrs. Kentucky United States Organization|Mrs. KY United States|Kentucky Mrs. United States|Mrs. United States Kentucky|Kentucky MUSO|MUSO Kentucky|Kentucky United States","false","generated"
"miss-united-states-ky-ms","miss-united-states","Ms. Kentucky United States","Ms.","State","Kentucky","KY","ms kentucky united states","Ms. Kentucky United States|Ms Kentucky United States|Ms. Kentucky United States Pageant|Ms. Kentucky United States Organization|Ms. KY United States|Kentucky Ms. United States|Ms. United States Kentucky|Kentucky MUSO|MUSO Kentucky|Kentucky United States","false","generated"
"miss-united-states-ky-jr-teen","miss-united-states","Miss Kentucky Jr. Teen United States","Jr. Teen","State","Kentucky","KY","miss kentucky jr teen united states","Miss Kentucky Jr. Teen United States|Miss Kentucky Jr Teen United States|Miss Kentucky Jr. Teen United States Pageant|Miss Kentucky Jr. Teen United States Organization|Miss KY Jr. Teen United States|Kentucky Miss Jr. Teen United States|Miss Jr. Teen United States Kentucky|Kentucky MUSO|MUSO Kentucky|Kentucky United States","false","generated"
"miss-united-states-la-miss","miss-united-states","Miss Louisiana United States","Miss","State","Louisiana","LA","miss louisiana united states","Miss Louisiana United States|Miss Louisiana United States Pageant|Miss Louisiana United States Organization|Miss LA United States|Louisiana Miss United States|Miss United States Louisiana|Louisiana MUSO|MUSO Louisiana|Louisiana United States","false","generated"
"miss-united-states-la-teen","miss-united-states","Miss Louisiana Teen United States","Teen","State","Louisiana","LA","miss louisiana teen united states","Miss Louisiana Teen United States|Miss Louisiana Teen United States Pageant|Miss Louisiana Teen United States Organization|Miss LA Teen United States|Louisiana Miss Teen United States|Miss Teen United States Louisiana|Miss Louisiana's Teen United States|Louisiana MUSO|MUSO Louisiana|Louisiana United States","false","generated"
"miss-united-states-la-mrs","miss-united-states","Mrs. Louisiana United States","Mrs.","State","Louisiana","LA","mrs louisiana united states","Mrs. Louisiana United States|Mrs Louisiana United States|Mrs. Louisiana United States Pageant|Mrs. Louisiana United States Organization|Mrs. LA United States|Louisiana Mrs. United States|Mrs. United States Louisiana|Louisiana MUSO|MUSO Louisiana|Louisiana United States","false","generated"
"miss-united-states-la-ms","miss-united-states","Ms. Louisiana United States","Ms.","State","Louisiana","LA","ms louisiana united states","Ms. Louisiana United States|Ms Louisiana United States|Ms. Louisiana United States Pageant|Ms. Louisiana United States Organization|Ms. LA United States|Louisiana Ms. United States|Ms. United States Louisiana|Louisiana MUSO|MUSO Louisiana|Louisiana United States","false","generated"
"miss-united-states-la-jr-teen","miss-united-states","Miss Louisiana Jr. Teen United States","Jr. Teen","State","Louisiana","LA","miss louisiana jr teen united states","Miss Louisiana Jr. Teen United States|Miss Louisiana Jr Teen United States|Miss Louisiana Jr. Teen United States Pageant|Miss Louisiana Jr. Teen United States Organization|Miss LA Jr. Teen United States|Louisiana Miss Jr. Teen United States|Miss Jr. Teen United States Louisiana|Louisiana MUSO|MUSO Louisiana|Louisiana United States","false","generated"
"miss-united-states-me-miss","miss-united-states","Miss Maine United States","Miss","State","Maine","ME","miss maine united states","Miss Maine United States|Miss Maine United States Pageant|Miss Maine United States Organization|Miss ME United States|Maine Miss United States|Miss United States Maine|Maine MUSO|MUSO Maine|Maine United States","false","generated"
"miss-united-states-me-teen","miss-united-states","Miss Maine Teen United States","Teen","State","Maine","ME","miss maine teen united states","Miss Maine Teen United States|Miss Maine Teen United States Pageant|Miss Maine Teen United States Organization|Miss ME Teen United States|Maine Miss Teen United States|Miss Teen United States Maine|Miss Maine's Teen United States|Maine MUSO|MUSO Maine|Maine United States","false","generated"
"miss-united-states-me-mrs","miss-united-states","Mrs. Maine United States","Mrs.","State","Maine","ME","mrs maine united states","Mrs. Maine United States|Mrs Maine United States|Mrs. Maine United States Pageant|Mrs. Maine United States Organization|Mrs. ME United States|Maine Mrs. United States|Mrs. United States Maine|Maine MUSO|MUSO Maine|Maine United States","false","generated"
"miss-united-states-me-ms","miss-united-states","Ms. Maine United States","Ms.","State","Maine","ME","ms maine united states","Ms. Maine United States|Ms Maine United States|Ms. Maine United States Pageant|Ms. Maine United States Organization|Ms. ME United States|Maine Ms. United States|Ms. United States Maine|Maine MUSO|MUSO Maine|Maine United States","false","generated"
"miss-united-states-me-jr-teen","miss-united-states","Miss Maine Jr. Teen United States","Jr. Teen","State","Maine","ME","miss maine jr teen united states","Miss Maine Jr. Teen United States|Miss Maine Jr Teen United States|Miss Maine Jr. Teen United States Pageant|Miss Maine Jr. Teen United States Organization|Miss ME Jr. Teen United States|Maine Miss Jr. Teen United States|Miss Jr. Teen United States Maine|Maine MUSO|MUSO Maine|Maine United States","false","generated"
"miss-united-states-md-miss","miss-united-states","Miss Maryland United States","Miss","State","Maryland","MD","miss maryland united states","Miss Maryland United States|Miss Maryland United States Pageant|Miss Maryland United States Organization|Miss MD United States|Maryland Miss United States|Miss United States Maryland|Maryland MUSO|MUSO Maryland|Maryland United States","false","generated"
"miss-united-states-md-teen","miss-united-states","Miss Maryland Teen United States","Teen","State","Maryland","MD","miss maryland teen united states","Miss Maryland Teen United States|Miss Maryland Teen United States Pageant|Miss Maryland Teen United States Organization|Miss MD Teen United States|Maryland Miss Teen United States|Miss Teen United States Maryland|Miss Maryland's Teen United States|Maryland MUSO|MUSO Maryland|Maryland United States","false","generated"
"miss-united-states-md-mrs","miss-united-states","Mrs. Maryland United States","Mrs.","State","Maryland","MD","mrs maryland united states","Mrs. Maryland United States|Mrs Maryland United States|Mrs. Maryland United States Pageant|Mrs. Maryland United States Organization|Mrs. MD United States|Maryland Mrs. United States|Mrs. United States Maryland|Maryland MUSO|MUSO Maryland|Maryland United States","false","generated"
"miss-united-states-md-ms","miss-united-states","Ms. Maryland United States","Ms.","State","Maryland","MD","ms maryland united states","Ms. Maryland United States|Ms Maryland United States|Ms. Maryland United States Pageant|Ms. Maryland United States Organization|Ms. MD United States|Maryland Ms. United States|Ms. United States Maryland|Maryland MUSO|MUSO Maryland|Maryland United States","false","generated"
"miss-united-states-md-jr-teen","miss-united-states","Miss Maryland Jr. Teen United States","Jr. Teen","State","Maryland","MD","miss maryland jr teen united states","Miss Maryland Jr. Teen United States|Miss Maryland Jr Teen United States|Miss Maryland Jr. Teen United States Pageant|Miss Maryland Jr. Teen United States Organization|Miss MD Jr. Teen United States|Maryland Miss Jr. Teen United States|Miss Jr. Teen United States Maryland|Maryland MUSO|MUSO Maryland|Maryland United States","false","generated"
"miss-united-states-ma-miss","miss-united-states","Miss Massachusetts United States","Miss","State","Massachusetts","MA","miss massachusetts united states","Miss Massachusetts United States|Miss Massachusetts United States Pageant|Miss Massachusetts United States Organization|Miss MA United States|Massachusetts Miss United States|Miss United States Massachusetts|Massachusetts MUSO|MUSO Massachusetts|Massachusetts United States","false","generated"
"miss-united-states-ma-teen","miss-united-states","Miss Massachusetts Teen United States","Teen","State","Massachusetts","MA","miss massachusetts teen united states","Miss Massachusetts Teen United States|Miss Massachusetts Teen United States Pageant|Miss Massachusetts Teen United States Organization|Miss MA Teen United States|Massachusetts Miss Teen United States|Miss Teen United States Massachusetts|Miss Massachusetts's Teen United States|Massachusetts MUSO|MUSO Massachusetts|Massachusetts United States","false","generated"
"miss-united-states-ma-mrs","miss-united-states","Mrs. Massachusetts United States","Mrs.","State","Massachusetts","MA","mrs massachusetts united states","Mrs. Massachusetts United States|Mrs Massachusetts United States|Mrs. Massachusetts United States Pageant|Mrs. Massachusetts United States Organization|Mrs. MA United States|Massachusetts Mrs. United States|Mrs. United States Massachusetts|Massachusetts MUSO|MUSO Massachusetts|Massachusetts United States","false","generated"
"miss-united-states-ma-ms","miss-united-states","Ms. Massachusetts United States","Ms.","State","Massachusetts","MA","ms massachusetts united states","Ms. Massachusetts United States|Ms Massachusetts United States|Ms. Massachusetts United States Pageant|Ms. Massachusetts United States Organization|Ms. MA United States|Massachusetts Ms. United States|Ms. United States Massachusetts|Massachusetts MUSO|MUSO Massachusetts|Massachusetts United States","false","generated"
"miss-united-states-ma-jr-teen","miss-united-states","Miss Massachusetts Jr. Teen United States","Jr. Teen","State","Massachusetts","MA","miss massachusetts jr teen united states","Miss Massachusetts Jr. Teen United States|Miss Massachusetts Jr Teen United States|Miss Massachusetts Jr. Teen United States Pageant|Miss Massachusetts Jr. Teen United States Organization|Miss MA Jr. Teen United States|Massachusetts Miss Jr. Teen United States|Miss Jr. Teen United States Massachusetts|Massachusetts MUSO|MUSO Massachusetts|Massachusetts United States","false","generated"
"miss-united-states-mi-miss","miss-united-states","Miss Michigan United States","Miss","State","Michigan","MI","miss michigan united states","Miss Michigan United States|Miss Michigan United States Pageant|Miss Michigan United States Organization|Miss MI United States|Michigan Miss United States|Miss United States Michigan|Michigan MUSO|MUSO Michigan|Michigan United States","false","generated"
"miss-united-states-mi-teen","miss-united-states","Miss Michigan Teen United States","Teen","State","Michigan","MI","miss michigan teen united states","Miss Michigan Teen United States|Miss Michigan Teen United States Pageant|Miss Michigan Teen United States Organization|Miss MI Teen United States|Michigan Miss Teen United States|Miss Teen United States Michigan|Miss Michigan's Teen United States|Michigan MUSO|MUSO Michigan|Michigan United States","false","generated"
"miss-united-states-mi-mrs","miss-united-states","Mrs. Michigan United States","Mrs.","State","Michigan","MI","mrs michigan united states","Mrs. Michigan United States|Mrs Michigan United States|Mrs. Michigan United States Pageant|Mrs. Michigan United States Organization|Mrs. MI United States|Michigan Mrs. United States|Mrs. United States Michigan|Michigan MUSO|MUSO Michigan|Michigan United States","false","generated"
"miss-united-states-mi-ms","miss-united-states","Ms. Michigan United States","Ms.","State","Michigan","MI","ms michigan united states","Ms. Michigan United States|Ms Michigan United States|Ms. Michigan United States Pageant|Ms. Michigan United States Organization|Ms. MI United States|Michigan Ms. United States|Ms. United States Michigan|Michigan MUSO|MUSO Michigan|Michigan United States","false","generated"
"miss-united-states-mi-jr-teen","miss-united-states","Miss Michigan Jr. Teen United States","Jr. Teen","State","Michigan","MI","miss michigan jr teen united states","Miss Michigan Jr. Teen United States|Miss Michigan Jr Teen United States|Miss Michigan Jr. Teen United States Pageant|Miss Michigan Jr. Teen United States Organization|Miss MI Jr. Teen United States|Michigan Miss Jr. Teen United States|Miss Jr. Teen United States Michigan|Michigan MUSO|MUSO Michigan|Michigan United States","false","generated"
"miss-united-states-mn-miss","miss-united-states","Miss Minnesota United States","Miss","State","Minnesota","MN","miss minnesota united states","Miss Minnesota United States|Miss Minnesota United States Pageant|Miss Minnesota United States Organization|Miss MN United States|Minnesota Miss United States|Miss United States Minnesota|Minnesota MUSO|MUSO Minnesota|Minnesota United States","false","generated"
"miss-united-states-mn-teen","miss-united-states","Miss Minnesota Teen United States","Teen","State","Minnesota","MN","miss minnesota teen united states","Miss Minnesota Teen United States|Miss Minnesota Teen United States Pageant|Miss Minnesota Teen United States Organization|Miss MN Teen United States|Minnesota Miss Teen United States|Miss Teen United States Minnesota|Miss Minnesota's Teen United States|Minnesota MUSO|MUSO Minnesota|Minnesota United States","false","generated"
"miss-united-states-mn-mrs","miss-united-states","Mrs. Minnesota United States","Mrs.","State","Minnesota","MN","mrs minnesota united states","Mrs. Minnesota United States|Mrs Minnesota United States|Mrs. Minnesota United States Pageant|Mrs. Minnesota United States Organization|Mrs. MN United States|Minnesota Mrs. United States|Mrs. United States Minnesota|Minnesota MUSO|MUSO Minnesota|Minnesota United States","false","generated"
"miss-united-states-mn-ms","miss-united-states","Ms. Minnesota United States","Ms.","State","Minnesota","MN","ms minnesota united states","Ms. Minnesota United States|Ms Minnesota United States|Ms. Minnesota United States Pageant|Ms. Minnesota United States Organization|Ms. MN United States|Minnesota Ms. United States|Ms. United States Minnesota|Minnesota MUSO|MUSO Minnesota|Minnesota United States","false","generated"
"miss-united-states-mn-jr-teen","miss-united-states","Miss Minnesota Jr. Teen United States","Jr. Teen","State","Minnesota","MN","miss minnesota jr teen united states","Miss Minnesota Jr. Teen United States|Miss Minnesota Jr Teen United States|Miss Minnesota Jr. Teen United States Pageant|Miss Minnesota Jr. Teen United States Organization|Miss MN Jr. Teen United States|Minnesota Miss Jr. Teen United States|Miss Jr. Teen United States Minnesota|Minnesota MUSO|MUSO Minnesota|Minnesota United States","false","generated"
"miss-united-states-ms-miss","miss-united-states","Miss Mississippi United States","Miss","State","Mississippi","MS","miss mississippi united states","Miss Mississippi United States|Miss Mississippi United States Pageant|Miss Mississippi United States Organization|Miss MS United States|Mississippi Miss United States|Miss United States Mississippi|Mississippi MUSO|MUSO Mississippi|Mississippi United States","false","generated"
"miss-united-states-ms-teen","miss-united-states","Miss Mississippi Teen United States","Teen","State","Mississippi","MS","miss mississippi teen united states","Miss Mississippi Teen United States|Miss Mississippi Teen United States Pageant|Miss Mississippi Teen United States Organization|Miss MS Teen United States|Mississippi Miss Teen United States|Miss Teen United States Mississippi|Miss Mississippi's Teen United States|Mississippi MUSO|MUSO Mississippi|Mississippi United States","false","generated"
"miss-united-states-ms-mrs","miss-united-states","Mrs. Mississippi United States","Mrs.","State","Mississippi","MS","mrs mississippi united states","Mrs. Mississippi United States|Mrs Mississippi United States|Mrs. Mississippi United States Pageant|Mrs. Mississippi United States Organization|Mrs. MS United States|Mississippi Mrs. United States|Mrs. United States Mississippi|Mississippi MUSO|MUSO Mississippi|Mississippi United States","false","generated"
"miss-united-states-ms-ms","miss-united-states","Ms. Mississippi United States","Ms.","State","Mississippi","MS","ms mississippi united states","Ms. Mississippi United States|Ms Mississippi United States|Ms. Mississippi United States Pageant|Ms. Mississippi United States Organization|Ms. MS United States|Mississippi Ms. United States|Ms. United States Mississippi|Mississippi MUSO|MUSO Mississippi|Mississippi United States","false","generated"
"miss-united-states-ms-jr-teen","miss-united-states","Miss Mississippi Jr. Teen United States","Jr. Teen","State","Mississippi","MS","miss mississippi jr teen united states","Miss Mississippi Jr. Teen United States|Miss Mississippi Jr Teen United States|Miss Mississippi Jr. Teen United States Pageant|Miss Mississippi Jr. Teen United States Organization|Miss MS Jr. Teen United States|Mississippi Miss Jr. Teen United States|Miss Jr. Teen United States Mississippi|Mississippi MUSO|MUSO Mississippi|Mississippi United States","false","generated"
"miss-united-states-mo-miss","miss-united-states","Miss Missouri United States","Miss","State","Missouri","MO","miss missouri united states","Miss Missouri United States|Miss Missouri United States Pageant|Miss Missouri United States Organization|Miss MO United States|Missouri Miss United States|Miss United States Missouri|Missouri MUSO|MUSO Missouri|Missouri United States","false","generated"
"miss-united-states-mo-teen","miss-united-states","Miss Missouri Teen United States","Teen","State","Missouri","MO","miss missouri teen united states","Miss Missouri Teen United States|Miss Missouri Teen United States Pageant|Miss Missouri Teen United States Organization|Miss MO Teen United States|Missouri Miss Teen United States|Miss Teen United States Missouri|Miss Missouri's Teen United States|Missouri MUSO|MUSO Missouri|Missouri United States","false","generated"
"miss-united-states-mo-mrs","miss-united-states","Mrs. Missouri United States","Mrs.","State","Missouri","MO","mrs missouri united states","Mrs. Missouri United States|Mrs Missouri United States|Mrs. Missouri United States Pageant|Mrs. Missouri United States Organization|Mrs. MO United States|Missouri Mrs. United States|Mrs. United States Missouri|Missouri MUSO|MUSO Missouri|Missouri United States","false","generated"
"miss-united-states-mo-ms","miss-united-states","Ms. Missouri United States","Ms.","State","Missouri","MO","ms missouri united states","Ms. Missouri United States|Ms Missouri United States|Ms. Missouri United States Pageant|Ms. Missouri United States Organization|Ms. MO United States|Missouri Ms. United States|Ms. United States Missouri|Missouri MUSO|MUSO Missouri|Missouri United States","false","generated"
"miss-united-states-mo-jr-teen","miss-united-states","Miss Missouri Jr. Teen United States","Jr. Teen","State","Missouri","MO","miss missouri jr teen united states","Miss Missouri Jr. Teen United States|Miss Missouri Jr Teen United States|Miss Missouri Jr. Teen United States Pageant|Miss Missouri Jr. Teen United States Organization|Miss MO Jr. Teen United States|Missouri Miss Jr. Teen United States|Miss Jr. Teen United States Missouri|Missouri MUSO|MUSO Missouri|Missouri United States","false","generated"
"miss-united-states-mt-miss","miss-united-states","Miss Montana United States","Miss","State","Montana","MT","miss montana united states","Miss Montana United States|Miss Montana United States Pageant|Miss Montana United States Organization|Miss MT United States|Montana Miss United States|Miss United States Montana|Montana MUSO|MUSO Montana|Montana United States","false","generated"
"miss-united-states-mt-teen","miss-united-states","Miss Montana Teen United States","Teen","State","Montana","MT","miss montana teen united states","Miss Montana Teen United States|Miss Montana Teen United States Pageant|Miss Montana Teen United States Organization|Miss MT Teen United States|Montana Miss Teen United States|Miss Teen United States Montana|Miss Montana's Teen United States|Montana MUSO|MUSO Montana|Montana United States","false","generated"
"miss-united-states-mt-mrs","miss-united-states","Mrs. Montana United States","Mrs.","State","Montana","MT","mrs montana united states","Mrs. Montana United States|Mrs Montana United States|Mrs. Montana United States Pageant|Mrs. Montana United States Organization|Mrs. MT United States|Montana Mrs. United States|Mrs. United States Montana|Montana MUSO|MUSO Montana|Montana United States","false","generated"
"miss-united-states-mt-ms","miss-united-states","Ms. Montana United States","Ms.","State","Montana","MT","ms montana united states","Ms. Montana United States|Ms Montana United States|Ms. Montana United States Pageant|Ms. Montana United States Organization|Ms. MT United States|Montana Ms. United States|Ms. United States Montana|Montana MUSO|MUSO Montana|Montana United States","false","generated"
"miss-united-states-mt-jr-teen","miss-united-states","Miss Montana Jr. Teen United States","Jr. Teen","State","Montana","MT","miss montana jr teen united states","Miss Montana Jr. Teen United States|Miss Montana Jr Teen United States|Miss Montana Jr. Teen United States Pageant|Miss Montana Jr. Teen United States Organization|Miss MT Jr. Teen United States|Montana Miss Jr. Teen United States|Miss Jr. Teen United States Montana|Montana MUSO|MUSO Montana|Montana United States","false","generated"
"miss-united-states-ne-miss","miss-united-states","Miss Nebraska United States","Miss","State","Nebraska","NE","miss nebraska united states","Miss Nebraska United States|Miss Nebraska United States Pageant|Miss Nebraska United States Organization|Miss NE United States|Nebraska Miss United States|Miss United States Nebraska|Nebraska MUSO|MUSO Nebraska|Nebraska United States","false","generated"
"miss-united-states-ne-teen","miss-united-states","Miss Nebraska Teen United States","Teen","State","Nebraska","NE","miss nebraska teen united states","Miss Nebraska Teen United States|Miss Nebraska Teen United States Pageant|Miss Nebraska Teen United States Organization|Miss NE Teen United States|Nebraska Miss Teen United States|Miss Teen United States Nebraska|Miss Nebraska's Teen United States|Nebraska MUSO|MUSO Nebraska|Nebraska United States","false","generated"
"miss-united-states-ne-mrs","miss-united-states","Mrs. Nebraska United States","Mrs.","State","Nebraska","NE","mrs nebraska united states","Mrs. Nebraska United States|Mrs Nebraska United States|Mrs. Nebraska United States Pageant|Mrs. Nebraska United States Organization|Mrs. NE United States|Nebraska Mrs. United States|Mrs. United States Nebraska|Nebraska MUSO|MUSO Nebraska|Nebraska United States","false","generated"
"miss-united-states-ne-ms","miss-united-states","Ms. Nebraska United States","Ms.","State","Nebraska","NE","ms nebraska united states","Ms. Nebraska United States|Ms Nebraska United States|Ms. Nebraska United States Pageant|Ms. Nebraska United States Organization|Ms. NE United States|Nebraska Ms. United States|Ms. United States Nebraska|Nebraska MUSO|MUSO Nebraska|Nebraska United States","false","generated"
"miss-united-states-ne-jr-teen","miss-united-states","Miss Nebraska Jr. Teen United States","Jr. Teen","State","Nebraska","NE","miss nebraska jr teen united states","Miss Nebraska Jr. Teen United States|Miss Nebraska Jr Teen United States|Miss Nebraska Jr. Teen United States Pageant|Miss Nebraska Jr. Teen United States Organization|Miss NE Jr. Teen United States|Nebraska Miss Jr. Teen United States|Miss Jr. Teen United States Nebraska|Nebraska MUSO|MUSO Nebraska|Nebraska United States","false","generated"
"miss-united-states-nv-miss","miss-united-states","Miss Nevada United States","Miss","State","Nevada","NV","miss nevada united states","Miss Nevada United States|Miss Nevada United States Pageant|Miss Nevada United States Organization|Miss NV United States|Nevada Miss United States|Miss United States Nevada|Nevada MUSO|MUSO Nevada|Nevada United States","false","generated"
"miss-united-states-nv-teen","miss-united-states","Miss Nevada Teen United States","Teen","State","Nevada","NV","miss nevada teen united states","Miss Nevada Teen United States|Miss Nevada Teen United States Pageant|Miss Nevada Teen United States Organization|Miss NV Teen United States|Nevada Miss Teen United States|Miss Teen United States Nevada|Miss Nevada's Teen United States|Nevada MUSO|MUSO Nevada|Nevada United States","false","generated"
"miss-united-states-nv-mrs","miss-united-states","Mrs. Nevada United States","Mrs.","State","Nevada","NV","mrs nevada united states","Mrs. Nevada United States|Mrs Nevada United States|Mrs. Nevada United States Pageant|Mrs. Nevada United States Organization|Mrs. NV United States|Nevada Mrs. United States|Mrs. United States Nevada|Nevada MUSO|MUSO Nevada|Nevada United States","false","generated"
"miss-united-states-nv-ms","miss-united-states","Ms. Nevada United States","Ms.","State","Nevada","NV","ms nevada united states","Ms. Nevada United States|Ms Nevada United States|Ms. Nevada United States Pageant|Ms. Nevada United States Organization|Ms. NV United States|Nevada Ms. United States|Ms. United States Nevada|Nevada MUSO|MUSO Nevada|Nevada United States","false","generated"
"miss-united-states-nv-jr-teen","miss-united-states","Miss Nevada Jr. Teen United States","Jr. Teen","State","Nevada","NV","miss nevada jr teen united states","Miss Nevada Jr. Teen United States|Miss Nevada Jr Teen United States|Miss Nevada Jr. Teen United States Pageant|Miss Nevada Jr. Teen United States Organization|Miss NV Jr. Teen United States|Nevada Miss Jr. Teen United States|Miss Jr. Teen United States Nevada|Nevada MUSO|MUSO Nevada|Nevada United States","false","generated"
"miss-united-states-nh-miss","miss-united-states","Miss New Hampshire United States","Miss","State","New Hampshire","NH","miss new hampshire united states","Miss New Hampshire United States|Miss New Hampshire United States Pageant|Miss New Hampshire United States Organization|Miss NH United States|New Hampshire Miss United States|Miss United States New Hampshire|New Hampshire MUSO|MUSO New Hampshire|New Hampshire United States","false","generated"
"miss-united-states-nh-teen","miss-united-states","Miss New Hampshire Teen United States","Teen","State","New Hampshire","NH","miss new hampshire teen united states","Miss New Hampshire Teen United States|Miss New Hampshire Teen United States Pageant|Miss New Hampshire Teen United States Organization|Miss NH Teen United States|New Hampshire Miss Teen United States|Miss Teen United States New Hampshire|Miss New Hampshire's Teen United States|New Hampshire MUSO|MUSO New Hampshire|New Hampshire United States","false","generated"
"miss-united-states-nh-mrs","miss-united-states","Mrs. New Hampshire United States","Mrs.","State","New Hampshire","NH","mrs new hampshire united states","Mrs. New Hampshire United States|Mrs New Hampshire United States|Mrs. New Hampshire United States Pageant|Mrs. New Hampshire United States Organization|Mrs. NH United States|New Hampshire Mrs. United States|Mrs. United States New Hampshire|New Hampshire MUSO|MUSO New Hampshire|New Hampshire United States","false","generated"
"miss-united-states-nh-ms","miss-united-states","Ms. New Hampshire United States","Ms.","State","New Hampshire","NH","ms new hampshire united states","Ms. New Hampshire United States|Ms New Hampshire United States|Ms. New Hampshire United States Pageant|Ms. New Hampshire United States Organization|Ms. NH United States|New Hampshire Ms. United States|Ms. United States New Hampshire|New Hampshire MUSO|MUSO New Hampshire|New Hampshire United States","false","generated"
"miss-united-states-nh-jr-teen","miss-united-states","Miss New Hampshire Jr. Teen United States","Jr. Teen","State","New Hampshire","NH","miss new hampshire jr teen united states","Miss New Hampshire Jr. Teen United States|Miss New Hampshire Jr Teen United States|Miss New Hampshire Jr. Teen United States Pageant|Miss New Hampshire Jr. Teen United States Organization|Miss NH Jr. Teen United States|New Hampshire Miss Jr. Teen United States|Miss Jr. Teen United States New Hampshire|New Hampshire MUSO|MUSO New Hampshire|New Hampshire United States","false","generated"
"miss-united-states-nj-miss","miss-united-states","Miss New Jersey United States","Miss","State","New Jersey","NJ","miss new jersey united states","Miss New Jersey United States|Miss New Jersey United States Pageant|Miss New Jersey United States Organization|Miss NJ United States|New Jersey Miss United States|Miss United States New Jersey|New Jersey MUSO|MUSO New Jersey|New Jersey United States","false","generated"
"miss-united-states-nj-teen","miss-united-states","Miss New Jersey Teen United States","Teen","State","New Jersey","NJ","miss new jersey teen united states","Miss New Jersey Teen United States|Miss New Jersey Teen United States Pageant|Miss New Jersey Teen United States Organization|Miss NJ Teen United States|New Jersey Miss Teen United States|Miss Teen United States New Jersey|Miss New Jersey's Teen United States|New Jersey MUSO|MUSO New Jersey|New Jersey United States","false","generated"
"miss-united-states-nj-mrs","miss-united-states","Mrs. New Jersey United States","Mrs.","State","New Jersey","NJ","mrs new jersey united states","Mrs. New Jersey United States|Mrs New Jersey United States|Mrs. New Jersey United States Pageant|Mrs. New Jersey United States Organization|Mrs. NJ United States|New Jersey Mrs. United States|Mrs. United States New Jersey|New Jersey MUSO|MUSO New Jersey|New Jersey United States","false","generated"
"miss-united-states-nj-ms","miss-united-states","Ms. New Jersey United States","Ms.","State","New Jersey","NJ","ms new jersey united states","Ms. New Jersey United States|Ms New Jersey United States|Ms. New Jersey United States Pageant|Ms. New Jersey United States Organization|Ms. NJ United States|New Jersey Ms. United States|Ms. United States New Jersey|New Jersey MUSO|MUSO New Jersey|New Jersey United States","false","generated"
"miss-united-states-nj-jr-teen","miss-united-states","Miss New Jersey Jr. Teen United States","Jr. Teen","State","New Jersey","NJ","miss new jersey jr teen united states","Miss New Jersey Jr. Teen United States|Miss New Jersey Jr Teen United States|Miss New Jersey Jr. Teen United States Pageant|Miss New Jersey Jr. Teen United States Organization|Miss NJ Jr. Teen United States|New Jersey Miss Jr. Teen United States|Miss Jr. Teen United States New Jersey|New Jersey MUSO|MUSO New Jersey|New Jersey United States","false","generated"
"miss-united-states-nm-miss","miss-united-states","Miss New Mexico United States","Miss","State","New Mexico","NM","miss new mexico united states","Miss New Mexico United States|Miss New Mexico United States Pageant|Miss New Mexico United States Organization|Miss NM United States|New Mexico Miss United States|Miss United States New Mexico|New Mexico MUSO|MUSO New Mexico|New Mexico United States","false","generated"
"miss-united-states-nm-teen","miss-united-states","Miss New Mexico Teen United States","Teen","State","New Mexico","NM","miss new mexico teen united states","Miss New Mexico Teen United States|Miss New Mexico Teen United States Pageant|Miss New Mexico Teen United States Organization|Miss NM Teen United States|New Mexico Miss Teen United States|Miss Teen United States New Mexico|Miss New Mexico's Teen United States|New Mexico MUSO|MUSO New Mexico|New Mexico United States","false","generated"
"miss-united-states-nm-mrs","miss-united-states","Mrs. New Mexico United States","Mrs.","State","New Mexico","NM","mrs new mexico united states","Mrs. New Mexico United States|Mrs New Mexico United States|Mrs. New Mexico United States Pageant|Mrs. New Mexico United States Organization|Mrs. NM United States|New Mexico Mrs. United States|Mrs. United States New Mexico|New Mexico MUSO|MUSO New Mexico|New Mexico United States","false","generated"
"miss-united-states-nm-ms","miss-united-states","Ms. New Mexico United States","Ms.","State","New Mexico","NM","ms new mexico united states","Ms. New Mexico United States|Ms New Mexico United States|Ms. New Mexico United States Pageant|Ms. New Mexico United States Organization|Ms. NM United States|New Mexico Ms. United States|Ms. United States New Mexico|New Mexico MUSO|MUSO New Mexico|New Mexico United States","false","generated"
"miss-united-states-nm-jr-teen","miss-united-states","Miss New Mexico Jr. Teen United States","Jr. Teen","State","New Mexico","NM","miss new mexico jr teen united states","Miss New Mexico Jr. Teen United States|Miss New Mexico Jr Teen United States|Miss New Mexico Jr. Teen United States Pageant|Miss New Mexico Jr. Teen United States Organization|Miss NM Jr. Teen United States|New Mexico Miss Jr. Teen United States|Miss Jr. Teen United States New Mexico|New Mexico MUSO|MUSO New Mexico|New Mexico United States","false","generated"
"miss-united-states-ny-miss","miss-united-states","Miss New York United States","Miss","State","New York","NY","miss new york united states","Miss New York United States|Miss New York United States Pageant|Miss New York United States Organization|Miss NY United States|New York Miss United States|Miss United States New York|New York MUSO|MUSO New York|New York United States","false","generated"
"miss-united-states-ny-teen","miss-united-states","Miss New York Teen United States","Teen","State","New York","NY","miss new york teen united states","Miss New York Teen United States|Miss New York Teen United States Pageant|Miss New York Teen United States Organization|Miss NY Teen United States|New York Miss Teen United States|Miss Teen United States New York|Miss New York's Teen United States|New York MUSO|MUSO New York|New York United States","false","generated"
"miss-united-states-ny-mrs","miss-united-states","Mrs. New York United States","Mrs.","State","New York","NY","mrs new york united states","Mrs. New York United States|Mrs New York United States|Mrs. New York United States Pageant|Mrs. New York United States Organization|Mrs. NY United States|New York Mrs. United States|Mrs. United States New York|New York MUSO|MUSO New York|New York United States","false","generated"
"miss-united-states-ny-ms","miss-united-states","Ms. New York United States","Ms.","State","New York","NY","ms new york united states","Ms. New York United States|Ms New York United States|Ms. New York United States Pageant|Ms. New York United States Organization|Ms. NY United States|New York Ms. United States|Ms. United States New York|New York MUSO|MUSO New York|New York United States","false","generated"
"miss-united-states-ny-jr-teen","miss-united-states","Miss New York Jr. Teen United States","Jr. Teen","State","New York","NY","miss new york jr teen united states","Miss New York Jr. Teen United States|Miss New York Jr Teen United States|Miss New York Jr. Teen United States Pageant|Miss New York Jr. Teen United States Organization|Miss NY Jr. Teen United States|New York Miss Jr. Teen United States|Miss Jr. Teen United States New York|New York MUSO|MUSO New York|New York United States","false","generated"
"miss-united-states-nc-miss","miss-united-states","Miss North Carolina United States","Miss","State","North Carolina","NC","miss north carolina united states","Miss North Carolina United States|Miss North Carolina United States Pageant|Miss North Carolina United States Organization|Miss NC United States|North Carolina Miss United States|Miss United States North Carolina|North Carolina MUSO|MUSO North Carolina|North Carolina United States","false","generated"
"miss-united-states-nc-teen","miss-united-states","Miss North Carolina Teen United States","Teen","State","North Carolina","NC","miss north carolina teen united states","Miss North Carolina Teen United States|Miss North Carolina Teen United States Pageant|Miss North Carolina Teen United States Organization|Miss NC Teen United States|North Carolina Miss Teen United States|Miss Teen United States North Carolina|Miss North Carolina's Teen United States|North Carolina MUSO|MUSO North Carolina|North Carolina United States","false","generated"
"miss-united-states-nc-mrs","miss-united-states","Mrs. North Carolina United States","Mrs.","State","North Carolina","NC","mrs north carolina united states","Mrs. North Carolina United States|Mrs North Carolina United States|Mrs. North Carolina United States Pageant|Mrs. North Carolina United States Organization|Mrs. NC United States|North Carolina Mrs. United States|Mrs. United States North Carolina|North Carolina MUSO|MUSO North Carolina|North Carolina United States","false","generated"
"miss-united-states-nc-ms","miss-united-states","Ms. North Carolina United States","Ms.","State","North Carolina","NC","ms north carolina united states","Ms. North Carolina United States|Ms North Carolina United States|Ms. North Carolina United States Pageant|Ms. North Carolina United States Organization|Ms. NC United States|North Carolina Ms. United States|Ms. United States North Carolina|North Carolina MUSO|MUSO North Carolina|North Carolina United States","false","generated"
"miss-united-states-nc-jr-teen","miss-united-states","Miss North Carolina Jr. Teen United States","Jr. Teen","State","North Carolina","NC","miss north carolina jr teen united states","Miss North Carolina Jr. Teen United States|Miss North Carolina Jr Teen United States|Miss North Carolina Jr. Teen United States Pageant|Miss North Carolina Jr. Teen United States Organization|Miss NC Jr. Teen United States|North Carolina Miss Jr. Teen United States|Miss Jr. Teen United States North Carolina|North Carolina MUSO|MUSO North Carolina|North Carolina United States","false","generated"
"miss-united-states-nd-miss","miss-united-states","Miss North Dakota United States","Miss","State","North Dakota","ND","miss north dakota united states","Miss North Dakota United States|Miss North Dakota United States Pageant|Miss North Dakota United States Organization|Miss ND United States|North Dakota Miss United States|Miss United States North Dakota|North Dakota MUSO|MUSO North Dakota|North Dakota United States","false","generated"
"miss-united-states-nd-teen","miss-united-states","Miss North Dakota Teen United States","Teen","State","North Dakota","ND","miss north dakota teen united states","Miss North Dakota Teen United States|Miss North Dakota Teen United States Pageant|Miss North Dakota Teen United States Organization|Miss ND Teen United States|North Dakota Miss Teen United States|Miss Teen United States North Dakota|Miss North Dakota's Teen United States|North Dakota MUSO|MUSO North Dakota|North Dakota United States","false","generated"
"miss-united-states-nd-mrs","miss-united-states","Mrs. North Dakota United States","Mrs.","State","North Dakota","ND","mrs north dakota united states","Mrs. North Dakota United States|Mrs North Dakota United States|Mrs. North Dakota United States Pageant|Mrs. North Dakota United States Organization|Mrs. ND United States|North Dakota Mrs. United States|Mrs. United States North Dakota|North Dakota MUSO|MUSO North Dakota|North Dakota United States","false","generated"
"miss-united-states-nd-ms","miss-united-states","Ms. North Dakota United States","Ms.","State","North Dakota","ND","ms north dakota united states","Ms. North Dakota United States|Ms North Dakota United States|Ms. North Dakota United States Pageant|Ms. North Dakota United States Organization|Ms. ND United States|North Dakota Ms. United States|Ms. United States North Dakota|North Dakota MUSO|MUSO North Dakota|North Dakota United States","false","generated"
"miss-united-states-nd-jr-teen","miss-united-states","Miss North Dakota Jr. Teen United States","Jr. Teen","State","North Dakota","ND","miss north dakota jr teen united states","Miss North Dakota Jr. Teen United States|Miss North Dakota Jr Teen United States|Miss North Dakota Jr. Teen United States Pageant|Miss North Dakota Jr. Teen United States Organization|Miss ND Jr. Teen United States|North Dakota Miss Jr. Teen United States|Miss Jr. Teen United States North Dakota|North Dakota MUSO|MUSO North Dakota|North Dakota United States","false","generated"
"miss-united-states-oh-miss","miss-united-states","Miss Ohio United States","Miss","State","Ohio","OH","miss ohio united states","Miss Ohio United States|Miss Ohio United States Pageant|Miss Ohio United States Organization|Miss OH United States|Ohio Miss United States|Miss United States Ohio|Ohio MUSO|MUSO Ohio|Ohio United States","false","generated"
"miss-united-states-oh-teen","miss-united-states","Miss Ohio Teen United States","Teen","State","Ohio","OH","miss ohio teen united states","Miss Ohio Teen United States|Miss Ohio Teen United States Pageant|Miss Ohio Teen United States Organization|Miss OH Teen United States|Ohio Miss Teen United States|Miss Teen United States Ohio|Miss Ohio's Teen United States|Ohio MUSO|MUSO Ohio|Ohio United States","false","generated"
"miss-united-states-oh-mrs","miss-united-states","Mrs. Ohio United States","Mrs.","State","Ohio","OH","mrs ohio united states","Mrs. Ohio United States|Mrs Ohio United States|Mrs. Ohio United States Pageant|Mrs. Ohio United States Organization|Mrs. OH United States|Ohio Mrs. United States|Mrs. United States Ohio|Ohio MUSO|MUSO Ohio|Ohio United States","false","generated"
"miss-united-states-oh-ms","miss-united-states","Ms. Ohio United States","Ms.","State","Ohio","OH","ms ohio united states","Ms. Ohio United States|Ms Ohio United States|Ms. Ohio United States Pageant|Ms. Ohio United States Organization|Ms. OH United States|Ohio Ms. United States|Ms. United States Ohio|Ohio MUSO|MUSO Ohio|Ohio United States","false","generated"
"miss-united-states-oh-jr-teen","miss-united-states","Miss Ohio Jr. Teen United States","Jr. Teen","State","Ohio","OH","miss ohio jr teen united states","Miss Ohio Jr. Teen United States|Miss Ohio Jr Teen United States|Miss Ohio Jr. Teen United States Pageant|Miss Ohio Jr. Teen United States Organization|Miss OH Jr. Teen United States|Ohio Miss Jr. Teen United States|Miss Jr. Teen United States Ohio|Ohio MUSO|MUSO Ohio|Ohio United States","false","generated"
"miss-united-states-ok-miss","miss-united-states","Miss Oklahoma United States","Miss","State","Oklahoma","OK","miss oklahoma united states","Miss Oklahoma United States|Miss Oklahoma United States Pageant|Miss Oklahoma United States Organization|Miss OK United States|Oklahoma Miss United States|Miss United States Oklahoma|Oklahoma MUSO|MUSO Oklahoma|Oklahoma United States","false","generated"
"miss-united-states-ok-teen","miss-united-states","Miss Oklahoma Teen United States","Teen","State","Oklahoma","OK","miss oklahoma teen united states","Miss Oklahoma Teen United States|Miss Oklahoma Teen United States Pageant|Miss Oklahoma Teen United States Organization|Miss OK Teen United States|Oklahoma Miss Teen United States|Miss Teen United States Oklahoma|Miss Oklahoma's Teen United States|Oklahoma MUSO|MUSO Oklahoma|Oklahoma United States","false","generated"
"miss-united-states-ok-mrs","miss-united-states","Mrs. Oklahoma United States","Mrs.","State","Oklahoma","OK","mrs oklahoma united states","Mrs. Oklahoma United States|Mrs Oklahoma United States|Mrs. Oklahoma United States Pageant|Mrs. Oklahoma United States Organization|Mrs. OK United States|Oklahoma Mrs. United States|Mrs. United States Oklahoma|Oklahoma MUSO|MUSO Oklahoma|Oklahoma United States","false","generated"
"miss-united-states-ok-ms","miss-united-states","Ms. Oklahoma United States","Ms.","State","Oklahoma","OK","ms oklahoma united states","Ms. Oklahoma United States|Ms Oklahoma United States|Ms. Oklahoma United States Pageant|Ms. Oklahoma United States Organization|Ms. OK United States|Oklahoma Ms. United States|Ms. United States Oklahoma|Oklahoma MUSO|MUSO Oklahoma|Oklahoma United States","false","generated"
"miss-united-states-ok-jr-teen","miss-united-states","Miss Oklahoma Jr. Teen United States","Jr. Teen","State","Oklahoma","OK","miss oklahoma jr teen united states","Miss Oklahoma Jr. Teen United States|Miss Oklahoma Jr Teen United States|Miss Oklahoma Jr. Teen United States Pageant|Miss Oklahoma Jr. Teen United States Organization|Miss OK Jr. Teen United States|Oklahoma Miss Jr. Teen United States|Miss Jr. Teen United States Oklahoma|Oklahoma MUSO|MUSO Oklahoma|Oklahoma United States","false","generated"
"miss-united-states-or-miss","miss-united-states","Miss Oregon United States","Miss","State","Oregon","OR","miss oregon united states","Miss Oregon United States|Miss Oregon United States Pageant|Miss Oregon United States Organization|Miss OR United States|Oregon Miss United States|Miss United States Oregon|Oregon MUSO|MUSO Oregon|Oregon United States","false","generated"
"miss-united-states-or-teen","miss-united-states","Miss Oregon Teen United States","Teen","State","Oregon","OR","miss oregon teen united states","Miss Oregon Teen United States|Miss Oregon Teen United States Pageant|Miss Oregon Teen United States Organization|Miss OR Teen United States|Oregon Miss Teen United States|Miss Teen United States Oregon|Miss Oregon's Teen United States|Oregon MUSO|MUSO Oregon|Oregon United States","false","generated"
"miss-united-states-or-mrs","miss-united-states","Mrs. Oregon United States","Mrs.","State","Oregon","OR","mrs oregon united states","Mrs. Oregon United States|Mrs Oregon United States|Mrs. Oregon United States Pageant|Mrs. Oregon United States Organization|Mrs. OR United States|Oregon Mrs. United States|Mrs. United States Oregon|Oregon MUSO|MUSO Oregon|Oregon United States","false","generated"
"miss-united-states-or-ms","miss-united-states","Ms. Oregon United States","Ms.","State","Oregon","OR","ms oregon united states","Ms. Oregon United States|Ms Oregon United States|Ms. Oregon United States Pageant|Ms. Oregon United States Organization|Ms. OR United States|Oregon Ms. United States|Ms. United States Oregon|Oregon MUSO|MUSO Oregon|Oregon United States","false","generated"
"miss-united-states-or-jr-teen","miss-united-states","Miss Oregon Jr. Teen United States","Jr. Teen","State","Oregon","OR","miss oregon jr teen united states","Miss Oregon Jr. Teen United States|Miss Oregon Jr Teen United States|Miss Oregon Jr. Teen United States Pageant|Miss Oregon Jr. Teen United States Organization|Miss OR Jr. Teen United States|Oregon Miss Jr. Teen United States|Miss Jr. Teen United States Oregon|Oregon MUSO|MUSO Oregon|Oregon United States","false","generated"
"miss-united-states-pa-miss","miss-united-states","Miss Pennsylvania United States","Miss","State","Pennsylvania","PA","miss pennsylvania united states","Miss Pennsylvania United States|Miss Pennsylvania United States Pageant|Miss Pennsylvania United States Organization|Miss PA United States|Pennsylvania Miss United States|Miss United States Pennsylvania|Pennsylvania MUSO|MUSO Pennsylvania|Pennsylvania United States","false","generated"
"miss-united-states-pa-teen","miss-united-states","Miss Pennsylvania Teen United States","Teen","State","Pennsylvania","PA","miss pennsylvania teen united states","Miss Pennsylvania Teen United States|Miss Pennsylvania Teen United States Pageant|Miss Pennsylvania Teen United States Organization|Miss PA Teen United States|Pennsylvania Miss Teen United States|Miss Teen United States Pennsylvania|Miss Pennsylvania's Teen United States|Pennsylvania MUSO|MUSO Pennsylvania|Pennsylvania United States","false","generated"
"miss-united-states-pa-mrs","miss-united-states","Mrs. Pennsylvania United States","Mrs.","State","Pennsylvania","PA","mrs pennsylvania united states","Mrs. Pennsylvania United States|Mrs Pennsylvania United States|Mrs. Pennsylvania United States Pageant|Mrs. Pennsylvania United States Organization|Mrs. PA United States|Pennsylvania Mrs. United States|Mrs. United States Pennsylvania|Pennsylvania MUSO|MUSO Pennsylvania|Pennsylvania United States","false","generated"
"miss-united-states-pa-ms","miss-united-states","Ms. Pennsylvania United States","Ms.","State","Pennsylvania","PA","ms pennsylvania united states","Ms. Pennsylvania United States|Ms Pennsylvania United States|Ms. Pennsylvania United States Pageant|Ms. Pennsylvania United States Organization|Ms. PA United States|Pennsylvania Ms. United States|Ms. United States Pennsylvania|Pennsylvania MUSO|MUSO Pennsylvania|Pennsylvania United States","false","generated"
"miss-united-states-pa-jr-teen","miss-united-states","Miss Pennsylvania Jr. Teen United States","Jr. Teen","State","Pennsylvania","PA","miss pennsylvania jr teen united states","Miss Pennsylvania Jr. Teen United States|Miss Pennsylvania Jr Teen United States|Miss Pennsylvania Jr. Teen United States Pageant|Miss Pennsylvania Jr. Teen United States Organization|Miss PA Jr. Teen United States|Pennsylvania Miss Jr. Teen United States|Miss Jr. Teen United States Pennsylvania|Pennsylvania MUSO|MUSO Pennsylvania|Pennsylvania United States","false","generated"
"miss-united-states-ri-miss","miss-united-states","Miss Rhode Island United States","Miss","State","Rhode Island","RI","miss rhode island united states","Miss Rhode Island United States|Miss Rhode Island United States Pageant|Miss Rhode Island United States Organization|Miss RI United States|Rhode Island Miss United States|Miss United States Rhode Island|Rhode Island MUSO|MUSO Rhode Island|Rhode Island United States","false","generated"
"miss-united-states-ri-teen","miss-united-states","Miss Rhode Island Teen United States","Teen","State","Rhode Island","RI","miss rhode island teen united states","Miss Rhode Island Teen United States|Miss Rhode Island Teen United States Pageant|Miss Rhode Island Teen United States Organization|Miss RI Teen United States|Rhode Island Miss Teen United States|Miss Teen United States Rhode Island|Miss Rhode Island's Teen United States|Rhode Island MUSO|MUSO Rhode Island|Rhode Island United States","false","generated"
"miss-united-states-ri-mrs","miss-united-states","Mrs. Rhode Island United States","Mrs.","State","Rhode Island","RI","mrs rhode island united states","Mrs. Rhode Island United States|Mrs Rhode Island United States|Mrs. Rhode Island United States Pageant|Mrs. Rhode Island United States Organization|Mrs. RI United States|Rhode Island Mrs. United States|Mrs. United States Rhode Island|Rhode Island MUSO|MUSO Rhode Island|Rhode Island United States","false","generated"
"miss-united-states-ri-ms","miss-united-states","Ms. Rhode Island United States","Ms.","State","Rhode Island","RI","ms rhode island united states","Ms. Rhode Island United States|Ms Rhode Island United States|Ms. Rhode Island United States Pageant|Ms. Rhode Island United States Organization|Ms. RI United States|Rhode Island Ms. United States|Ms. United States Rhode Island|Rhode Island MUSO|MUSO Rhode Island|Rhode Island United States","false","generated"
"miss-united-states-ri-jr-teen","miss-united-states","Miss Rhode Island Jr. Teen United States","Jr. Teen","State","Rhode Island","RI","miss rhode island jr teen united states","Miss Rhode Island Jr. Teen United States|Miss Rhode Island Jr Teen United States|Miss Rhode Island Jr. Teen United States Pageant|Miss Rhode Island Jr. Teen United States Organization|Miss RI Jr. Teen United States|Rhode Island Miss Jr. Teen United States|Miss Jr. Teen United States Rhode Island|Rhode Island MUSO|MUSO Rhode Island|Rhode Island United States","false","generated"
"miss-united-states-sc-miss","miss-united-states","Miss South Carolina United States","Miss","State","South Carolina","SC","miss south carolina united states","Miss South Carolina United States|Miss South Carolina United States Pageant|Miss South Carolina United States Organization|Miss SC United States|South Carolina Miss United States|Miss United States South Carolina|South Carolina MUSO|MUSO South Carolina|South Carolina United States","false","generated"
"miss-united-states-sc-teen","miss-united-states","Miss South Carolina Teen United States","Teen","State","South Carolina","SC","miss south carolina teen united states","Miss South Carolina Teen United States|Miss South Carolina Teen United States Pageant|Miss South Carolina Teen United States Organization|Miss SC Teen United States|South Carolina Miss Teen United States|Miss Teen United States South Carolina|Miss South Carolina's Teen United States|South Carolina MUSO|MUSO South Carolina|South Carolina United States","false","generated"
"miss-united-states-sc-mrs","miss-united-states","Mrs. South Carolina United States","Mrs.","State","South Carolina","SC","mrs south carolina united states","Mrs. South Carolina United States|Mrs South Carolina United States|Mrs. South Carolina United States Pageant|Mrs. South Carolina United States Organization|Mrs. SC United States|South Carolina Mrs. United States|Mrs. United States South Carolina|South Carolina MUSO|MUSO South Carolina|South Carolina United States","false","generated"
"miss-united-states-sc-ms","miss-united-states","Ms. South Carolina United States","Ms.","State","South Carolina","SC","ms south carolina united states","Ms. South Carolina United States|Ms South Carolina United States|Ms. South Carolina United States Pageant|Ms. South Carolina United States Organization|Ms. SC United States|South Carolina Ms. United States|Ms. United States South Carolina|South Carolina MUSO|MUSO South Carolina|South Carolina United States","false","generated"
"miss-united-states-sc-jr-teen","miss-united-states","Miss South Carolina Jr. Teen United States","Jr. Teen","State","South Carolina","SC","miss south carolina jr teen united states","Miss South Carolina Jr. Teen United States|Miss South Carolina Jr Teen United States|Miss South Carolina Jr. Teen United States Pageant|Miss South Carolina Jr. Teen United States Organization|Miss SC Jr. Teen United States|South Carolina Miss Jr. Teen United States|Miss Jr. Teen United States South Carolina|South Carolina MUSO|MUSO South Carolina|South Carolina United States","false","generated"
"miss-united-states-sd-miss","miss-united-states","Miss South Dakota United States","Miss","State","South Dakota","SD","miss south dakota united states","Miss South Dakota United States|Miss South Dakota United States Pageant|Miss South Dakota United States Organization|Miss SD United States|South Dakota Miss United States|Miss United States South Dakota|South Dakota MUSO|MUSO South Dakota|South Dakota United States","false","generated"
"miss-united-states-sd-teen","miss-united-states","Miss South Dakota Teen United States","Teen","State","South Dakota","SD","miss south dakota teen united states","Miss South Dakota Teen United States|Miss South Dakota Teen United States Pageant|Miss South Dakota Teen United States Organization|Miss SD Teen United States|South Dakota Miss Teen United States|Miss Teen United States South Dakota|Miss South Dakota's Teen United States|South Dakota MUSO|MUSO South Dakota|South Dakota United States","false","generated"
"miss-united-states-sd-mrs","miss-united-states","Mrs. South Dakota United States","Mrs.","State","South Dakota","SD","mrs south dakota united states","Mrs. South Dakota United States|Mrs South Dakota United States|Mrs. South Dakota United States Pageant|Mrs. South Dakota United States Organization|Mrs. SD United States|South Dakota Mrs. United States|Mrs. United States South Dakota|South Dakota MUSO|MUSO South Dakota|South Dakota United States","false","generated"
"miss-united-states-sd-ms","miss-united-states","Ms. South Dakota United States","Ms.","State","South Dakota","SD","ms south dakota united states","Ms. South Dakota United States|Ms South Dakota United States|Ms. South Dakota United States Pageant|Ms. South Dakota United States Organization|Ms. SD United States|South Dakota Ms. United States|Ms. United States South Dakota|South Dakota MUSO|MUSO South Dakota|South Dakota United States","false","generated"
"miss-united-states-sd-jr-teen","miss-united-states","Miss South Dakota Jr. Teen United States","Jr. Teen","State","South Dakota","SD","miss south dakota jr teen united states","Miss South Dakota Jr. Teen United States|Miss South Dakota Jr Teen United States|Miss South Dakota Jr. Teen United States Pageant|Miss South Dakota Jr. Teen United States Organization|Miss SD Jr. Teen United States|South Dakota Miss Jr. Teen United States|Miss Jr. Teen United States South Dakota|South Dakota MUSO|MUSO South Dakota|South Dakota United States","false","generated"
"miss-united-states-tn-miss","miss-united-states","Miss Tennessee United States","Miss","State","Tennessee","TN","miss tennessee united states","Miss Tennessee United States|Miss Tennessee United States Pageant|Miss Tennessee United States Organization|Miss TN United States|Tennessee Miss United States|Miss United States Tennessee|Tennessee MUSO|MUSO Tennessee|Tennessee United States","false","generated"
"miss-united-states-tn-teen","miss-united-states","Miss Tennessee Teen United States","Teen","State","Tennessee","TN","miss tennessee teen united states","Miss Tennessee Teen United States|Miss Tennessee Teen United States Pageant|Miss Tennessee Teen United States Organization|Miss TN Teen United States|Tennessee Miss Teen United States|Miss Teen United States Tennessee|Miss Tennessee's Teen United States|Tennessee MUSO|MUSO Tennessee|Tennessee United States","false","generated"
"miss-united-states-tn-mrs","miss-united-states","Mrs. Tennessee United States","Mrs.","State","Tennessee","TN","mrs tennessee united states","Mrs. Tennessee United States|Mrs Tennessee United States|Mrs. Tennessee United States Pageant|Mrs. Tennessee United States Organization|Mrs. TN United States|Tennessee Mrs. United States|Mrs. United States Tennessee|Tennessee MUSO|MUSO Tennessee|Tennessee United States","false","generated"
"miss-united-states-tn-ms","miss-united-states","Ms. Tennessee United States","Ms.","State","Tennessee","TN","ms tennessee united states","Ms. Tennessee United States|Ms Tennessee United States|Ms. Tennessee United States Pageant|Ms. Tennessee United States Organization|Ms. TN United States|Tennessee Ms. United States|Ms. United States Tennessee|Tennessee MUSO|MUSO Tennessee|Tennessee United States","false","generated"
"miss-united-states-tn-jr-teen","miss-united-states","Miss Tennessee Jr. Teen United States","Jr. Teen","State","Tennessee","TN","miss tennessee jr teen united states","Miss Tennessee Jr. Teen United States|Miss Tennessee Jr Teen United States|Miss Tennessee Jr. Teen United States Pageant|Miss Tennessee Jr. Teen United States Organization|Miss TN Jr. Teen United States|Tennessee Miss Jr. Teen United States|Miss Jr. Teen United States Tennessee|Tennessee MUSO|MUSO Tennessee|Tennessee United States","false","generated"
"miss-united-states-tx-miss","miss-united-states","Miss Texas United States","Miss","State","Texas","TX","miss texas united states","Miss Texas United States|Miss Texas United States Pageant|Miss Texas United States Organization|Miss TX United States|Texas Miss United States|Miss United States Texas|Texas MUSO|MUSO Texas|Texas United States","false","generated"
"miss-united-states-tx-teen","miss-united-states","Miss Texas Teen United States","Teen","State","Texas","TX","miss texas teen united states","Miss Texas Teen United States|Miss Texas Teen United States Pageant|Miss Texas Teen United States Organization|Miss TX Teen United States|Texas Miss Teen United States|Miss Teen United States Texas|Miss Texas's Teen United States|Texas MUSO|MUSO Texas|Texas United States","false","generated"
"miss-united-states-tx-mrs","miss-united-states","Mrs. Texas United States","Mrs.","State","Texas","TX","mrs texas united states","Mrs. Texas United States|Mrs Texas United States|Mrs. Texas United States Pageant|Mrs. Texas United States Organization|Mrs. TX United States|Texas Mrs. United States|Mrs. United States Texas|Texas MUSO|MUSO Texas|Texas United States","false","generated"
"miss-united-states-tx-ms","miss-united-states","Ms. Texas United States","Ms.","State","Texas","TX","ms texas united states","Ms. Texas United States|Ms Texas United States|Ms. Texas United States Pageant|Ms. Texas United States Organization|Ms. TX United States|Texas Ms. United States|Ms. United States Texas|Texas MUSO|MUSO Texas|Texas United States","false","generated"
"miss-united-states-tx-jr-teen","miss-united-states","Miss Texas Jr. Teen United States","Jr. Teen","State","Texas","TX","miss texas jr teen united states","Miss Texas Jr. Teen United States|Miss Texas Jr Teen United States|Miss Texas Jr. Teen United States Pageant|Miss Texas Jr. Teen United States Organization|Miss TX Jr. Teen United States|Texas Miss Jr. Teen United States|Miss Jr. Teen United States Texas|Texas MUSO|MUSO Texas|Texas United States","false","generated"
"miss-united-states-ut-miss","miss-united-states","Miss Utah United States","Miss","State","Utah","UT","miss utah united states","Miss Utah United States|Miss Utah United States Pageant|Miss Utah United States Organization|Miss UT United States|Utah Miss United States|Miss United States Utah|Utah MUSO|MUSO Utah|Utah United States","false","generated"
"miss-united-states-ut-teen","miss-united-states","Miss Utah Teen United States","Teen","State","Utah","UT","miss utah teen united states","Miss Utah Teen United States|Miss Utah Teen United States Pageant|Miss Utah Teen United States Organization|Miss UT Teen United States|Utah Miss Teen United States|Miss Teen United States Utah|Miss Utah's Teen United States|Utah MUSO|MUSO Utah|Utah United States","false","generated"
"miss-united-states-ut-mrs","miss-united-states","Mrs. Utah United States","Mrs.","State","Utah","UT","mrs utah united states","Mrs. Utah United States|Mrs Utah United States|Mrs. Utah United States Pageant|Mrs. Utah United States Organization|Mrs. UT United States|Utah Mrs. United States|Mrs. United States Utah|Utah MUSO|MUSO Utah|Utah United States","false","generated"
"miss-united-states-ut-ms","miss-united-states","Ms. Utah United States","Ms.","State","Utah","UT","ms utah united states","Ms. Utah United States|Ms Utah United States|Ms. Utah United States Pageant|Ms. Utah United States Organization|Ms. UT United States|Utah Ms. United States|Ms. United States Utah|Utah MUSO|MUSO Utah|Utah United States","false","generated"
"miss-united-states-ut-jr-teen","miss-united-states","Miss Utah Jr. Teen United States","Jr. Teen","State","Utah","UT","miss utah jr teen united states","Miss Utah Jr. Teen United States|Miss Utah Jr Teen United States|Miss Utah Jr. Teen United States Pageant|Miss Utah Jr. Teen United States Organization|Miss UT Jr. Teen United States|Utah Miss Jr. Teen United States|Miss Jr. Teen United States Utah|Utah MUSO|MUSO Utah|Utah United States","false","generated"
"miss-united-states-vt-miss","miss-united-states","Miss Vermont United States","Miss","State","Vermont","VT","miss vermont united states","Miss Vermont United States|Miss Vermont United States Pageant|Miss Vermont United States Organization|Miss VT United States|Vermont Miss United States|Miss United States Vermont|Vermont MUSO|MUSO Vermont|Vermont United States","false","generated"
"miss-united-states-vt-teen","miss-united-states","Miss Vermont Teen United States","Teen","State","Vermont","VT","miss vermont teen united states","Miss Vermont Teen United States|Miss Vermont Teen United States Pageant|Miss Vermont Teen United States Organization|Miss VT Teen United States|Vermont Miss Teen United States|Miss Teen United States Vermont|Miss Vermont's Teen United States|Vermont MUSO|MUSO Vermont|Vermont United States","false","generated"
"miss-united-states-vt-mrs","miss-united-states","Mrs. Vermont United States","Mrs.","State","Vermont","VT","mrs vermont united states","Mrs. Vermont United States|Mrs Vermont United States|Mrs. Vermont United States Pageant|Mrs. Vermont United States Organization|Mrs. VT United States|Vermont Mrs. United States|Mrs. United States Vermont|Vermont MUSO|MUSO Vermont|Vermont United States","false","generated"
"miss-united-states-vt-ms","miss-united-states","Ms. Vermont United States","Ms.","State","Vermont","VT","ms vermont united states","Ms. Vermont United States|Ms Vermont United States|Ms. Vermont United States Pageant|Ms. Vermont United States Organization|Ms. VT United States|Vermont Ms. United States|Ms. United States Vermont|Vermont MUSO|MUSO Vermont|Vermont United States","false","generated"
"miss-united-states-vt-jr-teen","miss-united-states","Miss Vermont Jr. Teen United States","Jr. Teen","State","Vermont","VT","miss vermont jr teen united states","Miss Vermont Jr. Teen United States|Miss Vermont Jr Teen United States|Miss Vermont Jr. Teen United States Pageant|Miss Vermont Jr. Teen United States Organization|Miss VT Jr. Teen United States|Vermont Miss Jr. Teen United States|Miss Jr. Teen United States Vermont|Vermont MUSO|MUSO Vermont|Vermont United States","false","generated"
"miss-united-states-va-miss","miss-united-states","Miss Virginia United States","Miss","State","Virginia","VA","miss virginia united states","Miss Virginia United States|Miss Virginia United States Pageant|Miss Virginia United States Organization|Miss VA United States|Virginia Miss United States|Miss United States Virginia|Virginia MUSO|MUSO Virginia|Virginia United States","false","generated"
"miss-united-states-va-teen","miss-united-states","Miss Virginia Teen United States","Teen","State","Virginia","VA","miss virginia teen united states","Miss Virginia Teen United States|Miss Virginia Teen United States Pageant|Miss Virginia Teen United States Organization|Miss VA Teen United States|Virginia Miss Teen United States|Miss Teen United States Virginia|Miss Virginia's Teen United States|Virginia MUSO|MUSO Virginia|Virginia United States","false","generated"
"miss-united-states-va-mrs","miss-united-states","Mrs. Virginia United States","Mrs.","State","Virginia","VA","mrs virginia united states","Mrs. Virginia United States|Mrs Virginia United States|Mrs. Virginia United States Pageant|Mrs. Virginia United States Organization|Mrs. VA United States|Virginia Mrs. United States|Mrs. United States Virginia|Virginia MUSO|MUSO Virginia|Virginia United States","false","generated"
"miss-united-states-va-ms","miss-united-states","Ms. Virginia United States","Ms.","State","Virginia","VA","ms virginia united states","Ms. Virginia United States|Ms Virginia United States|Ms. Virginia United States Pageant|Ms. Virginia United States Organization|Ms. VA United States|Virginia Ms. United States|Ms. United States Virginia|Virginia MUSO|MUSO Virginia|Virginia United States","false","generated"
"miss-united-states-va-jr-teen","miss-united-states","Miss Virginia Jr. Teen United States","Jr. Teen","State","Virginia","VA","miss virginia jr teen united states","Miss Virginia Jr. Teen United States|Miss Virginia Jr Teen United States|Miss Virginia Jr. Teen United States Pageant|Miss Virginia Jr. Teen United States Organization|Miss VA Jr. Teen United States|Virginia Miss Jr. Teen United States|Miss Jr. Teen United States Virginia|Virginia MUSO|MUSO Virginia|Virginia United States","false","generated"
"miss-united-states-wa-miss","miss-united-states","Miss Washington United States","Miss","State","Washington","WA","miss washington united states","Miss Washington United States|Miss Washington United States Pageant|Miss Washington United States Organization|Miss WA United States|Washington Miss United States|Miss United States Washington|Washington MUSO|MUSO Washington|Washington United States","false","generated"
"miss-united-states-wa-teen","miss-united-states","Miss Washington Teen United States","Teen","State","Washington","WA","miss washington teen united states","Miss Washington Teen United States|Miss Washington Teen United States Pageant|Miss Washington Teen United States Organization|Miss WA Teen United States|Washington Miss Teen United States|Miss Teen United States Washington|Miss Washington's Teen United States|Washington MUSO|MUSO Washington|Washington United States","false","generated"
"miss-united-states-wa-mrs","miss-united-states","Mrs. Washington United States","Mrs.","State","Washington","WA","mrs washington united states","Mrs. Washington United States|Mrs Washington United States|Mrs. Washington United States Pageant|Mrs. Washington United States Organization|Mrs. WA United States|Washington Mrs. United States|Mrs. United States Washington|Washington MUSO|MUSO Washington|Washington United States","false","generated"
"miss-united-states-wa-ms","miss-united-states","Ms. Washington United States","Ms.","State","Washington","WA","ms washington united states","Ms. Washington United States|Ms Washington United States|Ms. Washington United States Pageant|Ms. Washington United States Organization|Ms. WA United States|Washington Ms. United States|Ms. United States Washington|Washington MUSO|MUSO Washington|Washington United States","false","generated"
"miss-united-states-wa-jr-teen","miss-united-states","Miss Washington Jr. Teen United States","Jr. Teen","State","Washington","WA","miss washington jr teen united states","Miss Washington Jr. Teen United States|Miss Washington Jr Teen United States|Miss Washington Jr. Teen United States Pageant|Miss Washington Jr. Teen United States Organization|Miss WA Jr. Teen United States|Washington Miss Jr. Teen United States|Miss Jr. Teen United States Washington|Washington MUSO|MUSO Washington|Washington United States","false","generated"
"miss-united-states-wv-miss","miss-united-states","Miss West Virginia United States","Miss","State","West Virginia","WV","miss west virginia united states","Miss West Virginia United States|Miss West Virginia United States Pageant|Miss West Virginia United States Organization|Miss WV United States|West Virginia Miss United States|Miss United States West Virginia|West Virginia MUSO|MUSO West Virginia|West Virginia United States","false","generated"
"miss-united-states-wv-teen","miss-united-states","Miss West Virginia Teen United States","Teen","State","West Virginia","WV","miss west virginia teen united states","Miss West Virginia Teen United States|Miss West Virginia Teen United States Pageant|Miss West Virginia Teen United States Organization|Miss WV Teen United States|West Virginia Miss Teen United States|Miss Teen United States West Virginia|Miss West Virginia's Teen United States|West Virginia MUSO|MUSO West Virginia|West Virginia United States","false","generated"
"miss-united-states-wv-mrs","miss-united-states","Mrs. West Virginia United States","Mrs.","State","West Virginia","WV","mrs west virginia united states","Mrs. West Virginia United States|Mrs West Virginia United States|Mrs. West Virginia United States Pageant|Mrs. West Virginia United States Organization|Mrs. WV United States|West Virginia Mrs. United States|Mrs. United States West Virginia|West Virginia MUSO|MUSO West Virginia|West Virginia United States","false","generated"
"miss-united-states-wv-ms","miss-united-states","Ms. West Virginia United States","Ms.","State","West Virginia","WV","ms west virginia united states","Ms. West Virginia United States|Ms West Virginia United States|Ms. West Virginia United States Pageant|Ms. West Virginia United States Organization|Ms. WV United States|West Virginia Ms. United States|Ms. United States West Virginia|West Virginia MUSO|MUSO West Virginia|West Virginia United States","false","generated"
"miss-united-states-wv-jr-teen","miss-united-states","Miss West Virginia Jr. Teen United States","Jr. Teen","State","West Virginia","WV","miss west virginia jr teen united states","Miss West Virginia Jr. Teen United States|Miss West Virginia Jr Teen United States|Miss West Virginia Jr. Teen United States Pageant|Miss West Virginia Jr. Teen United States Organization|Miss WV Jr. Teen United States|West Virginia Miss Jr. Teen United States|Miss Jr. Teen United States West Virginia|West Virginia MUSO|MUSO West Virginia|West Virginia United States","false","generated"
"miss-united-states-wi-miss","miss-united-states","Miss Wisconsin United States","Miss","State","Wisconsin","WI","miss wisconsin united states","Miss Wisconsin United States|Miss Wisconsin United States Pageant|Miss Wisconsin United States Organization|Miss WI United States|Wisconsin Miss United States|Miss United States Wisconsin|Wisconsin MUSO|MUSO Wisconsin|Wisconsin United States","false","generated"
"miss-united-states-wi-teen","miss-united-states","Miss Wisconsin Teen United States","Teen","State","Wisconsin","WI","miss wisconsin teen united states","Miss Wisconsin Teen United States|Miss Wisconsin Teen United States Pageant|Miss Wisconsin Teen United States Organization|Miss WI Teen United States|Wisconsin Miss Teen United States|Miss Teen United States Wisconsin|Miss Wisconsin's Teen United States|Wisconsin MUSO|MUSO Wisconsin|Wisconsin United States","false","generated"
"miss-united-states-wi-mrs","miss-united-states","Mrs. Wisconsin United States","Mrs.","State","Wisconsin","WI","mrs wisconsin united states","Mrs. Wisconsin United States|Mrs Wisconsin United States|Mrs. Wisconsin United States Pageant|Mrs. Wisconsin United States Organization|Mrs. WI United States|Wisconsin Mrs. United States|Mrs. United States Wisconsin|Wisconsin MUSO|MUSO Wisconsin|Wisconsin United States","false","generated"
"miss-united-states-wi-ms","miss-united-states","Ms. Wisconsin United States","Ms.","State","Wisconsin","WI","ms wisconsin united states","Ms. Wisconsin United States|Ms Wisconsin United States|Ms. Wisconsin United States Pageant|Ms. Wisconsin United States Organization|Ms. WI United States|Wisconsin Ms. United States|Ms. United States Wisconsin|Wisconsin MUSO|MUSO Wisconsin|Wisconsin United States","false","generated"
"miss-united-states-wi-jr-teen","miss-united-states","Miss Wisconsin Jr. Teen United States","Jr. Teen","State","Wisconsin","WI","miss wisconsin jr teen united states","Miss Wisconsin Jr. Teen United States|Miss Wisconsin Jr Teen United States|Miss Wisconsin Jr. Teen United States Pageant|Miss Wisconsin Jr. Teen United States Organization|Miss WI Jr. Teen United States|Wisconsin Miss Jr. Teen United States|Miss Jr. Teen United States Wisconsin|Wisconsin MUSO|MUSO Wisconsin|Wisconsin United States","false","generated"
"miss-united-states-wy-miss","miss-united-states","Miss Wyoming United States","Miss","State","Wyoming","WY","miss wyoming united states","Miss Wyoming United States|Miss Wyoming United States Pageant|Miss Wyoming United States Organization|Miss WY United States|Wyoming Miss United States|Miss United States Wyoming|Wyoming MUSO|MUSO Wyoming|Wyoming United States","false","generated"
"miss-united-states-wy-teen","miss-united-states","Miss Wyoming Teen United States","Teen","State","Wyoming","WY","miss wyoming teen united states","Miss Wyoming Teen United States|Miss Wyoming Teen United States Pageant|Miss Wyoming Teen United States Organization|Miss WY Teen United States|Wyoming Miss Teen United States|Miss Teen United States Wyoming|Miss Wyoming's Teen United States|Wyoming MUSO|MUSO Wyoming|Wyoming United States","false","generated"
"miss-united-states-wy-mrs","miss-united-states","Mrs. Wyoming United States","Mrs.","State","Wyoming","WY","mrs wyoming united states","Mrs. Wyoming United States|Mrs Wyoming United States|Mrs. Wyoming United States Pageant|Mrs. Wyoming United States Organization|Mrs. WY United States|Wyoming Mrs. United States|Mrs. United States Wyoming|Wyoming MUSO|MUSO Wyoming|Wyoming United States","false","generated"
"miss-united-states-wy-ms","miss-united-states","Ms. Wyoming United States","Ms.","State","Wyoming","WY","ms wyoming united states","Ms. Wyoming United States|Ms Wyoming United States|Ms. Wyoming United States Pageant|Ms. Wyoming United States Organization|Ms. WY United States|Wyoming Ms. United States|Ms. United States Wyoming|Wyoming MUSO|MUSO Wyoming|Wyoming United States","false","generated"
"miss-united-states-wy-jr-teen","miss-united-states","Miss Wyoming Jr. Teen United States","Jr. Teen","State","Wyoming","WY","miss wyoming jr teen united states","Miss Wyoming Jr. Teen United States|Miss Wyoming Jr Teen United States|Miss Wyoming Jr. Teen United States Pageant|Miss Wyoming Jr. Teen United States Organization|Miss WY Jr. Teen United States|Wyoming Miss Jr. Teen United States|Miss Jr. Teen United States Wyoming|Wyoming MUSO|MUSO Wyoming|Wyoming United States","false","generated"
"miss-united-states-dc-miss","miss-united-states","Miss District of Columbia United States","Miss","State","District of Columbia","DC","miss district of columbia united states","Miss District of Columbia United States|Miss District of Columbia United States Pageant|Miss District of Columbia United States Organization|Miss DC United States|District of Columbia Miss United States|Miss United States District of Columbia|District of Columbia MUSO|MUSO District of Columbia|District of Columbia United States","false","generated"
"miss-united-states-dc-teen","miss-united-states","Miss District of Columbia Teen United States","Teen","State","District of Columbia","DC","miss district of columbia teen united states","Miss District of Columbia Teen United States|Miss District of Columbia Teen United States Pageant|Miss District of Columbia Teen United States Organization|Miss DC Teen United States|District of Columbia Miss Teen United States|Miss Teen United States District of Columbia|Miss District of Columbia's Teen United States|District of Columbia MUSO|MUSO District of Columbia|District of Columbia United States","false","generated"
"miss-united-states-dc-mrs","miss-united-states","Mrs. District of Columbia United States","Mrs.","State","District of Columbia","DC","mrs district of columbia united states","Mrs. District of Columbia United States|Mrs District of Columbia United States|Mrs. District of Columbia United States Pageant|Mrs. District of Columbia United States Organization|Mrs. DC United States|District of Columbia Mrs. United States|Mrs. United States District of Columbia|District of Columbia MUSO|MUSO District of Columbia|District of Columbia United States","false","generated"
"miss-united-states-dc-ms","miss-united-states","Ms. District of Columbia United States","Ms.","State","District of Columbia","DC","ms district of columbia united states","Ms. District of Columbia United States|Ms District of Columbia United States|Ms. District of Columbia United States Pageant|Ms. District of Columbia United States Organization|Ms. DC United States|District of Columbia Ms. United States|Ms. United States District of Columbia|District of Columbia MUSO|MUSO District of Columbia|District of Columbia United States","false","generated"
"miss-united-states-dc-jr-teen","miss-united-states","Miss District of Columbia Jr. Teen United States","Jr. Teen","State","District of Columbia","DC","miss district of columbia jr teen united states","Miss District of Columbia Jr. Teen United States|Miss District of Columbia Jr Teen United States|Miss District of Columbia Jr. Teen United States Pageant|Miss District of Columbia Jr. Teen United States Organization|Miss DC Jr. Teen United States|District of Columbia Miss Jr. Teen United States|Miss Jr. Teen United States District of Columbia|District of Columbia MUSO|MUSO District of Columbia|District of Columbia United States","false","generated"
"miss-united-states-pr-miss","miss-united-states","Miss Puerto Rico United States","Miss","State","Puerto Rico","PR","miss puerto rico united states","Miss Puerto Rico United States|Miss Puerto Rico United States Pageant|Miss Puerto Rico United States Organization|Miss PR United States|Puerto Rico Miss United States|Miss United States Puerto Rico|Puerto Rico MUSO|MUSO Puerto Rico|Puerto Rico United States","false","generated"
"miss-united-states-pr-teen","miss-united-states","Miss Puerto Rico Teen United States","Teen","State","Puerto Rico","PR","miss puerto rico teen united states","Miss Puerto Rico Teen United States|Miss Puerto Rico Teen United States Pageant|Miss Puerto Rico Teen United States Organization|Miss PR Teen United States|Puerto Rico Miss Teen United States|Miss Teen United States Puerto Rico|Miss Puerto Rico's Teen United States|Puerto Rico MUSO|MUSO Puerto Rico|Puerto Rico United States","false","generated"
"miss-united-states-pr-mrs","miss-united-states","Mrs. Puerto Rico United States","Mrs.","State","Puerto Rico","PR","mrs puerto rico united states","Mrs. Puerto Rico United States|Mrs Puerto Rico United States|Mrs. Puerto Rico United States Pageant|Mrs. Puerto Rico United States Organization|Mrs. PR United States|Puerto Rico Mrs. United States|Mrs. United States Puerto Rico|Puerto Rico MUSO|MUSO Puerto Rico|Puerto Rico United States","false","generated"
"miss-united-states-pr-ms","miss-united-states","Ms. Puerto Rico United States","Ms.","State","Puerto Rico","PR","ms puerto rico united states","Ms. Puerto Rico United States|Ms Puerto Rico United States|Ms. Puerto Rico United States Pageant|Ms. Puerto Rico United States Organization|Ms. PR United States|Puerto Rico Ms. United States|Ms. United States Puerto Rico|Puerto Rico MUSO|MUSO Puerto Rico|Puerto Rico United States","false","generated"
"miss-united-states-pr-jr-teen","miss-united-states","Miss Puerto Rico Jr. Teen United States","Jr. Teen","State","Puerto Rico","PR","miss puerto rico jr teen united states","Miss Puerto Rico Jr. Teen United States|Miss Puerto Rico Jr Teen United States|Miss Puerto Rico Jr. Teen United States Pageant|Miss Puerto Rico Jr. Teen United States Organization|Miss PR Jr. Teen United States|Puerto Rico Miss Jr. Teen United States|Miss Jr. Teen United States Puerto Rico|Puerto Rico MUSO|MUSO Puerto Rico|Puerto Rico United States","false","generated"
"dyw-al-main","dyw","Distinguished Young Women of Alabama","","State","Alabama","AL","distinguished young women of alabama","Distinguished Young Women of Alabama|Distinguished Young Women of Alabama Pageant|Distinguished Young Women of Alabama Organization|Distinguished Young Women of AL|Alabama DYW|DYW Alabama","false","generated"
"dyw-ak-main","dyw","Distinguished Young Women of Alaska","","State","Alaska","AK","distinguished young women of alaska","Distinguished Young Women of Alaska|Distinguished Young Women of Alaska Pageant|Distinguished Young Women of Alaska Organization|Distinguished Young Women of AK|Alaska DYW|DYW Alaska","false","generated"
"dyw-az-main","dyw","Distinguished Young Women of Arizona","","State","Arizona","AZ","distinguished young women of arizona","Distinguished Young Women of Arizona|Distinguished Young Women of Arizona Pageant|Distinguished Young Women of Arizona Organization|Distinguished Young Women of AZ|Arizona DYW|DYW Arizona","false","generated"
"dyw-ar-main","dyw","Distinguished Young Women of Arkansas","","State","Arkansas","AR","distinguished young women of arkansas","Distinguished Young Women of Arkansas|Distinguished Young Women of Arkansas Pageant|Distinguished Young Women of Arkansas Organization|Distinguished Young Women of AR|Arkansas DYW|DYW Arkansas","false","generated"
"dyw-ca-main","dyw","Distinguished Young Women of California","","State","California","CA","distinguished young women of california","Distinguished Young Women of California|Distinguished Young Women of California Pageant|Distinguished Young Women of California Organization|Distinguished Young Women of CA|California DYW|DYW California","false","generated"
"dyw-co-main","dyw","Distinguished Young Women of Colorado","","State","Colorado","CO","distinguished young women of colorado","Distinguished Young Women of Colorado|Distinguished Young Women of Colorado Pageant|Distinguished Young Women of Colorado Organization|Distinguished Young Women of CO|Colorado DYW|DYW Colorado","false","generated"
"dyw-ct-main","dyw","Distinguished Young Women of Connecticut","","State","Connecticut","CT","distinguished young women of connecticut","Distinguished Young Women of Connecticut|Distinguished Young Women of Connecticut Pageant|Distinguished Young Women of Connecticut Organization|Distinguished Young Women of CT|Connecticut DYW|DYW Connecticut","false","generated"
"dyw-de-main","dyw","Distinguished Young Women of Delaware","","State","Delaware","DE","distinguished young women of delaware","Distinguished Young Women of Delaware|Distinguished Young Women of Delaware Pageant|Distinguished Young Women of Delaware Organization|Distinguished Young Women of DE|Delaware DYW|DYW Delaware","false","generated"
"dyw-fl-main","dyw","Distinguished Young Women of Florida","","State","Florida","FL","distinguished young women of florida","Distinguished Young Women of Florida|Distinguished Young Women of Florida Pageant|Distinguished Young Women of Florida Organization|Distinguished Young Women of FL|Florida DYW|DYW Florida","false","generated"
"dyw-ga-main","dyw","Distinguished Young Women of Georgia","","State","Georgia","GA","distinguished young women of georgia","Distinguished Young Women of Georgia|Distinguished Young Women of Georgia Pageant|Distinguished Young Women of Georgia Organization|Distinguished Young Women of GA|Georgia DYW|DYW Georgia","false","generated"
"dyw-hi-main","dyw","Distinguished Young Women of Hawaii","","State","Hawaii","HI","distinguished young women of hawaii","Distinguished Young Women of Hawaii|Distinguished Young Women of Hawaii Pageant|Distinguished Young Women of Hawaii Organization|Distinguished Young Women of HI|Hawaii DYW|DYW Hawaii","false","generated"
"dyw-id-main","dyw","Distinguished Young Women of Idaho","","State","Idaho","ID","distinguished young women of idaho","Distinguished Young Women of Idaho|Distinguished Young Women of Idaho Pageant|Distinguished Young Women of Idaho Organization|Distinguished Young Women of ID|Idaho DYW|DYW Idaho","false","generated"
"dyw-il-main","dyw","Distinguished Young Women of Illinois","","State","Illinois","IL","distinguished young women of illinois","Distinguished Young Women of Illinois|Distinguished Young Women of Illinois Pageant|Distinguished Young Women of Illinois Organization|Distinguished Young Women of IL|Illinois DYW|DYW Illinois","false","generated"
"dyw-in-main","dyw","Distinguished Young Women of Indiana","","State","Indiana","IN","distinguished young women of indiana","Distinguished Young Women of Indiana|Distinguished Young Women of Indiana Pageant|Distinguished Young Women of Indiana Organization|Distinguished Young Women of IN|Indiana DYW|DYW Indiana","false","generated"
"dyw-ia-main","dyw","Distinguished Young Women of Iowa","","State","Iowa","IA","distinguished young women of iowa","Distinguished Young Women of Iowa|Distinguished Young Women of Iowa Pageant|Distinguished Young Women of Iowa Organization|Distinguished Young Women of IA|Iowa DYW|DYW Iowa","false","generated"
"dyw-ks-main","dyw","Distinguished Young Women of Kansas","","State","Kansas","KS","distinguished young women of kansas","Distinguished Young Women of Kansas|Distinguished Young Women of Kansas Pageant|Distinguished Young Women of Kansas Organization|Distinguished Young Women of KS|Kansas DYW|DYW Kansas","false","generated"
"dyw-ky-main","dyw","Distinguished Young Women of Kentucky","","State","Kentucky","KY","distinguished young women of kentucky","Distinguished Young Women of Kentucky|Distinguished Young Women of Kentucky Pageant|Distinguished Young Women of Kentucky Organization|Distinguished Young Women of KY|Kentucky DYW|DYW Kentucky","false","generated"
"dyw-la-main","dyw","Distinguished Young Women of Louisiana","","State","Louisiana","LA","distinguished young women of louisiana","Distinguished Young Women of Louisiana|Distinguished Young Women of Louisiana Pageant|Distinguished Young Women of Louisiana Organization|Distinguished Young Women of LA|Louisiana DYW|DYW Louisiana","false","generated"
"dyw-me-main","dyw","Distinguished Young Women of Maine","","State","Maine","ME","distinguished young women of maine","Distinguished Young Women of Maine|Distinguished Young Women of Maine Pageant|Distinguished Young Women of Maine Organization|Distinguished Young Women of ME|Maine DYW|DYW Maine","false","generated"
"dyw-md-main","dyw","Distinguished Young Women of Maryland","","State","Maryland","MD","distinguished young women of maryland","Distinguished Young Women of Maryland|Distinguished Young Women of Maryland Pageant|Distinguished Young Women of Maryland Organization|Distinguished Young Women of MD|Maryland DYW|DYW Maryland","false","generated"
"dyw-ma-main","dyw","Distinguished Young Women of Massachusetts","","State","Massachusetts","MA","distinguished young women of massachusetts","Distinguished Young Women of Massachusetts|Distinguished Young Women of Massachusetts Pageant|Distinguished Young Women of Massachusetts Organization|Distinguished Young Women of MA|Massachusetts DYW|DYW Massachusetts","false","generated"
"dyw-mi-main","dyw","Distinguished Young Women of Michigan","","State","Michigan","MI","distinguished young women of michigan","Distinguished Young Women of Michigan|Distinguished Young Women of Michigan Pageant|Distinguished Young Women of Michigan Organization|Distinguished Young Women of MI|Michigan DYW|DYW Michigan","false","generated"
"dyw-mn-main","dyw","Distinguished Young Women of Minnesota","","State","Minnesota","MN","distinguished young women of minnesota","Distinguished Young Women of Minnesota|Distinguished Young Women of Minnesota Pageant|Distinguished Young Women of Minnesota Organization|Distinguished Young Women of MN|Minnesota DYW|DYW Minnesota","false","generated"
"dyw-ms-main","dyw","Distinguished Young Women of Mississippi","","State","Mississippi","MS","distinguished young women of mississippi","Distinguished Young Women of Mississippi|Distinguished Young Women of Mississippi Pageant|Distinguished Young Women of Mississippi Organization|Distinguished Young Women of MS|Mississippi DYW|DYW Mississippi","false","generated"
"dyw-mo-main","dyw","Distinguished Young Women of Missouri","","State","Missouri","MO","distinguished young women of missouri","Distinguished Young Women of Missouri|Distinguished Young Women of Missouri Pageant|Distinguished Young Women of Missouri Organization|Distinguished Young Women of MO|Missouri DYW|DYW Missouri","false","generated"
"dyw-mt-main","dyw","Distinguished Young Women of Montana","","State","Montana","MT","distinguished young women of montana","Distinguished Young Women of Montana|Distinguished Young Women of Montana Pageant|Distinguished Young Women of Montana Organization|Distinguished Young Women of MT|Montana DYW|DYW Montana","false","generated"
"dyw-ne-main","dyw","Distinguished Young Women of Nebraska","","State","Nebraska","NE","distinguished young women of nebraska","Distinguished Young Women of Nebraska|Distinguished Young Women of Nebraska Pageant|Distinguished Young Women of Nebraska Organization|Distinguished Young Women of NE|Nebraska DYW|DYW Nebraska","false","generated"
"dyw-nv-main","dyw","Distinguished Young Women of Nevada","","State","Nevada","NV","distinguished young women of nevada","Distinguished Young Women of Nevada|Distinguished Young Women of Nevada Pageant|Distinguished Young Women of Nevada Organization|Distinguished Young Women of NV|Nevada DYW|DYW Nevada","false","generated"
"dyw-nh-main","dyw","Distinguished Young Women of New Hampshire","","State","New Hampshire","NH","distinguished young women of new hampshire","Distinguished Young Women of New Hampshire|Distinguished Young Women of New Hampshire Pageant|Distinguished Young Women of New Hampshire Organization|Distinguished Young Women of NH|New Hampshire DYW|DYW New Hampshire","false","generated"
"dyw-nj-main","dyw","Distinguished Young Women of New Jersey","","State","New Jersey","NJ","distinguished young women of new jersey","Distinguished Young Women of New Jersey|Distinguished Young Women of New Jersey Pageant|Distinguished Young Women of New Jersey Organization|Distinguished Young Women of NJ|New Jersey DYW|DYW New Jersey","false","generated"
"dyw-nm-main","dyw","Distinguished Young Women of New Mexico","","State","New Mexico","NM","distinguished young women of new mexico","Distinguished Young Women of New Mexico|Distinguished Young Women of New Mexico Pageant|Distinguished Young Women of New Mexico Organization|Distinguished Young Women of NM|New Mexico DYW|DYW New Mexico","false","generated"
"dyw-ny-main","dyw","Distinguished Young Women of New York","","State","New York","NY","distinguished young women of new york","Distinguished Young Women of New York|Distinguished Young Women of New York Pageant|Distinguished Young Women of New York Organization|Distinguished Young Women of NY|New York DYW|DYW New York","false","generated"
"dyw-nc-main","dyw","Distinguished Young Women of North Carolina","","State","North Carolina","NC","distinguished young women of north carolina","Distinguished Young Women of North Carolina|Distinguished Young Women of North Carolina Pageant|Distinguished Young Women of North Carolina Organization|Distinguished Young Women of NC|North Carolina DYW|DYW North Carolina","false","generated"
"dyw-nd-main","dyw","Distinguished Young Women of North Dakota","","State","North Dakota","ND","distinguished young women of north dakota","Distinguished Young Women of North Dakota|Distinguished Young Women of North Dakota Pageant|Distinguished Young Women of North Dakota Organization|Distinguished Young Women of ND|North Dakota DYW|DYW North Dakota","false","generated"
"dyw-oh-main","dyw","Distinguished Young Women of Ohio","","State","Ohio","OH","distinguished young women of ohio","Distinguished Young Women of Ohio|Distinguished Young Women of Ohio Pageant|Distinguished Young Women of Ohio Organization|Distinguished Young Women of OH|Ohio DYW|DYW Ohio","false","generated"
"dyw-ok-main","dyw","Distinguished Young Women of Oklahoma","","State","Oklahoma","OK","distinguished young women of oklahoma","Distinguished Young Women of Oklahoma|Distinguished Young Women of Oklahoma Pageant|Distinguished Young Women of Oklahoma Organization|Distinguished Young Women of OK|Oklahoma DYW|DYW Oklahoma","false","generated"
"dyw-or-main","dyw","Distinguished Young Women of Oregon","","State","Oregon","OR","distinguished young women of oregon","Distinguished Young Women of Oregon|Distinguished Young Women of Oregon Pageant|Distinguished Young Women of Oregon Organization|Distinguished Young Women of OR|Oregon DYW|DYW Oregon","false","generated"
"dyw-pa-main","dyw","Distinguished Young Women of Pennsylvania","","State","Pennsylvania","PA","distinguished young women of pennsylvania","Distinguished Young Women of Pennsylvania|Distinguished Young Women of Pennsylvania Pageant|Distinguished Young Women of Pennsylvania Organization|Distinguished Young Women of PA|Pennsylvania DYW|DYW Pennsylvania","false","generated"
"dyw-ri-main","dyw","Distinguished Young Women of Rhode Island","","State","Rhode Island","RI","distinguished young women of rhode island","Distinguished Young Women of Rhode Island|Distinguished Young Women of Rhode Island Pageant|Distinguished Young Women of Rhode Island Organization|Distinguished Young Women of RI|Rhode Island DYW|DYW Rhode Island","false","generated"
"dyw-sc-main","dyw","Distinguished Young Women of South Carolina","","State","South Carolina","SC","distinguished young women of south carolina","Distinguished Young Women of South Carolina|Distinguished Young Women of South Carolina Pageant|Distinguished Young Women of South Carolina Organization|Distinguished Young Women of SC|South Carolina DYW|DYW South Carolina","false","generated"
"dyw-sd-main","dyw","Distinguished Young Women of South Dakota","","State","South Dakota","SD","distinguished young women of south dakota","Distinguished Young Women of South Dakota|Distinguished Young Women of South Dakota Pageant|Distinguished Young Women of South Dakota Organization|Distinguished Young Women of SD|South Dakota DYW|DYW South Dakota","false","generated"
"dyw-tn-main","dyw","Distinguished Young Women of Tennessee","","State","Tennessee","TN","distinguished young women of tennessee","Distinguished Young Women of Tennessee|Distinguished Young Women of Tennessee Pageant|Distinguished Young Women of Tennessee Organization|Distinguished Young Women of TN|Tennessee DYW|DYW Tennessee","false","generated"
"dyw-tx-main","dyw","Distinguished Young Women of Texas","","State","Texas","TX","distinguished young women of texas","Distinguished Young Women of Texas|Distinguished Young Women of Texas Pageant|Distinguished Young Women of Texas Organization|Distinguished Young Women of TX|Texas DYW|DYW Texas","false","generated"
"dyw-ut-main","dyw","Distinguished Young Women of Utah","","State","Utah","UT","distinguished young women of utah","Distinguished Young Women of Utah|Distinguished Young Women of Utah Pageant|Distinguished Young Women of Utah Organization|Distinguished Young Women of UT|Utah DYW|DYW Utah","false","generated"
"dyw-vt-main","dyw","Distinguished Young Women of Vermont","","State","Vermont","VT","distinguished young women of vermont","Distinguished Young Women of Vermont|Distinguished Young Women of Vermont Pageant|Distinguished Young Women of Vermont Organization|Distinguished Young Women of VT|Vermont DYW|DYW Vermont","false","generated"
"dyw-va-main","dyw","Distinguished Young Women of Virginia","","State","Virginia","VA","distinguished young women of virginia","Distinguished Young Women of Virginia|Distinguished Young Women of Virginia Pageant|Distinguished Young Women of Virginia Organization|Distinguished Young Women of VA|Virginia DYW|DYW Virginia","false","generated"
"dyw-wa-main","dyw","Distinguished Young Women of Washington","","State","Washington","WA","distinguished young women of washington","Distinguished Young Women of Washington|Distinguished Young Women of Washington Pageant|Distinguished Young Women of Washington Organization|Distinguished Young Women of WA|Washington DYW|DYW Washington","false","generated"
"dyw-wv-main","dyw","Distinguished Young Women of West Virginia","","State","West Virginia","WV","distinguished young women of west virginia","Distinguished Young Women of West Virginia|Distinguished Young Women of West Virginia Pageant|Distinguished Young Women of West Virginia Organization|Distinguished Young Women of WV|West Virginia DYW|DYW West Virginia","false","generated"
"dyw-wi-main","dyw","Distinguished Young Women of Wisconsin","","State","Wisconsin","WI","distinguished young women of wisconsin","Distinguished Young Women of Wisconsin|Distinguished Young Women of Wisconsin Pageant|Distinguished Young Women of Wisconsin Organization|Distinguished Young Women of WI|Wisconsin DYW|DYW Wisconsin","false","generated"
"dyw-wy-main","dyw","Distinguished Young Women of Wyoming","","State","Wyoming","WY","distinguished young women of wyoming","Distinguished Young Women of Wyoming|Distinguished Young Women of Wyoming Pageant|Distinguished Young Women of Wyoming Organization|Distinguished Young Women of WY|Wyoming DYW|DYW Wyoming","false","generated"
"dyw-dc-main","dyw","Distinguished Young Women of District of Columbia","","State","District of Columbia","DC","distinguished young women of district of columbia","Distinguished Young Women of District of Columbia|Distinguished Young Women of District of Columbia Pageant|Distinguished Young Women of District of Columbia Organization|Distinguished Young Women of DC|District of Columbia DYW|DYW District of Columbia","false","generated"
"dyw-pr-main","dyw","Distinguished Young Women of Puerto Rico","","State","Puerto Rico","PR","distinguished young women of puerto rico","Distinguished Young Women of Puerto Rico|Distinguished Young Women of Puerto Rico Pageant|Distinguished Young Women of Puerto Rico Organization|Distinguished Young Women of PR|Puerto Rico DYW|DYW Puerto Rico","false","generated"
"cinderella-al-main","cinderella","Alabama Cinderella","","State","Alabama","AL","alabama cinderella","Alabama Cinderella|Alabama Cinderella Pageant|Alabama Cinderella Organization|AL Cinderella","false","generated"
"cinderella-ak-main","cinderella","Alaska Cinderella","","State","Alaska","AK","alaska cinderella","Alaska Cinderella|Alaska Cinderella Pageant|Alaska Cinderella Organization|AK Cinderella","false","generated"
"cinderella-az-main","cinderella","Arizona Cinderella","","State","Arizona","AZ","arizona cinderella","Arizona Cinderella|Arizona Cinderella Pageant|Arizona Cinderella Organization|AZ Cinderella","false","generated"
"cinderella-ar-main","cinderella","Arkansas Cinderella","","State","Arkansas","AR","arkansas cinderella","Arkansas Cinderella|Arkansas Cinderella Pageant|Arkansas Cinderella Organization|AR Cinderella","false","generated"
"cinderella-ca-main","cinderella","California Cinderella","","State","California","CA","california cinderella","California Cinderella|California Cinderella Pageant|California Cinderella Organization|CA Cinderella","false","generated"
"cinderella-co-main","cinderella","Colorado Cinderella","","State","Colorado","CO","colorado cinderella","Colorado Cinderella|Colorado Cinderella Pageant|Colorado Cinderella Organization|CO Cinderella","false","generated"
"cinderella-ct-main","cinderella","Connecticut Cinderella","","State","Connecticut","CT","connecticut cinderella","Connecticut Cinderella|Connecticut Cinderella Pageant|Connecticut Cinderella Organization|CT Cinderella","false","generated"
"cinderella-de-main","cinderella","Delaware Cinderella","","State","Delaware","DE","delaware cinderella","Delaware Cinderella|Delaware Cinderella Pageant|Delaware Cinderella Organization|DE Cinderella","false","generated"
"cinderella-fl-main","cinderella","Florida Cinderella","","State","Florida","FL","florida cinderella","Florida Cinderella|Florida Cinderella Pageant|Florida Cinderella Organization|FL Cinderella","false","generated"
"cinderella-ga-main","cinderella","Georgia Cinderella","","State","Georgia","GA","georgia cinderella","Georgia Cinderella|Georgia Cinderella Pageant|Georgia Cinderella Organization|GA Cinderella","false","generated"
"cinderella-hi-main","cinderella","Hawaii Cinderella","","State","Hawaii","HI","hawaii cinderella","Hawaii Cinderella|Hawaii Cinderella Pageant|Hawaii Cinderella Organization|HI Cinderella","false","generated"
"cinderella-id-main","cinderella","Idaho Cinderella","","State","Idaho","ID","idaho cinderella","Idaho Cinderella|Idaho Cinderella Pageant|Idaho Cinderella Organization|ID Cinderella","false","generated"
"cinderella-il-main","cinderella","Illinois Cinderella","","State","Illinois","IL","illinois cinderella","Illinois Cinderella|Illinois Cinderella Pageant|Illinois Cinderella Organization|IL Cinderella","false","generated"
"cinderella-in-main","cinderella","Indiana Cinderella","","State","Indiana","IN","indiana cinderella","Indiana Cinderella|Indiana Cinderella Pageant|Indiana Cinderella Organization|IN Cinderella","false","generated"
"cinderella-ia-main","cinderella","Iowa Cinderella","","State","Iowa","IA","iowa cinderella","Iowa Cinderella|Iowa Cinderella Pageant|Iowa Cinderella Organization|IA Cinderella","false","generated"
"cinderella-ks-main","cinderella","Kansas Cinderella","","State","Kansas","KS","kansas cinderella","Kansas Cinderella|Kansas Cinderella Pageant|Kansas Cinderella Organization|KS Cinderella","false","generated"
"cinderella-ky-main","cinderella","Kentucky Cinderella","","State","Kentucky","KY","kentucky cinderella","Kentucky Cinderella|Kentucky Cinderella Pageant|Kentucky Cinderella Organization|KY Cinderella","false","generated"
"cinderella-la-main","cinderella","Louisiana Cinderella","","State","Louisiana","LA","louisiana cinderella","Louisiana Cinderella|Louisiana Cinderella Pageant|Louisiana Cinderella Organization|LA Cinderella","false","generated"
"cinderella-me-main","cinderella","Maine Cinderella","","State","Maine","ME","maine cinderella","Maine Cinderella|Maine Cinderella Pageant|Maine Cinderella Organization|ME Cinderella","false","generated"
"cinderella-md-main","cinderella","Maryland Cinderella","","State","Maryland","MD","maryland cinderella","Maryland Cinderella|Maryland Cinderella Pageant|Maryland Cinderella Organization|MD Cinderella","false","generated"
"cinderella-ma-main","cinderella","Massachusetts Cinderella","","State","Massachusetts","MA","massachusetts cinderella","Massachusetts Cinderella|Massachusetts Cinderella Pageant|Massachusetts Cinderella Organization|MA Cinderella","false","generated"
"cinderella-mi-main","cinderella","Michigan Cinderella","","State","Michigan","MI","michigan cinderella","Michigan Cinderella|Michigan Cinderella Pageant|Michigan Cinderella Organization|MI Cinderella","false","generated"
"cinderella-mn-main","cinderella","Minnesota Cinderella","","State","Minnesota","MN","minnesota cinderella","Minnesota Cinderella|Minnesota Cinderella Pageant|Minnesota Cinderella Organization|MN Cinderella","false","generated"
"cinderella-ms-main","cinderella","Mississippi Cinderella","","State","Mississippi","MS","mississippi cinderella","Mississippi Cinderella|Mississippi Cinderella Pageant|Mississippi Cinderella Organization|MS Cinderella","false","generated"
"cinderella-mo-main","cinderella","Missouri Cinderella","","State","Missouri","MO","missouri cinderella","Missouri Cinderella|Missouri Cinderella Pageant|Missouri Cinderella Organization|MO Cinderella","false","generated"
"cinderella-mt-main","cinderella","Montana Cinderella","","State","Montana","MT","montana cinderella","Montana Cinderella|Montana Cinderella Pageant|Montana Cinderella Organization|MT Cinderella","false","generated"
"cinderella-ne-main","cinderella","Nebraska Cinderella","","State","Nebraska","NE","nebraska cinderella","Nebraska Cinderella|Nebraska Cinderella Pageant|Nebraska Cinderella Organization|NE Cinderella","false","generated"
"cinderella-nv-main","cinderella","Nevada Cinderella","","State","Nevada","NV","nevada cinderella","Nevada Cinderella|Nevada Cinderella Pageant|Nevada Cinderella Organization|NV Cinderella","false","generated"
"cinderella-nh-main","cinderella","New Hampshire Cinderella","","State","New Hampshire","NH","new hampshire cinderella","New Hampshire Cinderella|New Hampshire Cinderella Pageant|New Hampshire Cinderella Organization|NH Cinderella","false","generated"
"cinderella-nj-main","cinderella","New Jersey Cinderella","","State","New Jersey","NJ","new jersey cinderella","New Jersey Cinderella|New Jersey Cinderella Pageant|New Jersey Cinderella Organization|NJ Cinderella","false","generated"
"cinderella-nm-main","cinderella","New Mexico Cinderella","","State","New Mexico","NM","new mexico cinderella","New Mexico Cinderella|New Mexico Cinderella Pageant|New Mexico Cinderella Organization|NM Cinderella","false","generated"
"cinderella-ny-main","cinderella","New York Cinderella","","State","New York","NY","new york cinderella","New York Cinderella|New York Cinderella Pageant|New York Cinderella Organization|NY Cinderella","false","generated"
"cinderella-nc-main","cinderella","North Carolina Cinderella","","State","North Carolina","NC","north carolina cinderella","North Carolina Cinderella|North Carolina Cinderella Pageant|North Carolina Cinderella Organization|NC Cinderella","false","generated"
"cinderella-nd-main","cinderella","North Dakota Cinderella","","State","North Dakota","ND","north dakota cinderella","North Dakota Cinderella|North Dakota Cinderella Pageant|North Dakota Cinderella Organization|ND Cinderella","false","generated"
"cinderella-oh-main","cinderella","Ohio Cinderella","","State","Ohio","OH","ohio cinderella","Ohio Cinderella|Ohio Cinderella Pageant|Ohio Cinderella Organization|OH Cinderella","false","generated"
"cinderella-ok-main","cinderella","Oklahoma Cinderella","","State","Oklahoma","OK","oklahoma cinderella","Oklahoma Cinderella|Oklahoma Cinderella Pageant|Oklahoma Cinderella Organization|OK Cinderella","false","generated"
"cinderella-or-main","cinderella","Oregon Cinderella","","State","Oregon","OR","oregon cinderella","Oregon Cinderella|Oregon Cinderella Pageant|Oregon Cinderella Organization|OR Cinderella","false","generated"
"cinderella-pa-main","cinderella","Pennsylvania Cinderella","","State","Pennsylvania","PA","pennsylvania cinderella","Pennsylvania Cinderella|Pennsylvania Cinderella Pageant|Pennsylvania Cinderella Organization|PA Cinderella","false","generated"
"cinderella-ri-main","cinderella","Rhode Island Cinderella","","State","Rhode Island","RI","rhode island cinderella","Rhode Island Cinderella|Rhode Island Cinderella Pageant|Rhode Island Cinderella Organization|RI Cinderella","false","generated"
"cinderella-sc-main","cinderella","South Carolina Cinderella","","State","South Carolina","SC","south carolina cinderella","South Carolina Cinderella|South Carolina Cinderella Pageant|South Carolina Cinderella Organization|SC Cinderella","false","generated"
"cinderella-sd-main","cinderella","South Dakota Cinderella","","State","South Dakota","SD","south dakota cinderella","South Dakota Cinderella|South Dakota Cinderella Pageant|South Dakota Cinderella Organization|SD Cinderella","false","generated"
"cinderella-tn-main","cinderella","Tennessee Cinderella","","State","Tennessee","TN","tennessee cinderella","Tennessee Cinderella|Tennessee Cinderella Pageant|Tennessee Cinderella Organization|TN Cinderella","false","generated"
"cinderella-tx-main","cinderella","Texas Cinderella","","State","Texas","TX","texas cinderella","Texas Cinderella|Texas Cinderella Pageant|Texas Cinderella Organization|TX Cinderella","false","generated"
"cinderella-ut-main","cinderella","Utah Cinderella","","State","Utah","UT","utah cinderella","Utah Cinderella|Utah Cinderella Pageant|Utah Cinderella Organization|UT Cinderella","false","generated"
"cinderella-vt-main","cinderella","Vermont Cinderella","","State","Vermont","VT","vermont cinderella","Vermont Cinderella|Vermont Cinderella Pageant|Vermont Cinderella Organization|VT Cinderella","false","generated"
"cinderella-va-main","cinderella","Virginia Cinderella","","State","Virginia","VA","virginia cinderella","Virginia Cinderella|Virginia Cinderella Pageant|Virginia Cinderella Organization|VA Cinderella","false","generated"
"cinderella-wa-main","cinderella","Washington Cinderella","","State","Washington","WA","washington cinderella","Washington Cinderella|Washington Cinderella Pageant|Washington Cinderella Organization|WA Cinderella","false","generated"
"cinderella-wv-main","cinderella","West Virginia Cinderella","","State","West Virginia","WV","west virginia cinderella","West Virginia Cinderella|West Virginia Cinderella Pageant|West Virginia Cinderella Organization|WV Cinderella","false","generated"
"cinderella-wi-main","cinderella","Wisconsin Cinderella","","State","Wisconsin","WI","wisconsin cinderella","Wisconsin Cinderella|Wisconsin Cinderella Pageant|Wisconsin Cinderella Organization|WI Cinderella","false","generated"
"cinderella-wy-main","cinderella","Wyoming Cinderella","","State","Wyoming","WY","wyoming cinderella","Wyoming Cinderella|Wyoming Cinderella Pageant|Wyoming Cinderella Organization|WY Cinderella","false","generated"
"cinderella-dc-main","cinderella","District of Columbia Cinderella","","State","District of Columbia","DC","district of columbia cinderella","District of Columbia Cinderella|District of Columbia Cinderella Pageant|District of Columbia Cinderella Organization|DC Cinderella","false","generated"
"cinderella-pr-main","cinderella","Puerto Rico Cinderella","","State","Puerto Rico","PR","puerto rico cinderella","Puerto Rico Cinderella|Puerto Rico Cinderella Pageant|Puerto Rico Cinderella Organization|PR Cinderella","false","generated"
"ms-senior-america-al-main","ms-senior-america","Ms. Alabama Senior America","","State","Alabama","AL","ms alabama senior america","Ms. Alabama Senior America|Ms Alabama Senior America|Ms. Alabama Senior America Pageant|Ms. Alabama Senior America Organization|Ms. AL Senior America|Alabama Ms. Senior America|Ms. Senior America Alabama|Alabama MSA|MSA Alabama|Alabama Ms. Senior","false","generated"
"ms-senior-america-ak-main","ms-senior-america","Ms. Alaska Senior America","","State","Alaska","AK","ms alaska senior america","Ms. Alaska Senior America|Ms Alaska Senior America|Ms. Alaska Senior America Pageant|Ms. Alaska Senior America Organization|Ms. AK Senior America|Alaska Ms. Senior America|Ms. Senior America Alaska|Alaska MSA|MSA Alaska|Alaska Ms. Senior","false","generated"
"ms-senior-america-az-main","ms-senior-america","Ms. Arizona Senior America","","State","Arizona","AZ","ms arizona senior america","Ms. Arizona Senior America|Ms Arizona Senior America|Ms. Arizona Senior America Pageant|Ms. Arizona Senior America Organization|Ms. AZ Senior America|Arizona Ms. Senior America|Ms. Senior America Arizona|Arizona MSA|MSA Arizona|Arizona Ms. Senior","false","generated"
"ms-senior-america-ar-main","ms-senior-america","Ms. Arkansas Senior America","","State","Arkansas","AR","ms arkansas senior america","Ms. Arkansas Senior America|Ms Arkansas Senior America|Ms. Arkansas Senior America Pageant|Ms. Arkansas Senior America Organization|Ms. AR Senior America|Arkansas Ms. Senior America|Ms. Senior America Arkansas|Arkansas MSA|MSA Arkansas|Arkansas Ms. Senior","false","generated"
"ms-senior-america-ca-main","ms-senior-america","Ms. California Senior America","","State","California","CA","ms california senior america","Ms. California Senior America|Ms California Senior America|Ms. California Senior America Pageant|Ms. California Senior America Organization|Ms. CA Senior America|California Ms. Senior America|Ms. Senior America California|California MSA|MSA California|California Ms. Senior","false","generated"
"ms-senior-america-co-main","ms-senior-america","Ms. Colorado Senior America","","State","Colorado","CO","ms colorado senior america","Ms. Colorado Senior America|Ms Colorado Senior America|Ms. Colorado Senior America Pageant|Ms. Colorado Senior America Organization|Ms. CO Senior America|Colorado Ms. Senior America|Ms. Senior America Colorado|Colorado MSA|MSA Colorado|Colorado Ms. Senior","false","generated"
"ms-senior-america-ct-main","ms-senior-america","Ms. Connecticut Senior America","","State","Connecticut","CT","ms connecticut senior america","Ms. Connecticut Senior America|Ms Connecticut Senior America|Ms. Connecticut Senior America Pageant|Ms. Connecticut Senior America Organization|Ms. CT Senior America|Connecticut Ms. Senior America|Ms. Senior America Connecticut|Connecticut MSA|MSA Connecticut|Connecticut Ms. Senior","false","generated"
"ms-senior-america-de-main","ms-senior-america","Ms. Delaware Senior America","","State","Delaware","DE","ms delaware senior america","Ms. Delaware Senior America|Ms Delaware Senior America|Ms. Delaware Senior America Pageant|Ms. Delaware Senior America Organization|Ms. DE Senior America|Delaware Ms. Senior America|Ms. Senior America Delaware|Delaware MSA|MSA Delaware|Delaware Ms. Senior","false","generated"
"ms-senior-america-fl-main","ms-senior-america","Ms. Florida Senior America","","State","Florida","FL","ms florida senior america","Ms. Florida Senior America|Ms Florida Senior America|Ms. Florida Senior America Pageant|Ms. Florida Senior America Organization|Ms. FL Senior America|Florida Ms. Senior America|Ms. Senior America Florida|Florida MSA|MSA Florida|Florida Ms. Senior","false","generated"
"ms-senior-america-ga-main","ms-senior-america","Ms. Georgia Senior America","","State","Georgia","GA","ms georgia senior america","Ms. Georgia Senior America|Ms Georgia Senior America|Ms. Georgia Senior America Pageant|Ms. Georgia Senior America Organization|Ms. GA Senior America|Georgia Ms. Senior America|Ms. Senior America Georgia|Georgia MSA|MSA Georgia|Georgia Ms. Senior","false","generated"
"ms-senior-america-hi-main","ms-senior-america","Ms. Hawaii Senior America","","State","Hawaii","HI","ms hawaii senior america","Ms. Hawaii Senior America|Ms Hawaii Senior America|Ms. Hawaii Senior America Pageant|Ms. Hawaii Senior America Organization|Ms. HI Senior America|Hawaii Ms. Senior America|Ms. Senior America Hawaii|Hawaii MSA|MSA Hawaii|Hawaii Ms. Senior","false","generated"
"ms-senior-america-id-main","ms-senior-america","Ms. Idaho Senior America","","State","Idaho","ID","ms idaho senior america","Ms. Idaho Senior America|Ms Idaho Senior America|Ms. Idaho Senior America Pageant|Ms. Idaho Senior America Organization|Ms. ID Senior America|Idaho Ms. Senior America|Ms. Senior America Idaho|Idaho MSA|MSA Idaho|Idaho Ms. Senior","false","generated"
"ms-senior-america-il-main","ms-senior-america","Ms. Illinois Senior America","","State","Illinois","IL","ms illinois senior america","Ms. Illinois Senior America|Ms Illinois Senior America|Ms. Illinois Senior America Pageant|Ms. Illinois Senior America Organization|Ms. IL Senior America|Illinois Ms. Senior America|Ms. Senior America Illinois|Illinois MSA|MSA Illinois|Illinois Ms. Senior","false","generated"
"ms-senior-america-in-main","ms-senior-america","Ms. Indiana Senior America","","State","Indiana","IN","ms indiana senior america","Ms. Indiana Senior America|Ms Indiana Senior America|Ms. Indiana Senior America Pageant|Ms. Indiana Senior America Organization|Ms. IN Senior America|Indiana Ms. Senior America|Ms. Senior America Indiana|Indiana MSA|MSA Indiana|Indiana Ms. Senior","false","generated"
"ms-senior-america-ia-main","ms-senior-america","Ms. Iowa Senior America","","State","Iowa","IA","ms iowa senior america","Ms. Iowa Senior America|Ms Iowa Senior America|Ms. Iowa Senior America Pageant|Ms. Iowa Senior America Organization|Ms. IA Senior America|Iowa Ms. Senior America|Ms. Senior America Iowa|Iowa MSA|MSA Iowa|Iowa Ms. Senior","false","generated"
"ms-senior-america-ks-main","ms-senior-america","Ms. Kansas Senior America","","State","Kansas","KS","ms kansas senior america","Ms. Kansas Senior America|Ms Kansas Senior America|Ms. Kansas Senior America Pageant|Ms. Kansas Senior America Organization|Ms. KS Senior America|Kansas Ms. Senior America|Ms. Senior America Kansas|Kansas MSA|MSA Kansas|Kansas Ms. Senior","false","generated"
"ms-senior-america-ky-main","ms-senior-america","Ms. Kentucky Senior America","","State","Kentucky","KY","ms kentucky senior america","Ms. Kentucky Senior America|Ms Kentucky Senior America|Ms. Kentucky Senior America Pageant|Ms. Kentucky Senior America Organization|Ms. KY Senior America|Kentucky Ms. Senior America|Ms. Senior America Kentucky|Kentucky MSA|MSA Kentucky|Kentucky Ms. Senior","false","generated"
"ms-senior-america-la-main","ms-senior-america","Ms. Louisiana Senior America","","State","Louisiana","LA","ms louisiana senior america","Ms. Louisiana Senior America|Ms Louisiana Senior America|Ms. Louisiana Senior America Pageant|Ms. Louisiana Senior America Organization|Ms. LA Senior America|Louisiana Ms. Senior America|Ms. Senior America Louisiana|Louisiana MSA|MSA Louisiana|Louisiana Ms. Senior","false","generated"
"ms-senior-america-me-main","ms-senior-america","Ms. Maine Senior America","","State","Maine","ME","ms maine senior america","Ms. Maine Senior America|Ms Maine Senior America|Ms. Maine Senior America Pageant|Ms. Maine Senior America Organization|Ms. ME Senior America|Maine Ms. Senior America|Ms. Senior America Maine|Maine MSA|MSA Maine|Maine Ms. Senior","false","generated"
"ms-senior-america-md-main","ms-senior-america","Ms. Maryland Senior America","","State","Maryland","MD","ms maryland senior america","Ms. Maryland Senior America|Ms Maryland Senior America|Ms. Maryland Senior America Pageant|Ms. Maryland Senior America Organization|Ms. MD Senior America|Maryland Ms. Senior America|Ms. Senior America Maryland|Maryland MSA|MSA Maryland|Maryland Ms. Senior","false","generated"
"ms-senior-america-ma-main","ms-senior-america","Ms. Massachusetts Senior America","","State","Massachusetts","MA","ms massachusetts senior america","Ms. Massachusetts Senior America|Ms Massachusetts Senior America|Ms. Massachusetts Senior America Pageant|Ms. Massachusetts Senior America Organization|Ms. MA Senior America|Massachusetts Ms. Senior America|Ms. Senior America Massachusetts|Massachusetts MSA|MSA Massachusetts|Massachusetts Ms. Senior","false","generated"
"ms-senior-america-mi-main","ms-senior-america","Ms. Michigan Senior America","","State","Michigan","MI","ms michigan senior america","Ms. Michigan Senior America|Ms Michigan Senior America|Ms. Michigan Senior America Pageant|Ms. Michigan Senior America Organization|Ms. MI Senior America|Michigan Ms. Senior America|Ms. Senior America Michigan|Michigan MSA|MSA Michigan|Michigan Ms. Senior","false","generated"
"ms-senior-america-mn-main","ms-senior-america","Ms. Minnesota Senior America","","State","Minnesota","MN","ms minnesota senior america","Ms. Minnesota Senior America|Ms Minnesota Senior America|Ms. Minnesota Senior America Pageant|Ms. Minnesota Senior America Organization|Ms. MN Senior America|Minnesota Ms. Senior America|Ms. Senior America Minnesota|Minnesota MSA|MSA Minnesota|Minnesota Ms. Senior","false","generated"
"ms-senior-america-ms-main","ms-senior-america","Ms. Mississippi Senior America","","State","Mississippi","MS","ms mississippi senior america","Ms. Mississippi Senior America|Ms Mississippi Senior America|Ms. Mississippi Senior America Pageant|Ms. Mississippi Senior America Organization|Ms. MS Senior America|Mississippi Ms. Senior America|Ms. Senior America Mississippi|Mississippi MSA|MSA Mississippi|Mississippi Ms. Senior","false","generated"
"ms-senior-america-mo-main","ms-senior-america","Ms. Missouri Senior America","","State","Missouri","MO","ms missouri senior america","Ms. Missouri Senior America|Ms Missouri Senior America|Ms. Missouri Senior America Pageant|Ms. Missouri Senior America Organization|Ms. MO Senior America|Missouri Ms. Senior America|Ms. Senior America Missouri|Missouri MSA|MSA Missouri|Missouri Ms. Senior","false","generated"
"ms-senior-america-mt-main","ms-senior-america","Ms. Montana Senior America","","State","Montana","MT","ms montana senior america","Ms. Montana Senior America|Ms Montana Senior America|Ms. Montana Senior America Pageant|Ms. Montana Senior America Organization|Ms. MT Senior America|Montana Ms. Senior America|Ms. Senior America Montana|Montana MSA|MSA Montana|Montana Ms. Senior","false","generated"
"ms-senior-america-ne-main","ms-senior-america","Ms. Nebraska Senior America","","State","Nebraska","NE","ms nebraska senior america","Ms. Nebraska Senior America|Ms Nebraska Senior America|Ms. Nebraska Senior America Pageant|Ms. Nebraska Senior America Organization|Ms. NE Senior America|Nebraska Ms. Senior America|Ms. Senior America Nebraska|Nebraska MSA|MSA Nebraska|Nebraska Ms. Senior","false","generated"
"ms-senior-america-nv-main","ms-senior-america","Ms. Nevada Senior America","","State","Nevada","NV","ms nevada senior america","Ms. Nevada Senior America|Ms Nevada Senior America|Ms. Nevada Senior America Pageant|Ms. Nevada Senior America Organization|Ms. NV Senior America|Nevada Ms. Senior America|Ms. Senior America Nevada|Nevada MSA|MSA Nevada|Nevada Ms. Senior","false","generated"
"ms-senior-america-nh-main","ms-senior-america","Ms. New Hampshire Senior America","","State","New Hampshire","NH","ms new hampshire senior america","Ms. New Hampshire Senior America|Ms New Hampshire Senior America|Ms. New Hampshire Senior America Pageant|Ms. New Hampshire Senior America Organization|Ms. NH Senior America|New Hampshire Ms. Senior America|Ms. Senior America New Hampshire|New Hampshire MSA|MSA New Hampshire|New Hampshire Ms. Senior","false","generated"
"ms-senior-america-nj-main","ms-senior-america","Ms. New Jersey Senior America","","State","New Jersey","NJ","ms new jersey senior america","Ms. New Jersey Senior America|Ms New Jersey Senior America|Ms. New Jersey Senior America Pageant|Ms. New Jersey Senior America Organization|Ms. NJ Senior America|New Jersey Ms. Senior America|Ms. Senior America New Jersey|New Jersey MSA|MSA New Jersey|New Jersey Ms. Senior","false","generated"
"ms-senior-america-nm-main","ms-senior-america","Ms. New Mexico Senior America","","State","New Mexico","NM","ms new mexico senior america","Ms. New Mexico Senior America|Ms New Mexico Senior America|Ms. New Mexico Senior America Pageant|Ms. New Mexico Senior America Organization|Ms. NM Senior America|New Mexico Ms. Senior America|Ms. Senior America New Mexico|New Mexico MSA|MSA New Mexico|New Mexico Ms. Senior","false","generated"
"ms-senior-america-ny-main","ms-senior-america","Ms. New York Senior America","","State","New York","NY","ms new york senior america","Ms. New York Senior America|Ms New York Senior America|Ms. New York Senior America Pageant|Ms. New York Senior America Organization|Ms. NY Senior America|New York Ms. Senior America|Ms. Senior America New York|New York MSA|MSA New York|New York Ms. Senior","false","generated"
"ms-senior-america-nc-main","ms-senior-america","Ms. North Carolina Senior America","","State","North Carolina","NC","ms north carolina senior america","Ms. North Carolina Senior America|Ms North Carolina Senior America|Ms. North Carolina Senior America Pageant|Ms. North Carolina Senior America Organization|Ms. NC Senior America|North Carolina Ms. Senior America|Ms. Senior America North Carolina|North Carolina MSA|MSA North Carolina|North Carolina Ms. Senior","false","generated"
"ms-senior-america-nd-main","ms-senior-america","Ms. North Dakota Senior America","","State","North Dakota","ND","ms north dakota senior america","Ms. North Dakota Senior America|Ms North Dakota Senior America|Ms. North Dakota Senior America Pageant|Ms. North Dakota Senior America Organization|Ms. ND Senior America|North Dakota Ms. Senior America|Ms. Senior America North Dakota|North Dakota MSA|MSA North Dakota|North Dakota Ms. Senior","false","generated"
"ms-senior-america-oh-main","ms-senior-america","Ms. Ohio Senior America","","State","Ohio","OH","ms ohio senior america","Ms. Ohio Senior America|Ms Ohio Senior America|Ms. Ohio Senior America Pageant|Ms. Ohio Senior America Organization|Ms. OH Senior America|Ohio Ms. Senior America|Ms. Senior America Ohio|Ohio MSA|MSA Ohio|Ohio Ms. Senior","false","generated"
"ms-senior-america-ok-main","ms-senior-america","Ms. Oklahoma Senior America","","State","Oklahoma","OK","ms oklahoma senior america","Ms. Oklahoma Senior America|Ms Oklahoma Senior America|Ms. Oklahoma Senior America Pageant|Ms. Oklahoma Senior America Organization|Ms. OK Senior America|Oklahoma Ms. Senior America|Ms. Senior America Oklahoma|Oklahoma MSA|MSA Oklahoma|Oklahoma Ms. Senior","false","generated"
"ms-senior-america-or-main","ms-senior-america","Ms. Oregon Senior America","","State","Oregon","OR","ms oregon senior america","Ms. Oregon Senior America|Ms Oregon Senior America|Ms. Oregon Senior America Pageant|Ms. Oregon Senior America Organization|Ms. OR Senior America|Oregon Ms. Senior America|Ms. Senior America Oregon|Oregon MSA|MSA Oregon|Oregon Ms. Senior","false","generated"
"ms-senior-america-pa-main","ms-senior-america","Ms. Pennsylvania Senior America","","State","Pennsylvania","PA","ms pennsylvania senior america","Ms. Pennsylvania Senior America|Ms Pennsylvania Senior America|Ms. Pennsylvania Senior America Pageant|Ms. Pennsylvania Senior America Organization|Ms. PA Senior America|Pennsylvania Ms. Senior America|Ms. Senior America Pennsylvania|Pennsylvania MSA|MSA Pennsylvania|Pennsylvania Ms. Senior","false","generated"
"ms-senior-america-ri-main","ms-senior-america","Ms. Rhode Island Senior America","","State","Rhode Island","RI","ms rhode island senior america","Ms. Rhode Island Senior America|Ms Rhode Island Senior America|Ms. Rhode Island Senior America Pageant|Ms. Rhode Island Senior America Organization|Ms. RI Senior America|Rhode Island Ms. Senior America|Ms. Senior America Rhode Island|Rhode Island MSA|MSA Rhode Island|Rhode Island Ms. Senior","false","generated"
"ms-senior-america-sc-main","ms-senior-america","Ms. South Carolina Senior America","","State","South Carolina","SC","ms south carolina senior america","Ms. South Carolina Senior America|Ms South Carolina Senior America|Ms. South Carolina Senior America Pageant|Ms. South Carolina Senior America Organization|Ms. SC Senior America|South Carolina Ms. Senior America|Ms. Senior America South Carolina|South Carolina MSA|MSA South Carolina|South Carolina Ms. Senior","false","generated"
"ms-senior-america-sd-main","ms-senior-america","Ms. South Dakota Senior America","","State","South Dakota","SD","ms south dakota senior america","Ms. South Dakota Senior America|Ms South Dakota Senior America|Ms. South Dakota Senior America Pageant|Ms. South Dakota Senior America Organization|Ms. SD Senior America|South Dakota Ms. Senior America|Ms. Senior America South Dakota|South Dakota MSA|MSA South Dakota|South Dakota Ms. Senior","false","generated"
"ms-senior-america-tn-main","ms-senior-america","Ms. Tennessee Senior America","","State","Tennessee","TN","ms tennessee senior america","Ms. Tennessee Senior America|Ms Tennessee Senior America|Ms. Tennessee Senior America Pageant|Ms. Tennessee Senior America Organization|Ms. TN Senior America|Tennessee Ms. Senior America|Ms. Senior America Tennessee|Tennessee MSA|MSA Tennessee|Tennessee Ms. Senior","false","generated"
"ms-senior-america-tx-main","ms-senior-america","Ms. Texas Senior America","","State","Texas","TX","ms texas senior america","Ms. Texas Senior America|Ms Texas Senior America|Ms. Texas Senior America Pageant|Ms. Texas Senior America Organization|Ms. TX Senior America|Texas Ms. Senior America|Ms. Senior America Texas|Texas MSA|MSA Texas|Texas Ms. Senior","false","generated"
"ms-senior-america-ut-main","ms-senior-america","Ms. Utah Senior America","","State","Utah","UT","ms utah senior america","Ms. Utah Senior America|Ms Utah Senior America|Ms. Utah Senior America Pageant|Ms. Utah Senior America Organization|Ms. UT Senior America|Utah Ms. Senior America|Ms. Senior America Utah|Utah MSA|MSA Utah|Utah Ms. Senior","false","generated"
"ms-senior-america-vt-main","ms-senior-america","Ms. Vermont Senior America","","State","Vermont","VT","ms vermont senior america","Ms. Vermont Senior America|Ms Vermont Senior America|Ms. Vermont Senior America Pageant|Ms. Vermont Senior America Organization|Ms. VT Senior America|Vermont Ms. Senior America|Ms. Senior America Vermont|Vermont MSA|MSA Vermont|Vermont Ms. Senior","false","generated"
"ms-senior-america-va-main","ms-senior-america","Ms. Virginia Senior America","","State","Virginia","VA","ms virginia senior america","Ms. Virginia Senior America|Ms Virginia Senior America|Ms. Virginia Senior America Pageant|Ms. Virginia Senior America Organization|Ms. VA Senior America|Virginia Ms. Senior America|Ms. Senior America Virginia|Virginia MSA|MSA Virginia|Virginia Ms. Senior","false","generated"
"ms-senior-america-wa-main","ms-senior-america","Ms. Washington Senior America","","State","Washington","WA","ms washington senior america","Ms. Washington Senior America|Ms Washington Senior America|Ms. Washington Senior America Pageant|Ms. Washington Senior America Organization|Ms. WA Senior America|Washington Ms. Senior America|Ms. Senior America Washington|Washington MSA|MSA Washington|Washington Ms. Senior","false","generated"
"ms-senior-america-wv-main","ms-senior-america","Ms. West Virginia Senior America","","State","West Virginia","WV","ms west virginia senior america","Ms. West Virginia Senior America|Ms West Virginia Senior America|Ms. West Virginia Senior America Pageant|Ms. West Virginia Senior America Organization|Ms. WV Senior America|West Virginia Ms. Senior America|Ms. Senior America West Virginia|West Virginia MSA|MSA West Virginia|West Virginia Ms. Senior","false","generated"
"ms-senior-america-wi-main","ms-senior-america","Ms. Wisconsin Senior America","","State","Wisconsin","WI","ms wisconsin senior america","Ms. Wisconsin Senior America|Ms Wisconsin Senior America|Ms. Wisconsin Senior America Pageant|Ms. Wisconsin Senior America Organization|Ms. WI Senior America|Wisconsin Ms. Senior America|Ms. Senior America Wisconsin|Wisconsin MSA|MSA Wisconsin|Wisconsin Ms. Senior","false","generated"
"ms-senior-america-wy-main","ms-senior-america","Ms. Wyoming Senior America","","State","Wyoming","WY","ms wyoming senior america","Ms. Wyoming Senior America|Ms Wyoming Senior America|Ms. Wyoming Senior America Pageant|Ms. Wyoming Senior America Organization|Ms. WY Senior America|Wyoming Ms. Senior America|Ms. Senior America Wyoming|Wyoming MSA|MSA Wyoming|Wyoming Ms. Senior","false","generated"
"ms-senior-america-dc-main","ms-senior-america","Ms. District of Columbia Senior America","","State","District of Columbia","DC","ms district of columbia senior america","Ms. District of Columbia Senior America|Ms District of Columbia Senior America|Ms. District of Columbia Senior America Pageant|Ms. District of Columbia Senior America Organization|Ms. DC Senior America|District of Columbia Ms. Senior America|Ms. Senior America District of Columbia|District of Columbia MSA|MSA District of Columbia|District of Columbia Ms. Senior","false","generated"
"ms-senior-america-pr-main","ms-senior-america","Ms. Puerto Rico Senior America","","State","Puerto Rico","PR","ms puerto rico senior america","Ms. Puerto Rico Senior America|Ms Puerto Rico Senior America|Ms. Puerto Rico Senior America Pageant|Ms. Puerto Rico Senior America Organization|Ms. PR Senior America|Puerto Rico Ms. Senior America|Ms. Senior America Puerto Rico|Puerto Rico MSA|MSA Puerto Rico|Puerto Rico Ms. Senior","false","generated"
"miss-amazing-al-main","miss-amazing","Alabama Miss Amazing","","State","Alabama","AL","alabama miss amazing","Alabama Miss Amazing|Alabama Miss Amazing Pageant|Alabama Miss Amazing Organization|AL Miss Amazing","false","generated"
"miss-amazing-ak-main","miss-amazing","Alaska Miss Amazing","","State","Alaska","AK","alaska miss amazing","Alaska Miss Amazing|Alaska Miss Amazing Pageant|Alaska Miss Amazing Organization|AK Miss Amazing","false","generated"
"miss-amazing-az-main","miss-amazing","Arizona Miss Amazing","","State","Arizona","AZ","arizona miss amazing","Arizona Miss Amazing|Arizona Miss Amazing Pageant|Arizona Miss Amazing Organization|AZ Miss Amazing","false","generated"
"miss-amazing-ar-main","miss-amazing","Arkansas Miss Amazing","","State","Arkansas","AR","arkansas miss amazing","Arkansas Miss Amazing|Arkansas Miss Amazing Pageant|Arkansas Miss Amazing Organization|AR Miss Amazing","false","generated"
"miss-amazing-ca-main","miss-amazing","California Miss Amazing","","State","California","CA","california miss amazing","California Miss Amazing|California Miss Amazing Pageant|California Miss Amazing Organization|CA Miss Amazing","false","generated"
"miss-amazing-co-main","miss-amazing","Colorado Miss Amazing","","State","Colorado","CO","colorado miss amazing","Colorado Miss Amazing|Colorado Miss Amazing Pageant|Colorado Miss Amazing Organization|CO Miss Amazing","false","generated"
"miss-amazing-ct-main","miss-amazing","Connecticut Miss Amazing","","State","Connecticut","CT","connecticut miss amazing","Connecticut Miss Amazing|Connecticut Miss Amazing Pageant|Connecticut Miss Amazing Organization|CT Miss Amazing","false","generated"
"miss-amazing-de-main","miss-amazing","Delaware Miss Amazing","","State","Delaware","DE","delaware miss amazing","Delaware Miss Amazing|Delaware Miss Amazing Pageant|Delaware Miss Amazing Organization|DE Miss Amazing","false","generated"
"miss-amazing-fl-main","miss-amazing","Florida Miss Amazing","","State","Florida","FL","florida miss amazing","Florida Miss Amazing|Florida Miss Amazing Pageant|Florida Miss Amazing Organization|FL Miss Amazing","false","generated"
"miss-amazing-ga-main","miss-amazing","Georgia Miss Amazing","","State","Georgia","GA","georgia miss amazing","Georgia Miss Amazing|Georgia Miss Amazing Pageant|Georgia Miss Amazing Organization|GA Miss Amazing","false","generated"
"miss-amazing-hi-main","miss-amazing","Hawaii Miss Amazing","","State","Hawaii","HI","hawaii miss amazing","Hawaii Miss Amazing|Hawaii Miss Amazing Pageant|Hawaii Miss Amazing Organization|HI Miss Amazing","false","generated"
"miss-amazing-id-main","miss-amazing","Idaho Miss Amazing","","State","Idaho","ID","idaho miss amazing","Idaho Miss Amazing|Idaho Miss Amazing Pageant|Idaho Miss Amazing Organization|ID Miss Amazing","false","generated"
"miss-amazing-il-main","miss-amazing","Illinois Miss Amazing","","State","Illinois","IL","illinois miss amazing","Illinois Miss Amazing|Illinois Miss Amazing Pageant|Illinois Miss Amazing Organization|IL Miss Amazing","false","generated"
"miss-amazing-in-main","miss-amazing","Indiana Miss Amazing","","State","Indiana","IN","indiana miss amazing","Indiana Miss Amazing|Indiana Miss Amazing Pageant|Indiana Miss Amazing Organization|IN Miss Amazing","false","generated"
"miss-amazing-ia-main","miss-amazing","Iowa Miss Amazing","","State","Iowa","IA","iowa miss amazing","Iowa Miss Amazing|Iowa Miss Amazing Pageant|Iowa Miss Amazing Organization|IA Miss Amazing","false","generated"
"miss-amazing-ks-main","miss-amazing","Kansas Miss Amazing","","State","Kansas","KS","kansas miss amazing","Kansas Miss Amazing|Kansas Miss Amazing Pageant|Kansas Miss Amazing Organization|KS Miss Amazing","false","generated"
"miss-amazing-ky-main","miss-amazing","Kentucky Miss Amazing","","State","Kentucky","KY","kentucky miss amazing","Kentucky Miss Amazing|Kentucky Miss Amazing Pageant|Kentucky Miss Amazing Organization|KY Miss Amazing","false","generated"
"miss-amazing-la-main","miss-amazing","Louisiana Miss Amazing","","State","Louisiana","LA","louisiana miss amazing","Louisiana Miss Amazing|Louisiana Miss Amazing Pageant|Louisiana Miss Amazing Organization|LA Miss Amazing","false","generated"
"miss-amazing-me-main","miss-amazing","Maine Miss Amazing","","State","Maine","ME","maine miss amazing","Maine Miss Amazing|Maine Miss Amazing Pageant|Maine Miss Amazing Organization|ME Miss Amazing","false","generated"
"miss-amazing-md-main","miss-amazing","Maryland Miss Amazing","","State","Maryland","MD","maryland miss amazing","Maryland Miss Amazing|Maryland Miss Amazing Pageant|Maryland Miss Amazing Organization|MD Miss Amazing","false","generated"
"miss-amazing-ma-main","miss-amazing","Massachusetts Miss Amazing","","State","Massachusetts","MA","massachusetts miss amazing","Massachusetts Miss Amazing|Massachusetts Miss Amazing Pageant|Massachusetts Miss Amazing Organization|MA Miss Amazing","false","generated"
"miss-amazing-mi-main","miss-amazing","Michigan Miss Amazing","","State","Michigan","MI","michigan miss amazing","Michigan Miss Amazing|Michigan Miss Amazing Pageant|Michigan Miss Amazing Organization|MI Miss Amazing","false","generated"
"miss-amazing-mn-main","miss-amazing","Minnesota Miss Amazing","","State","Minnesota","MN","minnesota miss amazing","Minnesota Miss Amazing|Minnesota Miss Amazing Pageant|Minnesota Miss Amazing Organization|MN Miss Amazing","false","generated"
"miss-amazing-ms-main","miss-amazing","Mississippi Miss Amazing","","State","Mississippi","MS","mississippi miss amazing","Mississippi Miss Amazing|Mississippi Miss Amazing Pageant|Mississippi Miss Amazing Organization|MS Miss Amazing","false","generated"
"miss-amazing-mo-main","miss-amazing","Missouri Miss Amazing","","State","Missouri","MO","missouri miss amazing","Missouri Miss Amazing|Missouri Miss Amazing Pageant|Missouri Miss Amazing Organization|MO Miss Amazing","false","generated"
"miss-amazing-mt-main","miss-amazing","Montana Miss Amazing","","State","Montana","MT","montana miss amazing","Montana Miss Amazing|Montana Miss Amazing Pageant|Montana Miss Amazing Organization|MT Miss Amazing","false","generated"
"miss-amazing-ne-main","miss-amazing","Nebraska Miss Amazing","","State","Nebraska","NE","nebraska miss amazing","Nebraska Miss Amazing|Nebraska Miss Amazing Pageant|Nebraska Miss Amazing Organization|NE Miss Amazing","false","generated"
"miss-amazing-nv-main","miss-amazing","Nevada Miss Amazing","","State","Nevada","NV","nevada miss amazing","Nevada Miss Amazing|Nevada Miss Amazing Pageant|Nevada Miss Amazing Organization|NV Miss Amazing","false","generated"
"miss-amazing-nh-main","miss-amazing","New Hampshire Miss Amazing","","State","New Hampshire","NH","new hampshire miss amazing","New Hampshire Miss Amazing|New Hampshire Miss Amazing Pageant|New Hampshire Miss Amazing Organization|NH Miss Amazing","false","generated"
"miss-amazing-nj-main","miss-amazing","New Jersey Miss Amazing","","State","New Jersey","NJ","new jersey miss amazing","New Jersey Miss Amazing|New Jersey Miss Amazing Pageant|New Jersey Miss Amazing Organization|NJ Miss Amazing","false","generated"
"miss-amazing-nm-main","miss-amazing","New Mexico Miss Amazing","","State","New Mexico","NM","new mexico miss amazing","New Mexico Miss Amazing|New Mexico Miss Amazing Pageant|New Mexico Miss Amazing Organization|NM Miss Amazing","false","generated"
"miss-amazing-ny-main","miss-amazing","New York Miss Amazing","","State","New York","NY","new york miss amazing","New York Miss Amazing|New York Miss Amazing Pageant|New York Miss Amazing Organization|NY Miss Amazing","false","generated"
"miss-amazing-nc-main","miss-amazing","North Carolina Miss Amazing","","State","North Carolina","NC","north carolina miss amazing","North Carolina Miss Amazing|North Carolina Miss Amazing Pageant|North Carolina Miss Amazing Organization|NC Miss Amazing","false","generated"
"miss-amazing-nd-main","miss-amazing","North Dakota Miss Amazing","","State","North Dakota","ND","north dakota miss amazing","North Dakota Miss Amazing|North Dakota Miss Amazing Pageant|North Dakota Miss Amazing Organization|ND Miss Amazing","false","generated"
"miss-amazing-oh-main","miss-amazing","Ohio Miss Amazing","","State","Ohio","OH","ohio miss amazing","Ohio Miss Amazing|Ohio Miss Amazing Pageant|Ohio Miss Amazing Organization|OH Miss Amazing","false","generated"
"miss-amazing-ok-main","miss-amazing","Oklahoma Miss Amazing","","State","Oklahoma","OK","oklahoma miss amazing","Oklahoma Miss Amazing|Oklahoma Miss Amazing Pageant|Oklahoma Miss Amazing Organization|OK Miss Amazing","false","generated"
"miss-amazing-or-main","miss-amazing","Oregon Miss Amazing","","State","Oregon","OR","oregon miss amazing","Oregon Miss Amazing|Oregon Miss Amazing Pageant|Oregon Miss Amazing Organization|OR Miss Amazing","false","generated"
"miss-amazing-pa-main","miss-amazing","Pennsylvania Miss Amazing","","State","Pennsylvania","PA","pennsylvania miss amazing","Pennsylvania Miss Amazing|Pennsylvania Miss Amazing Pageant|Pennsylvania Miss Amazing Organization|PA Miss Amazing","false","generated"
"miss-amazing-ri-main","miss-amazing","Rhode Island Miss Amazing","","State","Rhode Island","RI","rhode island miss amazing","Rhode Island Miss Amazing|Rhode Island Miss Amazing Pageant|Rhode Island Miss Amazing Organization|RI Miss Amazing","false","generated"
"miss-amazing-sc-main","miss-amazing","South Carolina Miss Amazing","","State","South Carolina","SC","south carolina miss amazing","South Carolina Miss Amazing|South Carolina Miss Amazing Pageant|South Carolina Miss Amazing Organization|SC Miss Amazing","false","generated"
"miss-amazing-sd-main","miss-amazing","South Dakota Miss Amazing","","State","South Dakota","SD","south dakota miss amazing","South Dakota Miss Amazing|South Dakota Miss Amazing Pageant|South Dakota Miss Amazing Organization|SD Miss Amazing","false","generated"
"miss-amazing-tn-main","miss-amazing","Tennessee Miss Amazing","","State","Tennessee","TN","tennessee miss amazing","Tennessee Miss Amazing|Tennessee Miss Amazing Pageant|Tennessee Miss Amazing Organization|TN Miss Amazing","false","generated"
"miss-amazing-tx-main","miss-amazing","Texas Miss Amazing","","State","Texas","TX","texas miss amazing","Texas Miss Amazing|Texas Miss Amazing Pageant|Texas Miss Amazing Organization|TX Miss Amazing","false","generated"
"miss-amazing-ut-main","miss-amazing","Utah Miss Amazing","","State","Utah","UT","utah miss amazing","Utah Miss Amazing|Utah Miss Amazing Pageant|Utah Miss Amazing Organization|UT Miss Amazing","false","generated"
"miss-amazing-vt-main","miss-amazing","Vermont Miss Amazing","","State","Vermont","VT","vermont miss amazing","Vermont Miss Amazing|Vermont Miss Amazing Pageant|Vermont Miss Amazing Organization|VT Miss Amazing","false","generated"
"miss-amazing-va-main","miss-amazing","Virginia Miss Amazing","","State","Virginia","VA","virginia miss amazing","Virginia Miss Amazing|Virginia Miss Amazing Pageant|Virginia Miss Amazing Organization|VA Miss Amazing","false","generated"
"miss-amazing-wa-main","miss-amazing","Washington Miss Amazing","","State","Washington","WA","washington miss amazing","Washington Miss Amazing|Washington Miss Amazing Pageant|Washington Miss Amazing Organization|WA Miss Amazing","false","generated"
"miss-amazing-wv-main","miss-amazing","West Virginia Miss Amazing","","State","West Virginia","WV","west virginia miss amazing","West Virginia Miss Amazing|West Virginia Miss Amazing Pageant|West Virginia Miss Amazing Organization|WV Miss Amazing","false","generated"
"miss-amazing-wi-main","miss-amazing","Wisconsin Miss Amazing","","State","Wisconsin","WI","wisconsin miss amazing","Wisconsin Miss Amazing|Wisconsin Miss Amazing Pageant|Wisconsin Miss Amazing Organization|WI Miss Amazing","false","generated"
"miss-amazing-wy-main","miss-amazing","Wyoming Miss Amazing","","State","Wyoming","WY","wyoming miss amazing","Wyoming Miss Amazing|Wyoming Miss Amazing Pageant|Wyoming Miss Amazing Organization|WY Miss Amazing","false","generated"
"miss-amazing-dc-main","miss-amazing","District of Columbia Miss Amazing","","State","District of Columbia","DC","district of columbia miss amazing","District of Columbia Miss Amazing|District of Columbia Miss Amazing Pageant|District of Columbia Miss Amazing Organization|DC Miss Amazing","false","generated"
"miss-amazing-pr-main","miss-amazing","Puerto Rico Miss Amazing","","State","Puerto Rico","PR","puerto rico miss amazing","Puerto Rico Miss Amazing|Puerto Rico Miss Amazing Pageant|Puerto Rico Miss Amazing Organization|PR Miss Amazing","false","generated"
"miss-rodeo-america-al-main","miss-rodeo-america","Miss Rodeo Alabama","","State","Alabama","AL","miss rodeo alabama","Miss Rodeo Alabama|Miss Rodeo Alabama Pageant|Miss Rodeo Alabama Organization|Miss Rodeo AL|Alabama MRA|MRA Alabama","false","generated"
"miss-rodeo-america-ak-main","miss-rodeo-america","Miss Rodeo Alaska","","State","Alaska","AK","miss rodeo alaska","Miss Rodeo Alaska|Miss Rodeo Alaska Pageant|Miss Rodeo Alaska Organization|Miss Rodeo AK|Alaska MRA|MRA Alaska","false","generated"
"miss-rodeo-america-az-main","miss-rodeo-america","Miss Rodeo Arizona","","State","Arizona","AZ","miss rodeo arizona","Miss Rodeo Arizona|Miss Rodeo Arizona Pageant|Miss Rodeo Arizona Organization|Miss Rodeo AZ|Arizona MRA|MRA Arizona","false","generated"
"miss-rodeo-america-ar-main","miss-rodeo-america","Miss Rodeo Arkansas","","State","Arkansas","AR","miss rodeo arkansas","Miss Rodeo Arkansas|Miss Rodeo Arkansas Pageant|Miss Rodeo Arkansas Organization|Miss Rodeo AR|Arkansas MRA|MRA Arkansas","false","generated"
"miss-rodeo-america-ca-main","miss-rodeo-america","Miss Rodeo California","","State","California","CA","miss rodeo california","Miss Rodeo California|Miss Rodeo California Pageant|Miss Rodeo California Organization|Miss Rodeo CA|California MRA|MRA California","false","generated"
"miss-rodeo-america-co-main","miss-rodeo-america","Miss Rodeo Colorado","","State","Colorado","CO","miss rodeo colorado","Miss Rodeo Colorado|Miss Rodeo Colorado Pageant|Miss Rodeo Colorado Organization|Miss Rodeo CO|Colorado MRA|MRA Colorado","false","generated"
"miss-rodeo-america-ct-main","miss-rodeo-america","Miss Rodeo Connecticut","","State","Connecticut","CT","miss rodeo connecticut","Miss Rodeo Connecticut|Miss Rodeo Connecticut Pageant|Miss Rodeo Connecticut Organization|Miss Rodeo CT|Connecticut MRA|MRA Connecticut","false","generated"
"miss-rodeo-america-de-main","miss-rodeo-america","Miss Rodeo Delaware","","State","Delaware","DE","miss rodeo delaware","Miss Rodeo Delaware|Miss Rodeo Delaware Pageant|Miss Rodeo Delaware Organization|Miss Rodeo DE|Delaware MRA|MRA Delaware","false","generated"
"miss-rodeo-america-fl-main","miss-rodeo-america","Miss Rodeo Florida","","State","Florida","FL","miss rodeo florida","Miss Rodeo Florida|Miss Rodeo Florida Pageant|Miss Rodeo Florida Organization|Miss Rodeo FL|Florida MRA|MRA Florida","false","generated"
"miss-rodeo-america-ga-main","miss-rodeo-america","Miss Rodeo Georgia","","State","Georgia","GA","miss rodeo georgia","Miss Rodeo Georgia|Miss Rodeo Georgia Pageant|Miss Rodeo Georgia Organization|Miss Rodeo GA|Georgia MRA|MRA Georgia","false","generated"
"miss-rodeo-america-hi-main","miss-rodeo-america","Miss Rodeo Hawaii","","State","Hawaii","HI","miss rodeo hawaii","Miss Rodeo Hawaii|Miss Rodeo Hawaii Pageant|Miss Rodeo Hawaii Organization|Miss Rodeo HI|Hawaii MRA|MRA Hawaii","false","generated"
"miss-rodeo-america-id-main","miss-rodeo-america","Miss Rodeo Idaho","","State","Idaho","ID","miss rodeo idaho","Miss Rodeo Idaho|Miss Rodeo Idaho Pageant|Miss Rodeo Idaho Organization|Miss Rodeo ID|Idaho MRA|MRA Idaho","false","generated"
"miss-rodeo-america-il-main","miss-rodeo-america","Miss Rodeo Illinois","","State","Illinois","IL","miss rodeo illinois","Miss Rodeo Illinois|Miss Rodeo Illinois Pageant|Miss Rodeo Illinois Organization|Miss Rodeo IL|Illinois MRA|MRA Illinois","false","generated"
"miss-rodeo-america-in-main","miss-rodeo-america","Miss Rodeo Indiana","","State","Indiana","IN","miss rodeo indiana","Miss Rodeo Indiana|Miss Rodeo Indiana Pageant|Miss Rodeo Indiana Organization|Miss Rodeo IN|Indiana MRA|MRA Indiana","false","generated"
"miss-rodeo-america-ia-main","miss-rodeo-america","Miss Rodeo Iowa","","State","Iowa","IA","miss rodeo iowa","Miss Rodeo Iowa|Miss Rodeo Iowa Pageant|Miss Rodeo Iowa Organization|Miss Rodeo IA|Iowa MRA|MRA Iowa","false","generated"
"miss-rodeo-america-ks-main","miss-rodeo-america","Miss Rodeo Kansas","","State","Kansas","KS","miss rodeo kansas","Miss Rodeo Kansas|Miss Rodeo Kansas Pageant|Miss Rodeo Kansas Organization|Miss Rodeo KS|Kansas MRA|MRA Kansas","false","generated"
"miss-rodeo-america-ky-main","miss-rodeo-america","Miss Rodeo Kentucky","","State","Kentucky","KY","miss rodeo kentucky","Miss Rodeo Kentucky|Miss Rodeo Kentucky Pageant|Miss Rodeo Kentucky Organization|Miss Rodeo KY|Kentucky MRA|MRA Kentucky","false","generated"
"miss-rodeo-america-la-main","miss-rodeo-america","Miss Rodeo Louisiana","","State","Louisiana","LA","miss rodeo louisiana","Miss Rodeo Louisiana|Miss Rodeo Louisiana Pageant|Miss Rodeo Louisiana Organization|Miss Rodeo LA|Louisiana MRA|MRA Louisiana","false","generated"
"miss-rodeo-america-me-main","miss-rodeo-america","Miss Rodeo Maine","","State","Maine","ME","miss rodeo maine","Miss Rodeo Maine|Miss Rodeo Maine Pageant|Miss Rodeo Maine Organization|Miss Rodeo ME|Maine MRA|MRA Maine","false","generated"
"miss-rodeo-america-md-main","miss-rodeo-america","Miss Rodeo Maryland","","State","Maryland","MD","miss rodeo maryland","Miss Rodeo Maryland|Miss Rodeo Maryland Pageant|Miss Rodeo Maryland Organization|Miss Rodeo MD|Maryland MRA|MRA Maryland","false","generated"
"miss-rodeo-america-ma-main","miss-rodeo-america","Miss Rodeo Massachusetts","","State","Massachusetts","MA","miss rodeo massachusetts","Miss Rodeo Massachusetts|Miss Rodeo Massachusetts Pageant|Miss Rodeo Massachusetts Organization|Miss Rodeo MA|Massachusetts MRA|MRA Massachusetts","false","generated"
"miss-rodeo-america-mi-main","miss-rodeo-america","Miss Rodeo Michigan","","State","Michigan","MI","miss rodeo michigan","Miss Rodeo Michigan|Miss Rodeo Michigan Pageant|Miss Rodeo Michigan Organization|Miss Rodeo MI|Michigan MRA|MRA Michigan","false","generated"
"miss-rodeo-america-mn-main","miss-rodeo-america","Miss Rodeo Minnesota","","State","Minnesota","MN","miss rodeo minnesota","Miss Rodeo Minnesota|Miss Rodeo Minnesota Pageant|Miss Rodeo Minnesota Organization|Miss Rodeo MN|Minnesota MRA|MRA Minnesota","false","generated"
"miss-rodeo-america-ms-main","miss-rodeo-america","Miss Rodeo Mississippi","","State","Mississippi","MS","miss rodeo mississippi","Miss Rodeo Mississippi|Miss Rodeo Mississippi Pageant|Miss Rodeo Mississippi Organization|Miss Rodeo MS|Mississippi MRA|MRA Mississippi","false","generated"
"miss-rodeo-america-mo-main","miss-rodeo-america","Miss Rodeo Missouri","","State","Missouri","MO","miss rodeo missouri","Miss Rodeo Missouri|Miss Rodeo Missouri Pageant|Miss Rodeo Missouri Organization|Miss Rodeo MO|Missouri MRA|MRA Missouri","false","generated"
"miss-rodeo-america-mt-main","miss-rodeo-america","Miss Rodeo Montana","","State","Montana","MT","miss rodeo montana","Miss Rodeo Montana|Miss Rodeo Montana Pageant|Miss Rodeo Montana Organization|Miss Rodeo MT|Montana MRA|MRA Montana","false","generated"
"miss-rodeo-america-ne-main","miss-rodeo-america","Miss Rodeo Nebraska","","State","Nebraska","NE","miss rodeo nebraska","Miss Rodeo Nebraska|Miss Rodeo Nebraska Pageant|Miss Rodeo Nebraska Organization|Miss Rodeo NE|Nebraska MRA|MRA Nebraska","false","generated"
"miss-rodeo-america-nv-main","miss-rodeo-america","Miss Rodeo Nevada","","State","Nevada","NV","miss rodeo nevada","Miss Rodeo Nevada|Miss Rodeo Nevada Pageant|Miss Rodeo Nevada Organization|Miss Rodeo NV|Nevada MRA|MRA Nevada","false","generated"
"miss-rodeo-america-nh-main","miss-rodeo-america","Miss Rodeo New Hampshire","","State","New Hampshire","NH","miss rodeo new hampshire","Miss Rodeo New Hampshire|Miss Rodeo New Hampshire Pageant|Miss Rodeo New Hampshire Organization|Miss Rodeo NH|New Hampshire MRA|MRA New Hampshire","false","generated"
"miss-rodeo-america-nj-main","miss-rodeo-america","Miss Rodeo New Jersey","","State","New Jersey","NJ","miss rodeo new jersey","Miss Rodeo New Jersey|Miss Rodeo New Jersey Pageant|Miss Rodeo New Jersey Organization|Miss Rodeo NJ|New Jersey MRA|MRA New Jersey","false","generated"
"miss-rodeo-america-nm-main","miss-rodeo-america","Miss Rodeo New Mexico","","State","New Mexico","NM","miss rodeo new mexico","Miss Rodeo New Mexico|Miss Rodeo New Mexico Pageant|Miss Rodeo New Mexico Organization|Miss Rodeo NM|New Mexico MRA|MRA New Mexico","false","generated"
"miss-rodeo-america-ny-main","miss-rodeo-america","Miss Rodeo New York","","State","New York","NY","miss rodeo new york","Miss Rodeo New York|Miss Rodeo New York Pageant|Miss Rodeo New York Organization|Miss Rodeo NY|New York MRA|MRA New York","false","generated"
"miss-rodeo-america-nc-main","miss-rodeo-america","Miss Rodeo North Carolina","","State","North Carolina","NC","miss rodeo north carolina","Miss Rodeo North Carolina|Miss Rodeo North Carolina Pageant|Miss Rodeo North Carolina Organization|Miss Rodeo NC|North Carolina MRA|MRA North Carolina","false","generated"
"miss-rodeo-america-nd-main","miss-rodeo-america","Miss Rodeo North Dakota","","State","North Dakota","ND","miss rodeo north dakota","Miss Rodeo North Dakota|Miss Rodeo North Dakota Pageant|Miss Rodeo North Dakota Organization|Miss Rodeo ND|North Dakota MRA|MRA North Dakota","false","generated"
"miss-rodeo-america-oh-main","miss-rodeo-america","Miss Rodeo Ohio","","State","Ohio","OH","miss rodeo ohio","Miss Rodeo Ohio|Miss Rodeo Ohio Pageant|Miss Rodeo Ohio Organization|Miss Rodeo OH|Ohio MRA|MRA Ohio","false","generated"
"miss-rodeo-america-ok-main","miss-rodeo-america","Miss Rodeo Oklahoma","","State","Oklahoma","OK","miss rodeo oklahoma","Miss Rodeo Oklahoma|Miss Rodeo Oklahoma Pageant|Miss Rodeo Oklahoma Organization|Miss Rodeo OK|Oklahoma MRA|MRA Oklahoma","false","generated"
"miss-rodeo-america-or-main","miss-rodeo-america","Miss Rodeo Oregon","","State","Oregon","OR","miss rodeo oregon","Miss Rodeo Oregon|Miss Rodeo Oregon Pageant|Miss Rodeo Oregon Organization|Miss Rodeo OR|Oregon MRA|MRA Oregon","false","generated"
"miss-rodeo-america-pa-main","miss-rodeo-america","Miss Rodeo Pennsylvania","","State","Pennsylvania","PA","miss rodeo pennsylvania","Miss Rodeo Pennsylvania|Miss Rodeo Pennsylvania Pageant|Miss Rodeo Pennsylvania Organization|Miss Rodeo PA|Pennsylvania MRA|MRA Pennsylvania","false","generated"
"miss-rodeo-america-ri-main","miss-rodeo-america","Miss Rodeo Rhode Island","","State","Rhode Island","RI","miss rodeo rhode island","Miss Rodeo Rhode Island|Miss Rodeo Rhode Island Pageant|Miss Rodeo Rhode Island Organization|Miss Rodeo RI|Rhode Island MRA|MRA Rhode Island","false","generated"
"miss-rodeo-america-sc-main","miss-rodeo-america","Miss Rodeo South Carolina","","State","South Carolina","SC","miss rodeo south carolina","Miss Rodeo South Carolina|Miss Rodeo South Carolina Pageant|Miss Rodeo South Carolina Organization|Miss Rodeo SC|South Carolina MRA|MRA South Carolina","false","generated"
"miss-rodeo-america-sd-main","miss-rodeo-america","Miss Rodeo South Dakota","","State","South Dakota","SD","miss rodeo south dakota","Miss Rodeo South Dakota|Miss Rodeo South Dakota Pageant|Miss Rodeo South Dakota Organization|Miss Rodeo SD|South Dakota MRA|MRA South Dakota","false","generated"
"miss-rodeo-america-tn-main","miss-rodeo-america","Miss Rodeo Tennessee","","State","Tennessee","TN","miss rodeo tennessee","Miss Rodeo Tennessee|Miss Rodeo Tennessee Pageant|Miss Rodeo Tennessee Organization|Miss Rodeo TN|Tennessee MRA|MRA Tennessee","false","generated"
"miss-rodeo-america-tx-main","miss-rodeo-america","Miss Rodeo Texas","","State","Texas","TX","miss rodeo texas","Miss Rodeo Texas|Miss Rodeo Texas Pageant|Miss Rodeo Texas Organization|Miss Rodeo TX|Texas MRA|MRA Texas","false","generated"
"miss-rodeo-america-ut-main","miss-rodeo-america","Miss Rodeo Utah","","State","Utah","UT","miss rodeo utah","Miss Rodeo Utah|Miss Rodeo Utah Pageant|Miss Rodeo Utah Organization|Miss Rodeo UT|Utah MRA|MRA Utah","false","generated"
"miss-rodeo-america-vt-main","miss-rodeo-america","Miss Rodeo Vermont","","State","Vermont","VT","miss rodeo vermont","Miss Rodeo Vermont|Miss Rodeo Vermont Pageant|Miss Rodeo Vermont Organization|Miss Rodeo VT|Vermont MRA|MRA Vermont","false","generated"
"miss-rodeo-america-va-main","miss-rodeo-america","Miss Rodeo Virginia","","State","Virginia","VA","miss rodeo virginia","Miss Rodeo Virginia|Miss Rodeo Virginia Pageant|Miss Rodeo Virginia Organization|Miss Rodeo VA|Virginia MRA|MRA Virginia","false","generated"
"miss-rodeo-america-wa-main","miss-rodeo-america","Miss Rodeo Washington","","State","Washington","WA","miss rodeo washington","Miss Rodeo Washington|Miss Rodeo Washington Pageant|Miss Rodeo Washington Organization|Miss Rodeo WA|Washington MRA|MRA Washington","false","generated"
"miss-rodeo-america-wv-main","miss-rodeo-america","Miss Rodeo West Virginia","","State","West Virginia","WV","miss rodeo west virginia","Miss Rodeo West Virginia|Miss Rodeo West Virginia Pageant|Miss Rodeo West Virginia Organization|Miss Rodeo WV|West Virginia MRA|MRA West Virginia","false","generated"
"miss-rodeo-america-wi-main","miss-rodeo-america","Miss Rodeo Wisconsin","","State","Wisconsin","WI","miss rodeo wisconsin","Miss Rodeo Wisconsin|Miss Rodeo Wisconsin Pageant|Miss Rodeo Wisconsin Organization|Miss Rodeo WI|Wisconsin MRA|MRA Wisconsin","false","generated"
"miss-rodeo-america-wy-main","miss-rodeo-america","Miss Rodeo Wyoming","","State","Wyoming","WY","miss rodeo wyoming","Miss Rodeo Wyoming|Miss Rodeo Wyoming Pageant|Miss Rodeo Wyoming Organization|Miss Rodeo WY|Wyoming MRA|MRA Wyoming","false","generated"
"miss-rodeo-america-dc-main","miss-rodeo-america","Miss Rodeo District of Columbia","","State","District of Columbia","DC","miss rodeo district of columbia","Miss Rodeo District of Columbia|Miss Rodeo District of Columbia Pageant|Miss Rodeo District of Columbia Organization|Miss Rodeo DC|District of Columbia MRA|MRA District of Columbia","false","generated"
"miss-rodeo-america-pr-main","miss-rodeo-america","Miss Rodeo Puerto Rico","","State","Puerto Rico","PR","miss rodeo puerto rico","Miss Rodeo Puerto Rico|Miss Rodeo Puerto Rico Pageant|Miss Rodeo Puerto Rico Organization|Miss Rodeo PR|Puerto Rico MRA|MRA Puerto Rico","false","generated"
"royal-intl-miss-al-main","royal-intl-miss","Alabama Royal International Miss","","State","Alabama","AL","alabama royal international miss","Alabama Royal International Miss|Alabama Royal International Miss Pageant|Alabama Royal International Miss Organization|AL Royal International Miss|Alabama RIM|RIM Alabama","false","generated"
"royal-intl-miss-ak-main","royal-intl-miss","Alaska Royal International Miss","","State","Alaska","AK","alaska royal international miss","Alaska Royal International Miss|Alaska Royal International Miss Pageant|Alaska Royal International Miss Organization|AK Royal International Miss|Alaska RIM|RIM Alaska","false","generated"
"royal-intl-miss-az-main","royal-intl-miss","Arizona Royal International Miss","","State","Arizona","AZ","arizona royal international miss","Arizona Royal International Miss|Arizona Royal International Miss Pageant|Arizona Royal International Miss Organization|AZ Royal International Miss|Arizona RIM|RIM Arizona","false","generated"
"royal-intl-miss-ar-main","royal-intl-miss","Arkansas Royal International Miss","","State","Arkansas","AR","arkansas royal international miss","Arkansas Royal International Miss|Arkansas Royal International Miss Pageant|Arkansas Royal International Miss Organization|AR Royal International Miss|Arkansas RIM|RIM Arkansas","false","generated"
"royal-intl-miss-ca-main","royal-intl-miss","California Royal International Miss","","State","California","CA","california royal international miss","California Royal International Miss|California Royal International Miss Pageant|California Royal International Miss Organization|CA Royal International Miss|California RIM|RIM California","false","generated"
"royal-intl-miss-co-main","royal-intl-miss","Colorado Royal International Miss","","State","Colorado","CO","colorado royal international miss","Colorado Royal International Miss|Colorado Royal International Miss Pageant|Colorado Royal International Miss Organization|CO Royal International Miss|Colorado RIM|RIM Colorado","false","generated"
"royal-intl-miss-ct-main","royal-intl-miss","Connecticut Royal International Miss","","State","Connecticut","CT","connecticut royal international miss","Connecticut Royal International Miss|Connecticut Royal International Miss Pageant|Connecticut Royal International Miss Organization|CT Royal International Miss|Connecticut RIM|RIM Connecticut","false","generated"
"royal-intl-miss-de-main","royal-intl-miss","Delaware Royal International Miss","","State","Delaware","DE","delaware royal international miss","Delaware Royal International Miss|Delaware Royal International Miss Pageant|Delaware Royal International Miss Organization|DE Royal International Miss|Delaware RIM|RIM Delaware","false","generated"
"royal-intl-miss-fl-main","royal-intl-miss","Florida Royal International Miss","","State","Florida","FL","florida royal international miss","Florida Royal International Miss|Florida Royal International Miss Pageant|Florida Royal International Miss Organization|FL Royal International Miss|Florida RIM|RIM Florida","false","generated"
"royal-intl-miss-ga-main","royal-intl-miss","Georgia Royal International Miss","","State","Georgia","GA","georgia royal international miss","Georgia Royal International Miss|Georgia Royal International Miss Pageant|Georgia Royal International Miss Organization|GA Royal International Miss|Georgia RIM|RIM Georgia","false","generated"
"royal-intl-miss-hi-main","royal-intl-miss","Hawaii Royal International Miss","","State","Hawaii","HI","hawaii royal international miss","Hawaii Royal International Miss|Hawaii Royal International Miss Pageant|Hawaii Royal International Miss Organization|HI Royal International Miss|Hawaii RIM|RIM Hawaii","false","generated"
"royal-intl-miss-id-main","royal-intl-miss","Idaho Royal International Miss","","State","Idaho","ID","idaho royal international miss","Idaho Royal International Miss|Idaho Royal International Miss Pageant|Idaho Royal International Miss Organization|ID Royal International Miss|Idaho RIM|RIM Idaho","false","generated"
"royal-intl-miss-il-main","royal-intl-miss","Illinois Royal International Miss","","State","Illinois","IL","illinois royal international miss","Illinois Royal International Miss|Illinois Royal International Miss Pageant|Illinois Royal International Miss Organization|IL Royal International Miss|Illinois RIM|RIM Illinois","false","generated"
"royal-intl-miss-in-main","royal-intl-miss","Indiana Royal International Miss","","State","Indiana","IN","indiana royal international miss","Indiana Royal International Miss|Indiana Royal International Miss Pageant|Indiana Royal International Miss Organization|IN Royal International Miss|Indiana RIM|RIM Indiana","false","generated"
"royal-intl-miss-ia-main","royal-intl-miss","Iowa Royal International Miss","","State","Iowa","IA","iowa royal international miss","Iowa Royal International Miss|Iowa Royal International Miss Pageant|Iowa Royal International Miss Organization|IA Royal International Miss|Iowa RIM|RIM Iowa","false","generated"
"royal-intl-miss-ks-main","royal-intl-miss","Kansas Royal International Miss","","State","Kansas","KS","kansas royal international miss","Kansas Royal International Miss|Kansas Royal International Miss Pageant|Kansas Royal International Miss Organization|KS Royal International Miss|Kansas RIM|RIM Kansas","false","generated"
"royal-intl-miss-ky-main","royal-intl-miss","Kentucky Royal International Miss","","State","Kentucky","KY","kentucky royal international miss","Kentucky Royal International Miss|Kentucky Royal International Miss Pageant|Kentucky Royal International Miss Organization|KY Royal International Miss|Kentucky RIM|RIM Kentucky","false","generated"
"royal-intl-miss-la-main","royal-intl-miss","Louisiana Royal International Miss","","State","Louisiana","LA","louisiana royal international miss","Louisiana Royal International Miss|Louisiana Royal International Miss Pageant|Louisiana Royal International Miss Organization|LA Royal International Miss|Louisiana RIM|RIM Louisiana","false","generated"
"royal-intl-miss-me-main","royal-intl-miss","Maine Royal International Miss","","State","Maine","ME","maine royal international miss","Maine Royal International Miss|Maine Royal International Miss Pageant|Maine Royal International Miss Organization|ME Royal International Miss|Maine RIM|RIM Maine","false","generated"
"royal-intl-miss-md-main","royal-intl-miss","Maryland Royal International Miss","","State","Maryland","MD","maryland royal international miss","Maryland Royal International Miss|Maryland Royal International Miss Pageant|Maryland Royal International Miss Organization|MD Royal International Miss|Maryland RIM|RIM Maryland","false","generated"
"royal-intl-miss-ma-main","royal-intl-miss","Massachusetts Royal International Miss","","State","Massachusetts","MA","massachusetts royal international miss","Massachusetts Royal International Miss|Massachusetts Royal International Miss Pageant|Massachusetts Royal International Miss Organization|MA Royal International Miss|Massachusetts RIM|RIM Massachusetts","false","generated"
"royal-intl-miss-mi-main","royal-intl-miss","Michigan Royal International Miss","","State","Michigan","MI","michigan royal international miss","Michigan Royal International Miss|Michigan Royal International Miss Pageant|Michigan Royal International Miss Organization|MI Royal International Miss|Michigan RIM|RIM Michigan","false","generated"
"royal-intl-miss-mn-main","royal-intl-miss","Minnesota Royal International Miss","","State","Minnesota","MN","minnesota royal international miss","Minnesota Royal International Miss|Minnesota Royal International Miss Pageant|Minnesota Royal International Miss Organization|MN Royal International Miss|Minnesota RIM|RIM Minnesota","false","generated"
"royal-intl-miss-ms-main","royal-intl-miss","Mississippi Royal International Miss","","State","Mississippi","MS","mississippi royal international miss","Mississippi Royal International Miss|Mississippi Royal International Miss Pageant|Mississippi Royal International Miss Organization|MS Royal International Miss|Mississippi RIM|RIM Mississippi","false","generated"
"royal-intl-miss-mo-main","royal-intl-miss","Missouri Royal International Miss","","State","Missouri","MO","missouri royal international miss","Missouri Royal International Miss|Missouri Royal International Miss Pageant|Missouri Royal International Miss Organization|MO Royal International Miss|Missouri RIM|RIM Missouri","false","generated"
"royal-intl-miss-mt-main","royal-intl-miss","Montana Royal International Miss","","State","Montana","MT","montana royal international miss","Montana Royal International Miss|Montana Royal International Miss Pageant|Montana Royal International Miss Organization|MT Royal International Miss|Montana RIM|RIM Montana","false","generated"
"royal-intl-miss-ne-main","royal-intl-miss","Nebraska Royal International Miss","","State","Nebraska","NE","nebraska royal international miss","Nebraska Royal International Miss|Nebraska Royal International Miss Pageant|Nebraska Royal International Miss Organization|NE Royal International Miss|Nebraska RIM|RIM Nebraska","false","generated"
"royal-intl-miss-nv-main","royal-intl-miss","Nevada Royal International Miss","","State","Nevada","NV","nevada royal international miss","Nevada Royal International Miss|Nevada Royal International Miss Pageant|Nevada Royal International Miss Organization|NV Royal International Miss|Nevada RIM|RIM Nevada","false","generated"
"royal-intl-miss-nh-main","royal-intl-miss","New Hampshire Royal International Miss","","State","New Hampshire","NH","new hampshire royal international miss","New Hampshire Royal International Miss|New Hampshire Royal International Miss Pageant|New Hampshire Royal International Miss Organization|NH Royal International Miss|New Hampshire RIM|RIM New Hampshire","false","generated"
"royal-intl-miss-nj-main","royal-intl-miss","New Jersey Royal International Miss","","State","New Jersey","NJ","new jersey royal international miss","New Jersey Royal International Miss|New Jersey Royal International Miss Pageant|New Jersey Royal International Miss Organization|NJ Royal International Miss|New Jersey RIM|RIM New Jersey","false","generated"
"royal-intl-miss-nm-main","royal-intl-miss","New Mexico Royal International Miss","","State","New Mexico","NM","new mexico royal international miss","New Mexico Royal International Miss|New Mexico Royal International Miss Pageant|New Mexico Royal International Miss Organization|NM Royal International Miss|New Mexico RIM|RIM New Mexico","false","generated"
"royal-intl-miss-ny-main","royal-intl-miss","New York Royal International Miss","","State","New York","NY","new york royal international miss","New York Royal International Miss|New York Royal International Miss Pageant|New York Royal International Miss Organization|NY Royal International Miss|New York RIM|RIM New York","false","generated"
"royal-intl-miss-nc-main","royal-intl-miss","North Carolina Royal International Miss","","State","North Carolina","NC","north carolina royal international miss","North Carolina Royal International Miss|North Carolina Royal International Miss Pageant|North Carolina Royal International Miss Organization|NC Royal International Miss|North Carolina RIM|RIM North Carolina","false","generated"
"royal-intl-miss-nd-main","royal-intl-miss","North Dakota Royal International Miss","","State","North Dakota","ND","north dakota royal international miss","North Dakota Royal International Miss|North Dakota Royal International Miss Pageant|North Dakota Royal International Miss Organization|ND Royal International Miss|North Dakota RIM|RIM North Dakota","false","generated"
"royal-intl-miss-oh-main","royal-intl-miss","Ohio Royal International Miss","","State","Ohio","OH","ohio royal international miss","Ohio Royal International Miss|Ohio Royal International Miss Pageant|Ohio Royal International Miss Organization|OH Royal International Miss|Ohio RIM|RIM Ohio","false","generated"
"royal-intl-miss-ok-main","royal-intl-miss","Oklahoma Royal International Miss","","State","Oklahoma","OK","oklahoma royal international miss","Oklahoma Royal International Miss|Oklahoma Royal International Miss Pageant|Oklahoma Royal International Miss Organization|OK Royal International Miss|Oklahoma RIM|RIM Oklahoma","false","generated"
"royal-intl-miss-or-main","royal-intl-miss","Oregon Royal International Miss","","State","Oregon","OR","oregon royal international miss","Oregon Royal International Miss|Oregon Royal International Miss Pageant|Oregon Royal International Miss Organization|OR Royal International Miss|Oregon RIM|RIM Oregon","false","generated"
"royal-intl-miss-pa-main","royal-intl-miss","Pennsylvania Royal International Miss","","State","Pennsylvania","PA","pennsylvania royal international miss","Pennsylvania Royal International Miss|Pennsylvania Royal International Miss Pageant|Pennsylvania Royal International Miss Organization|PA Royal International Miss|Pennsylvania RIM|RIM Pennsylvania","false","generated"
"royal-intl-miss-ri-main","royal-intl-miss","Rhode Island Royal International Miss","","State","Rhode Island","RI","rhode island royal international miss","Rhode Island Royal International Miss|Rhode Island Royal International Miss Pageant|Rhode Island Royal International Miss Organization|RI Royal International Miss|Rhode Island RIM|RIM Rhode Island","false","generated"
"royal-intl-miss-sc-main","royal-intl-miss","South Carolina Royal International Miss","","State","South Carolina","SC","south carolina royal international miss","South Carolina Royal International Miss|South Carolina Royal International Miss Pageant|South Carolina Royal International Miss Organization|SC Royal International Miss|South Carolina RIM|RIM South Carolina","false","generated"
"royal-intl-miss-sd-main","royal-intl-miss","South Dakota Royal International Miss","","State","South Dakota","SD","south dakota royal international miss","South Dakota Royal International Miss|South Dakota Royal International Miss Pageant|South Dakota Royal International Miss Organization|SD Royal International Miss|South Dakota RIM|RIM South Dakota","false","generated"
"royal-intl-miss-tn-main","royal-intl-miss","Tennessee Royal International Miss","","State","Tennessee","TN","tennessee royal international miss","Tennessee Royal International Miss|Tennessee Royal International Miss Pageant|Tennessee Royal International Miss Organization|TN Royal International Miss|Tennessee RIM|RIM Tennessee","false","generated"
"royal-intl-miss-tx-main","royal-intl-miss","Texas Royal International Miss","","State","Texas","TX","texas royal international miss","Texas Royal International Miss|Texas Royal International Miss Pageant|Texas Royal International Miss Organization|TX Royal International Miss|Texas RIM|RIM Texas","false","generated"
"royal-intl-miss-ut-main","royal-intl-miss","Utah Royal International Miss","","State","Utah","UT","utah royal international miss","Utah Royal International Miss|Utah Royal International Miss Pageant|Utah Royal International Miss Organization|UT Royal International Miss|Utah RIM|RIM Utah","false","generated"
"royal-intl-miss-vt-main","royal-intl-miss","Vermont Royal International Miss","","State","Vermont","VT","vermont royal international miss","Vermont Royal International Miss|Vermont Royal International Miss Pageant|Vermont Royal International Miss Organization|VT Royal International Miss|Vermont RIM|RIM Vermont","false","generated"
"royal-intl-miss-va-main","royal-intl-miss","Virginia Royal International Miss","","State","Virginia","VA","virginia royal international miss","Virginia Royal International Miss|Virginia Royal International Miss Pageant|Virginia Royal International Miss Organization|VA Royal International Miss|Virginia RIM|RIM Virginia","false","generated"
"royal-intl-miss-wa-main","royal-intl-miss","Washington Royal International Miss","","State","Washington","WA","washington royal international miss","Washington Royal International Miss|Washington Royal International Miss Pageant|Washington Royal International Miss Organization|WA Royal International Miss|Washington RIM|RIM Washington","false","generated"
"royal-intl-miss-wv-main","royal-intl-miss","West Virginia Royal International Miss","","State","West Virginia","WV","west virginia royal international miss","West Virginia Royal International Miss|West Virginia Royal International Miss Pageant|West Virginia Royal International Miss Organization|WV Royal International Miss|West Virginia RIM|RIM West Virginia","false","generated"
"royal-intl-miss-wi-main","royal-intl-miss","Wisconsin Royal International Miss","","State","Wisconsin","WI","wisconsin royal international miss","Wisconsin Royal International Miss|Wisconsin Royal International Miss Pageant|Wisconsin Royal International Miss Organization|WI Royal International Miss|Wisconsin RIM|RIM Wisconsin","false","generated"
"royal-intl-miss-wy-main","royal-intl-miss","Wyoming Royal International Miss","","State","Wyoming","WY","wyoming royal international miss","Wyoming Royal International Miss|Wyoming Royal International Miss Pageant|Wyoming Royal International Miss Organization|WY Royal International Miss|Wyoming RIM|RIM Wyoming","false","generated"
"royal-intl-miss-dc-main","royal-intl-miss","District of Columbia Royal International Miss","","State","District of Columbia","DC","district of columbia royal international miss","District of Columbia Royal International Miss|District of Columbia Royal International Miss Pageant|District of Columbia Royal International Miss Organization|DC Royal International Miss|District of Columbia RIM|RIM District of Columbia","false","generated"
"royal-intl-miss-pr-main","royal-intl-miss","Puerto Rico Royal International Miss","","State","Puerto Rico","PR","puerto rico royal international miss","Puerto Rico Royal International Miss|Puerto Rico Royal International Miss Pageant|Puerto Rico Royal International Miss Organization|PR Royal International Miss|Puerto Rico RIM|RIM Puerto Rico","false","generated"
"american-coed-al-main","american-coed","Miss Alabama American Coed","","State","Alabama","AL","miss alabama american coed","Miss Alabama American Coed|Miss Alabama American Coed Pageant|Miss Alabama American Coed Organization|Miss AL American Coed|Alabama Miss American Coed|Miss American Coed Alabama|Alabama American Coed","false","generated"
"american-coed-ak-main","american-coed","Miss Alaska American Coed","","State","Alaska","AK","miss alaska american coed","Miss Alaska American Coed|Miss Alaska American Coed Pageant|Miss Alaska American Coed Organization|Miss AK American Coed|Alaska Miss American Coed|Miss American Coed Alaska|Alaska American Coed","false","generated"
"american-coed-az-main","american-coed","Miss Arizona American Coed","","State","Arizona","AZ","miss arizona american coed","Miss Arizona American Coed|Miss Arizona American Coed Pageant|Miss Arizona American Coed Organization|Miss AZ American Coed|Arizona Miss American Coed|Miss American Coed Arizona|Arizona American Coed","false","generated"
"american-coed-ar-main","american-coed","Miss Arkansas American Coed","","State","Arkansas","AR","miss arkansas american coed","Miss Arkansas American Coed|Miss Arkansas American Coed Pageant|Miss Arkansas American Coed Organization|Miss AR American Coed|Arkansas Miss American Coed|Miss American Coed Arkansas|Arkansas American Coed","false","generated"
"american-coed-ca-main","american-coed","Miss California American Coed","","State","California","CA","miss california american coed","Miss California American Coed|Miss California American Coed Pageant|Miss California American Coed Organization|Miss CA American Coed|California Miss American Coed|Miss American Coed California|California American Coed","false","generated"
"american-coed-co-main","american-coed","Miss Colorado American Coed","","State","Colorado","CO","miss colorado american coed","Miss Colorado American Coed|Miss Colorado American Coed Pageant|Miss Colorado American Coed Organization|Miss CO American Coed|Colorado Miss American Coed|Miss American Coed Colorado|Colorado American Coed","false","generated"
"american-coed-ct-main","american-coed","Miss Connecticut American Coed","","State","Connecticut","CT","miss connecticut american coed","Miss Connecticut American Coed|Miss Connecticut American Coed Pageant|Miss Connecticut American Coed Organization|Miss CT American Coed|Connecticut Miss American Coed|Miss American Coed Connecticut|Connecticut American Coed","false","generated"
"american-coed-de-main","american-coed","Miss Delaware American Coed","","State","Delaware","DE","miss delaware american coed","Miss Delaware American Coed|Miss Delaware American Coed Pageant|Miss Delaware American Coed Organization|Miss DE American Coed|Delaware Miss American Coed|Miss American Coed Delaware|Delaware American Coed","false","generated"
"american-coed-fl-main","american-coed","Miss Florida American Coed","","State","Florida","FL","miss florida american coed","Miss Florida American Coed|Miss Florida American Coed Pageant|Miss Florida American Coed Organization|Miss FL American Coed|Florida Miss American Coed|Miss American Coed Florida|Florida American Coed","false","generated"
"american-coed-ga-main","american-coed","Miss Georgia American Coed","","State","Georgia","GA","miss georgia american coed","Miss Georgia American Coed|Miss Georgia American Coed Pageant|Miss Georgia American Coed Organization|Miss GA American Coed|Georgia Miss American Coed|Miss American Coed Georgia|Georgia American Coed","false","generated"
"american-coed-hi-main","american-coed","Miss Hawaii American Coed","","State","Hawaii","HI","miss hawaii american coed","Miss Hawaii American Coed|Miss Hawaii American Coed Pageant|Miss Hawaii American Coed Organization|Miss HI American Coed|Hawaii Miss American Coed|Miss American Coed Hawaii|Hawaii American Coed","false","generated"
"american-coed-id-main","american-coed","Miss Idaho American Coed","","State","Idaho","ID","miss idaho american coed","Miss Idaho American Coed|Miss Idaho American Coed Pageant|Miss Idaho American Coed Organization|Miss ID American Coed|Idaho Miss American Coed|Miss American Coed Idaho|Idaho American Coed","false","generated"
"american-coed-il-main","american-coed","Miss Illinois American Coed","","State","Illinois","IL","miss illinois american coed","Miss Illinois American Coed|Miss Illinois American Coed Pageant|Miss Illinois American Coed Organization|Miss IL American Coed|Illinois Miss American Coed|Miss American Coed Illinois|Illinois American Coed","false","generated"
"american-coed-in-main","american-coed","Miss Indiana American Coed","","State","Indiana","IN","miss indiana american coed","Miss Indiana American Coed|Miss Indiana American Coed Pageant|Miss Indiana American Coed Organization|Miss IN American Coed|Indiana Miss American Coed|Miss American Coed Indiana|Indiana American Coed","false","generated"
"american-coed-ia-main","american-coed","Miss Iowa American Coed","","State","Iowa","IA","miss iowa american coed","Miss Iowa American Coed|Miss Iowa American Coed Pageant|Miss Iowa American Coed Organization|Miss IA American Coed|Iowa Miss American Coed|Miss American Coed Iowa|Iowa American Coed","false","generated"
"american-coed-ks-main","american-coed","Miss Kansas American Coed","","State","Kansas","KS","miss kansas american coed","Miss Kansas American Coed|Miss Kansas American Coed Pageant|Miss Kansas American Coed Organization|Miss KS American Coed|Kansas Miss American Coed|Miss American Coed Kansas|Kansas American Coed","false","generated"
"american-coed-ky-main","american-coed","Miss Kentucky American Coed","","State","Kentucky","KY","miss kentucky american coed","Miss Kentucky American Coed|Miss Kentucky American Coed Pageant|Miss Kentucky American Coed Organization|Miss KY American Coed|Kentucky Miss American Coed|Miss American Coed Kentucky|Kentucky American Coed","false","generated"
"american-coed-la-main","american-coed","Miss Louisiana American Coed","","State","Louisiana","LA","miss louisiana american coed","Miss Louisiana American Coed|Miss Louisiana American Coed Pageant|Miss Louisiana American Coed Organization|Miss LA American Coed|Louisiana Miss American Coed|Miss American Coed Louisiana|Louisiana American Coed","false","generated"
"american-coed-me-main","american-coed","Miss Maine American Coed","","State","Maine","ME","miss maine american coed","Miss Maine American Coed|Miss Maine American Coed Pageant|Miss Maine American Coed Organization|Miss ME American Coed|Maine Miss American Coed|Miss American Coed Maine|Maine American Coed","false","generated"
"american-coed-md-main","american-coed","Miss Maryland American Coed","","State","Maryland","MD","miss maryland american coed","Miss Maryland American Coed|Miss Maryland American Coed Pageant|Miss Maryland American Coed Organization|Miss MD American Coed|Maryland Miss American Coed|Miss American Coed Maryland|Maryland American Coed","false","generated"
"american-coed-ma-main","american-coed","Miss Massachusetts American Coed","","State","Massachusetts","MA","miss massachusetts american coed","Miss Massachusetts American Coed|Miss Massachusetts American Coed Pageant|Miss Massachusetts American Coed Organization|Miss MA American Coed|Massachusetts Miss American Coed|Miss American Coed Massachusetts|Massachusetts American Coed","false","generated"
"american-coed-mi-main","american-coed","Miss Michigan American Coed","","State","Michigan","MI","miss michigan american coed","Miss Michigan American Coed|Miss Michigan American Coed Pageant|Miss Michigan American Coed Organization|Miss MI American Coed|Michigan Miss American Coed|Miss American Coed Michigan|Michigan American Coed","false","generated"
"american-coed-mn-main","american-coed","Miss Minnesota American Coed","","State","Minnesota","MN","miss minnesota american coed","Miss Minnesota American Coed|Miss Minnesota American Coed Pageant|Miss Minnesota American Coed Organization|Miss MN American Coed|Minnesota Miss American Coed|Miss American Coed Minnesota|Minnesota American Coed","false","generated"
"american-coed-ms-main","american-coed","Miss Mississippi American Coed","","State","Mississippi","MS","miss mississippi american coed","Miss Mississippi American Coed|Miss Mississippi American Coed Pageant|Miss Mississippi American Coed Organization|Miss MS American Coed|Mississippi Miss American Coed|Miss American Coed Mississippi|Mississippi American Coed","false","generated"
"american-coed-mo-main","american-coed","Miss Missouri American Coed","","State","Missouri","MO","miss missouri american coed","Miss Missouri American Coed|Miss Missouri American Coed Pageant|Miss Missouri American Coed Organization|Miss MO American Coed|Missouri Miss American Coed|Miss American Coed Missouri|Missouri American Coed","false","generated"
"american-coed-mt-main","american-coed","Miss Montana American Coed","","State","Montana","MT","miss montana american coed","Miss Montana American Coed|Miss Montana American Coed Pageant|Miss Montana American Coed Organization|Miss MT American Coed|Montana Miss American Coed|Miss American Coed Montana|Montana American Coed","false","generated"
"american-coed-ne-main","american-coed","Miss Nebraska American Coed","","State","Nebraska","NE","miss nebraska american coed","Miss Nebraska American Coed|Miss Nebraska American Coed Pageant|Miss Nebraska American Coed Organization|Miss NE American Coed|Nebraska Miss American Coed|Miss American Coed Nebraska|Nebraska American Coed","false","generated"
"american-coed-nv-main","american-coed","Miss Nevada American Coed","","State","Nevada","NV","miss nevada american coed","Miss Nevada American Coed|Miss Nevada American Coed Pageant|Miss Nevada American Coed Organization|Miss NV American Coed|Nevada Miss American Coed|Miss American Coed Nevada|Nevada American Coed","false","generated"
"american-coed-nh-main","american-coed","Miss New Hampshire American Coed","","State","New Hampshire","NH","miss new hampshire american coed","Miss New Hampshire American Coed|Miss New Hampshire American Coed Pageant|Miss New Hampshire American Coed Organization|Miss NH American Coed|New Hampshire Miss American Coed|Miss American Coed New Hampshire|New Hampshire American Coed","false","generated"
"american-coed-nj-main","american-coed","Miss New Jersey American Coed","","State","New Jersey","NJ","miss new jersey american coed","Miss New Jersey American Coed|Miss New Jersey American Coed Pageant|Miss New Jersey American Coed Organization|Miss NJ American Coed|New Jersey Miss American Coed|Miss American Coed New Jersey|New Jersey American Coed","false","generated"
"american-coed-nm-main","american-coed","Miss New Mexico American Coed","","State","New Mexico","NM","miss new mexico american coed","Miss New Mexico American Coed|Miss New Mexico American Coed Pageant|Miss New Mexico American Coed Organization|Miss NM American Coed|New Mexico Miss American Coed|Miss American Coed New Mexico|New Mexico American Coed","false","generated"
"american-coed-ny-main","american-coed","Miss New York American Coed","","State","New York","NY","miss new york american coed","Miss New York American Coed|Miss New York American Coed Pageant|Miss New York American Coed Organization|Miss NY American Coed|New York Miss American Coed|Miss American Coed New York|New York American Coed","false","generated"
"american-coed-nc-main","american-coed","Miss North Carolina American Coed","","State","North Carolina","NC","miss north carolina american coed","Miss North Carolina American Coed|Miss North Carolina American Coed Pageant|Miss North Carolina American Coed Organization|Miss NC American Coed|North Carolina Miss American Coed|Miss American Coed North Carolina|North Carolina American Coed","false","generated"
"american-coed-nd-main","american-coed","Miss North Dakota American Coed","","State","North Dakota","ND","miss north dakota american coed","Miss North Dakota American Coed|Miss North Dakota American Coed Pageant|Miss North Dakota American Coed Organization|Miss ND American Coed|North Dakota Miss American Coed|Miss American Coed North Dakota|North Dakota American Coed","false","generated"
"american-coed-oh-main","american-coed","Miss Ohio American Coed","","State","Ohio","OH","miss ohio american coed","Miss Ohio American Coed|Miss Ohio American Coed Pageant|Miss Ohio American Coed Organization|Miss OH American Coed|Ohio Miss American Coed|Miss American Coed Ohio|Ohio American Coed","false","generated"
"american-coed-ok-main","american-coed","Miss Oklahoma American Coed","","State","Oklahoma","OK","miss oklahoma american coed","Miss Oklahoma American Coed|Miss Oklahoma American Coed Pageant|Miss Oklahoma American Coed Organization|Miss OK American Coed|Oklahoma Miss American Coed|Miss American Coed Oklahoma|Oklahoma American Coed","false","generated"
"american-coed-or-main","american-coed","Miss Oregon American Coed","","State","Oregon","OR","miss oregon american coed","Miss Oregon American Coed|Miss Oregon American Coed Pageant|Miss Oregon American Coed Organization|Miss OR American Coed|Oregon Miss American Coed|Miss American Coed Oregon|Oregon American Coed","false","generated"
"american-coed-pa-main","american-coed","Miss Pennsylvania American Coed","","State","Pennsylvania","PA","miss pennsylvania american coed","Miss Pennsylvania American Coed|Miss Pennsylvania American Coed Pageant|Miss Pennsylvania American Coed Organization|Miss PA American Coed|Pennsylvania Miss American Coed|Miss American Coed Pennsylvania|Pennsylvania American Coed","false","generated"
"american-coed-ri-main","american-coed","Miss Rhode Island American Coed","","State","Rhode Island","RI","miss rhode island american coed","Miss Rhode Island American Coed|Miss Rhode Island American Coed Pageant|Miss Rhode Island American Coed Organization|Miss RI American Coed|Rhode Island Miss American Coed|Miss American Coed Rhode Island|Rhode Island American Coed","false","generated"
"american-coed-sc-main","american-coed","Miss South Carolina American Coed","","State","South Carolina","SC","miss south carolina american coed","Miss South Carolina American Coed|Miss South Carolina American Coed Pageant|Miss South Carolina American Coed Organization|Miss SC American Coed|South Carolina Miss American Coed|Miss American Coed South Carolina|South Carolina American Coed","false","generated"
"american-coed-sd-main","american-coed","Miss South Dakota American Coed","","State","South Dakota","SD","miss south dakota american coed","Miss South Dakota American Coed|Miss South Dakota American Coed Pageant|Miss South Dakota American Coed Organization|Miss SD American Coed|South Dakota Miss American Coed|Miss American Coed South Dakota|South Dakota American Coed","false","generated"
"american-coed-tn-main","american-coed","Miss Tennessee American Coed","","State","Tennessee","TN","miss tennessee american coed","Miss Tennessee American Coed|Miss Tennessee American Coed Pageant|Miss Tennessee American Coed Organization|Miss TN American Coed|Tennessee Miss American Coed|Miss American Coed Tennessee|Tennessee American Coed","false","generated"
"american-coed-tx-main","american-coed","Miss Texas American Coed","","State","Texas","TX","miss texas american coed","Miss Texas American Coed|Miss Texas American Coed Pageant|Miss Texas American Coed Organization|Miss TX American Coed|Texas Miss American Coed|Miss American Coed Texas|Texas American Coed","false","generated"
"american-coed-ut-main","american-coed","Miss Utah American Coed","","State","Utah","UT","miss utah american coed","Miss Utah American Coed|Miss Utah American Coed Pageant|Miss Utah American Coed Organization|Miss UT American Coed|Utah Miss American Coed|Miss American Coed Utah|Utah American Coed","false","generated"
"american-coed-vt-main","american-coed","Miss Vermont American Coed","","State","Vermont","VT","miss vermont american coed","Miss Vermont American Coed|Miss Vermont American Coed Pageant|Miss Vermont American Coed Organization|Miss VT American Coed|Vermont Miss American Coed|Miss American Coed Vermont|Vermont American Coed","false","generated"
"american-coed-va-main","american-coed","Miss Virginia American Coed","","State","Virginia","VA","miss virginia american coed","Miss Virginia American Coed|Miss Virginia American Coed Pageant|Miss Virginia American Coed Organization|Miss VA American Coed|Virginia Miss American Coed|Miss American Coed Virginia|Virginia American Coed","false","generated"
"american-coed-wa-main","american-coed","Miss Washington American Coed","","State","Washington","WA","miss washington american coed","Miss Washington American Coed|Miss Washington American Coed Pageant|Miss Washington American Coed Organization|Miss WA American Coed|Washington Miss American Coed|Miss American Coed Washington|Washington American Coed","false","generated"
"american-coed-wv-main","american-coed","Miss West Virginia American Coed","","State","West Virginia","WV","miss west virginia american coed","Miss West Virginia American Coed|Miss West Virginia American Coed Pageant|Miss West Virginia American Coed Organization|Miss WV American Coed|West Virginia Miss American Coed|Miss American Coed West Virginia|West Virginia American Coed","false","generated"
"american-coed-wi-main","american-coed","Miss Wisconsin American Coed","","State","Wisconsin","WI","miss wisconsin american coed","Miss Wisconsin American Coed|Miss Wisconsin American Coed Pageant|Miss Wisconsin American Coed Organization|Miss WI American Coed|Wisconsin Miss American Coed|Miss American Coed Wisconsin|Wisconsin American Coed","false","generated"
"american-coed-wy-main","american-coed","Miss Wyoming American Coed","","State","Wyoming","WY","miss wyoming american coed","Miss Wyoming American Coed|Miss Wyoming American Coed Pageant|Miss Wyoming American Coed Organization|Miss WY American Coed|Wyoming Miss American Coed|Miss American Coed Wyoming|Wyoming American Coed","false","generated"
"american-coed-dc-main","american-coed","Miss District of Columbia American Coed","","State","District of Columbia","DC","miss district of columbia american coed","Miss District of Columbia American Coed|Miss District of Columbia American Coed Pageant|Miss District of Columbia American Coed Organization|Miss DC American Coed|District of Columbia Miss American Coed|Miss American Coed District of Columbia|District of Columbia American Coed","false","generated"
"american-coed-pr-main","american-coed","Miss Puerto Rico American Coed","","State","Puerto Rico","PR","miss puerto rico american coed","Miss Puerto Rico American Coed|Miss Puerto Rico American Coed Pageant|Miss Puerto Rico American Coed Organization|Miss PR American Coed|Puerto Rico Miss American Coed|Miss American Coed Puerto Rico|Puerto Rico American Coed","false","generated"
"usa-national-miss-al-main","usa-national-miss","Alabama USA National Miss","","State","Alabama","AL","alabama usa national miss","Alabama USA National Miss|Alabama USA National Miss Pageant|Alabama USA National Miss Organization|AL USA National Miss|Alabama UNM|UNM Alabama","false","generated"
"usa-national-miss-ak-main","usa-national-miss","Alaska USA National Miss","","State","Alaska","AK","alaska usa national miss","Alaska USA National Miss|Alaska USA National Miss Pageant|Alaska USA National Miss Organization|AK USA National Miss|Alaska UNM|UNM Alaska","false","generated"
"usa-national-miss-az-main","usa-national-miss","Arizona USA National Miss","","State","Arizona","AZ","arizona usa national miss","Arizona USA National Miss|Arizona USA National Miss Pageant|Arizona USA National Miss Organization|AZ USA National Miss|Arizona UNM|UNM Arizona","false","generated"
"usa-national-miss-ar-main","usa-national-miss","Arkansas USA National Miss","","State","Arkansas","AR","arkansas usa national miss","Arkansas USA National Miss|Arkansas USA National Miss Pageant|Arkansas USA National Miss Organization|AR USA National Miss|Arkansas UNM|UNM Arkansas","false","generated"
"usa-national-miss-ca-main","usa-national-miss","California USA National Miss","","State","California","CA","california usa national miss","California USA National Miss|California USA National Miss Pageant|California USA National Miss Organization|CA USA National Miss|California UNM|UNM California","false","generated"
"usa-national-miss-co-main","usa-national-miss","Colorado USA National Miss","","State","Colorado","CO","colorado usa national miss","Colorado USA National Miss|Colorado USA National Miss Pageant|Colorado USA National Miss Organization|CO USA National Miss|Colorado UNM|UNM Colorado","false","generated"
"usa-national-miss-ct-main","usa-national-miss","Connecticut USA National Miss","","State","Connecticut","CT","connecticut usa national miss","Connecticut USA National Miss|Connecticut USA National Miss Pageant|Connecticut USA National Miss Organization|CT USA National Miss|Connecticut UNM|UNM Connecticut","false","generated"
"usa-national-miss-de-main","usa-national-miss","Delaware USA National Miss","","State","Delaware","DE","delaware usa national miss","Delaware USA National Miss|Delaware USA National Miss Pageant|Delaware USA National Miss Organization|DE USA National Miss|Delaware UNM|UNM Delaware","false","generated"
"usa-national-miss-fl-main","usa-national-miss","Florida USA National Miss","","State","Florida","FL","florida usa national miss","Florida USA National Miss|Florida USA National Miss Pageant|Florida USA National Miss Organization|FL USA National Miss|Florida UNM|UNM Florida","false","generated"
"usa-national-miss-ga-main","usa-national-miss","Georgia USA National Miss","","State","Georgia","GA","georgia usa national miss","Georgia USA National Miss|Georgia USA National Miss Pageant|Georgia USA National Miss Organization|GA USA National Miss|Georgia UNM|UNM Georgia","false","generated"
"usa-national-miss-hi-main","usa-national-miss","Hawaii USA National Miss","","State","Hawaii","HI","hawaii usa national miss","Hawaii USA National Miss|Hawaii USA National Miss Pageant|Hawaii USA National Miss Organization|HI USA National Miss|Hawaii UNM|UNM Hawaii","false","generated"
"usa-national-miss-id-main","usa-national-miss","Idaho USA National Miss","","State","Idaho","ID","idaho usa national miss","Idaho USA National Miss|Idaho USA National Miss Pageant|Idaho USA National Miss Organization|ID USA National Miss|Idaho UNM|UNM Idaho","false","generated"
"usa-national-miss-il-main","usa-national-miss","Illinois USA National Miss","","State","Illinois","IL","illinois usa national miss","Illinois USA National Miss|Illinois USA National Miss Pageant|Illinois USA National Miss Organization|IL USA National Miss|Illinois UNM|UNM Illinois","false","generated"
"usa-national-miss-in-main","usa-national-miss","Indiana USA National Miss","","State","Indiana","IN","indiana usa national miss","Indiana USA National Miss|Indiana USA National Miss Pageant|Indiana USA National Miss Organization|IN USA National Miss|Indiana UNM|UNM Indiana","false","generated"
"usa-national-miss-ia-main","usa-national-miss","Iowa USA National Miss","","State","Iowa","IA","iowa usa national miss","Iowa USA National Miss|Iowa USA National Miss Pageant|Iowa USA National Miss Organization|IA USA National Miss|Iowa UNM|UNM Iowa","false","generated"
"usa-national-miss-ks-main","usa-national-miss","Kansas USA National Miss","","State","Kansas","KS","kansas usa national miss","Kansas USA National Miss|Kansas USA National Miss Pageant|Kansas USA National Miss Organization|KS USA National Miss|Kansas UNM|UNM Kansas","false","generated"
"usa-national-miss-ky-main","usa-national-miss","Kentucky USA National Miss","","State","Kentucky","KY","kentucky usa national miss","Kentucky USA National Miss|Kentucky USA National Miss Pageant|Kentucky USA National Miss Organization|KY USA National Miss|Kentucky UNM|UNM Kentucky","false","generated"
"usa-national-miss-la-main","usa-national-miss","Louisiana USA National Miss","","State","Louisiana","LA","louisiana usa national miss","Louisiana USA National Miss|Louisiana USA National Miss Pageant|Louisiana USA National Miss Organization|LA USA National Miss|Louisiana UNM|UNM Louisiana","false","generated"
"usa-national-miss-me-main","usa-national-miss","Maine USA National Miss","","State","Maine","ME","maine usa national miss","Maine USA National Miss|Maine USA National Miss Pageant|Maine USA National Miss Organization|ME USA National Miss|Maine UNM|UNM Maine","false","generated"
"usa-national-miss-md-main","usa-national-miss","Maryland USA National Miss","","State","Maryland","MD","maryland usa national miss","Maryland USA National Miss|Maryland USA National Miss Pageant|Maryland USA National Miss Organization|MD USA National Miss|Maryland UNM|UNM Maryland","false","generated"
"usa-national-miss-ma-main","usa-national-miss","Massachusetts USA National Miss","","State","Massachusetts","MA","massachusetts usa national miss","Massachusetts USA National Miss|Massachusetts USA National Miss Pageant|Massachusetts USA National Miss Organization|MA USA National Miss|Massachusetts UNM|UNM Massachusetts","false","generated"
"usa-national-miss-mi-main","usa-national-miss","Michigan USA National Miss","","State","Michigan","MI","michigan usa national miss","Michigan USA National Miss|Michigan USA National Miss Pageant|Michigan USA National Miss Organization|MI USA National Miss|Michigan UNM|UNM Michigan","false","generated"
"usa-national-miss-mn-main","usa-national-miss","Minnesota USA National Miss","","State","Minnesota","MN","minnesota usa national miss","Minnesota USA National Miss|Minnesota USA National Miss Pageant|Minnesota USA National Miss Organization|MN USA National Miss|Minnesota UNM|UNM Minnesota","false","generated"
"usa-national-miss-ms-main","usa-national-miss","Mississippi USA National Miss","","State","Mississippi","MS","mississippi usa national miss","Mississippi USA National Miss|Mississippi USA National Miss Pageant|Mississippi USA National Miss Organization|MS USA National Miss|Mississippi UNM|UNM Mississippi","false","generated"
"usa-national-miss-mo-main","usa-national-miss","Missouri USA National Miss","","State","Missouri","MO","missouri usa national miss","Missouri USA National Miss|Missouri USA National Miss Pageant|Missouri USA National Miss Organization|MO USA National Miss|Missouri UNM|UNM Missouri","false","generated"
"usa-national-miss-mt-main","usa-national-miss","Montana USA National Miss","","State","Montana","MT","montana usa national miss","Montana USA National Miss|Montana USA National Miss Pageant|Montana USA National Miss Organization|MT USA National Miss|Montana UNM|UNM Montana","false","generated"
"usa-national-miss-ne-main","usa-national-miss","Nebraska USA National Miss","","State","Nebraska","NE","nebraska usa national miss","Nebraska USA National Miss|Nebraska USA National Miss Pageant|Nebraska USA National Miss Organization|NE USA National Miss|Nebraska UNM|UNM Nebraska","false","generated"
"usa-national-miss-nv-main","usa-national-miss","Nevada USA National Miss","","State","Nevada","NV","nevada usa national miss","Nevada USA National Miss|Nevada USA National Miss Pageant|Nevada USA National Miss Organization|NV USA National Miss|Nevada UNM|UNM Nevada","false","generated"
"usa-national-miss-nh-main","usa-national-miss","New Hampshire USA National Miss","","State","New Hampshire","NH","new hampshire usa national miss","New Hampshire USA National Miss|New Hampshire USA National Miss Pageant|New Hampshire USA National Miss Organization|NH USA National Miss|New Hampshire UNM|UNM New Hampshire","false","generated"
"usa-national-miss-nj-main","usa-national-miss","New Jersey USA National Miss","","State","New Jersey","NJ","new jersey usa national miss","New Jersey USA National Miss|New Jersey USA National Miss Pageant|New Jersey USA National Miss Organization|NJ USA National Miss|New Jersey UNM|UNM New Jersey","false","generated"
"usa-national-miss-nm-main","usa-national-miss","New Mexico USA National Miss","","State","New Mexico","NM","new mexico usa national miss","New Mexico USA National Miss|New Mexico USA National Miss Pageant|New Mexico USA National Miss Organization|NM USA National Miss|New Mexico UNM|UNM New Mexico","false","generated"
"usa-national-miss-ny-main","usa-national-miss","New York USA National Miss","","State","New York","NY","new york usa national miss","New York USA National Miss|New York USA National Miss Pageant|New York USA National Miss Organization|NY USA National Miss|New York UNM|UNM New York","false","generated"
"usa-national-miss-nc-main","usa-national-miss","North Carolina USA National Miss","","State","North Carolina","NC","north carolina usa national miss","North Carolina USA National Miss|North Carolina USA National Miss Pageant|North Carolina USA National Miss Organization|NC USA National Miss|North Carolina UNM|UNM North Carolina","false","generated"
"usa-national-miss-nd-main","usa-national-miss","North Dakota USA National Miss","","State","North Dakota","ND","north dakota usa national miss","North Dakota USA National Miss|North Dakota USA National Miss Pageant|North Dakota USA National Miss Organization|ND USA National Miss|North Dakota UNM|UNM North Dakota","false","generated"
"usa-national-miss-oh-main","usa-national-miss","Ohio USA National Miss","","State","Ohio","OH","ohio usa national miss","Ohio USA National Miss|Ohio USA National Miss Pageant|Ohio USA National Miss Organization|OH USA National Miss|Ohio UNM|UNM Ohio","false","generated"
"usa-national-miss-ok-main","usa-national-miss","Oklahoma USA National Miss","","State","Oklahoma","OK","oklahoma usa national miss","Oklahoma USA National Miss|Oklahoma USA National Miss Pageant|Oklahoma USA National Miss Organization|OK USA National Miss|Oklahoma UNM|UNM Oklahoma","false","generated"
"usa-national-miss-or-main","usa-national-miss","Oregon USA National Miss","","State","Oregon","OR","oregon usa national miss","Oregon USA National Miss|Oregon USA National Miss Pageant|Oregon USA National Miss Organization|OR USA National Miss|Oregon UNM|UNM Oregon","false","generated"
"usa-national-miss-pa-main","usa-national-miss","Pennsylvania USA National Miss","","State","Pennsylvania","PA","pennsylvania usa national miss","Pennsylvania USA National Miss|Pennsylvania USA National Miss Pageant|Pennsylvania USA National Miss Organization|PA USA National Miss|Pennsylvania UNM|UNM Pennsylvania","false","generated"
"usa-national-miss-ri-main","usa-national-miss","Rhode Island USA National Miss","","State","Rhode Island","RI","rhode island usa national miss","Rhode Island USA National Miss|Rhode Island USA National Miss Pageant|Rhode Island USA National Miss Organization|RI USA National Miss|Rhode Island UNM|UNM Rhode Island","false","generated"
"usa-national-miss-sc-main","usa-national-miss","South Carolina USA National Miss","","State","South Carolina","SC","south carolina usa national miss","South Carolina USA National Miss|South Carolina USA National Miss Pageant|South Carolina USA National Miss Organization|SC USA National Miss|South Carolina UNM|UNM South Carolina","false","generated"
"usa-national-miss-sd-main","usa-national-miss","South Dakota USA National Miss","","State","South Dakota","SD","south dakota usa national miss","South Dakota USA National Miss|South Dakota USA National Miss Pageant|South Dakota USA National Miss Organization|SD USA National Miss|South Dakota UNM|UNM South Dakota","false","generated"
"usa-national-miss-tn-main","usa-national-miss","Tennessee USA National Miss","","State","Tennessee","TN","tennessee usa national miss","Tennessee USA National Miss|Tennessee USA National Miss Pageant|Tennessee USA National Miss Organization|TN USA National Miss|Tennessee UNM|UNM Tennessee","false","generated"
"usa-national-miss-tx-main","usa-national-miss","Texas USA National Miss","","State","Texas","TX","texas usa national miss","Texas USA National Miss|Texas USA National Miss Pageant|Texas USA National Miss Organization|TX USA National Miss|Texas UNM|UNM Texas","false","generated"
"usa-national-miss-ut-main","usa-national-miss","Utah USA National Miss","","State","Utah","UT","utah usa national miss","Utah USA National Miss|Utah USA National Miss Pageant|Utah USA National Miss Organization|UT USA National Miss|Utah UNM|UNM Utah","false","generated"
"usa-national-miss-vt-main","usa-national-miss","Vermont USA National Miss","","State","Vermont","VT","vermont usa national miss","Vermont USA National Miss|Vermont USA National Miss Pageant|Vermont USA National Miss Organization|VT USA National Miss|Vermont UNM|UNM Vermont","false","generated"
"usa-national-miss-va-main","usa-national-miss","Virginia USA National Miss","","State","Virginia","VA","virginia usa national miss","Virginia USA National Miss|Virginia USA National Miss Pageant|Virginia USA National Miss Organization|VA USA National Miss|Virginia UNM|UNM Virginia","false","generated"
"usa-national-miss-wa-main","usa-national-miss","Washington USA National Miss","","State","Washington","WA","washington usa national miss","Washington USA National Miss|Washington USA National Miss Pageant|Washington USA National Miss Organization|WA USA National Miss|Washington UNM|UNM Washington","false","generated"
"usa-national-miss-wv-main","usa-national-miss","West Virginia USA National Miss","","State","West Virginia","WV","west virginia usa national miss","West Virginia USA National Miss|West Virginia USA National Miss Pageant|West Virginia USA National Miss Organization|WV USA National Miss|West Virginia UNM|UNM West Virginia","false","generated"
"usa-national-miss-wi-main","usa-national-miss","Wisconsin USA National Miss","","State","Wisconsin","WI","wisconsin usa national miss","Wisconsin USA National Miss|Wisconsin USA National Miss Pageant|Wisconsin USA National Miss Organization|WI USA National Miss|Wisconsin UNM|UNM Wisconsin","false","generated"
"usa-national-miss-wy-main","usa-national-miss","Wyoming USA National Miss","","State","Wyoming","WY","wyoming usa national miss","Wyoming USA National Miss|Wyoming USA National Miss Pageant|Wyoming USA National Miss Organization|WY USA National Miss|Wyoming UNM|UNM Wyoming","false","generated"
"usa-national-miss-dc-main","usa-national-miss","District of Columbia USA National Miss","","State","District of Columbia","DC","district of columbia usa national miss","District of Columbia USA National Miss|District of Columbia USA National Miss Pageant|District of Columbia USA National Miss Organization|DC USA National Miss|District of Columbia UNM|UNM District of Columbia","false","generated"
"usa-national-miss-pr-main","usa-national-miss","Puerto Rico USA National Miss","","State","Puerto Rico","PR","puerto rico usa national miss","Puerto Rico USA National Miss|Puerto Rico USA National Miss Pageant|Puerto Rico USA National Miss Organization|PR USA National Miss|Puerto Rico UNM|UNM Puerto Rico","false","generated"
"ms-america-al-ms","ms-america","Ms. Alabama America","Ms.","State","Alabama","AL","ms alabama america","Ms. Alabama America|Ms Alabama America|Ms. Alabama America Pageant|Ms. Alabama America Organization|Ms. AL America|Alabama Ms. America|Ms. America Alabama","false","generated"
"ms-america-al-classic","ms-america","Ms. Alabama Classic America","Classic","State","Alabama","AL","ms alabama classic america","Ms. Alabama Classic America|Ms Alabama Classic America|Ms. Alabama Classic America Pageant|Ms. Alabama Classic America Organization|Ms. AL Classic America|Alabama Ms. Classic America|Ms. Classic America Alabama|Alabama Ms. America","false","generated"
"ms-america-ak-ms","ms-america","Ms. Alaska America","Ms.","State","Alaska","AK","ms alaska america","Ms. Alaska America|Ms Alaska America|Ms. Alaska America Pageant|Ms. Alaska America Organization|Ms. AK America|Alaska Ms. America|Ms. America Alaska","false","generated"
"ms-america-ak-classic","ms-america","Ms. Alaska Classic America","Classic","State","Alaska","AK","ms alaska classic america","Ms. Alaska Classic America|Ms Alaska Classic America|Ms. Alaska Classic America Pageant|Ms. Alaska Classic America Organization|Ms. AK Classic America|Alaska Ms. Classic America|Ms. Classic America Alaska|Alaska Ms. America","false","generated"
"ms-america-az-ms","ms-america","Ms. Arizona America","Ms.","State","Arizona","AZ","ms arizona america","Ms. Arizona America|Ms Arizona America|Ms. Arizona America Pageant|Ms. Arizona America Organization|Ms. AZ America|Arizona Ms. America|Ms. America Arizona","false","generated"
"ms-america-az-classic","ms-america","Ms. Arizona Classic America","Classic","State","Arizona","AZ","ms arizona classic america","Ms. Arizona Classic America|Ms Arizona Classic America|Ms. Arizona Classic America Pageant|Ms. Arizona Classic America Organization|Ms. AZ Classic America|Arizona Ms. Classic America|Ms. Classic America Arizona|Arizona Ms. America","false","generated"
"ms-america-ar-ms","ms-america","Ms. Arkansas America","Ms.","State","Arkansas","AR","ms arkansas america","Ms. Arkansas America|Ms Arkansas America|Ms. Arkansas America Pageant|Ms. Arkansas America Organization|Ms. AR America|Arkansas Ms. America|Ms. America Arkansas","false","generated"
"ms-america-ar-classic","ms-america","Ms. Arkansas Classic America","Classic","State","Arkansas","AR","ms arkansas classic america","Ms. Arkansas Classic America|Ms Arkansas Classic America|Ms. Arkansas Classic America Pageant|Ms. Arkansas Classic America Organization|Ms. AR Classic America|Arkansas Ms. Classic America|Ms. Classic America Arkansas|Arkansas Ms. America","false","generated"
"ms-america-ca-ms","ms-america","Ms. California America","Ms.","State","California","CA","ms california america","Ms. California America|Ms California America|Ms. California America Pageant|Ms. California America Organization|Ms. CA America|California Ms. America|Ms. America California","false","generated"
"ms-america-ca-classic","ms-america","Ms. California Classic America","Classic","State","California","CA","ms california classic america","Ms. California Classic America|Ms California Classic America|Ms. California Classic America Pageant|Ms. California Classic America Organization|Ms. CA Classic America|California Ms. Classic America|Ms. Classic America California|California Ms. America","false","generated"
"ms-america-co-ms","ms-america","Ms. Colorado America","Ms.","State","Colorado","CO","ms colorado america","Ms. Colorado America|Ms Colorado America|Ms. Colorado America Pageant|Ms. Colorado America Organization|Ms. CO America|Colorado Ms. America|Ms. America Colorado","false","generated"
"ms-america-co-classic","ms-america","Ms. Colorado Classic America","Classic","State","Colorado","CO","ms colorado classic america","Ms. Colorado Classic America|Ms Colorado Classic America|Ms. Colorado Classic America Pageant|Ms. Colorado Classic America Organization|Ms. CO Classic America|Colorado Ms. Classic America|Ms. Classic America Colorado|Colorado Ms. America","false","generated"
"ms-america-ct-ms","ms-america","Ms. Connecticut America","Ms.","State","Connecticut","CT","ms connecticut america","Ms. Connecticut America|Ms Connecticut America|Ms. Connecticut America Pageant|Ms. Connecticut America Organization|Ms. CT America|Connecticut Ms. America|Ms. America Connecticut","false","generated"
"ms-america-ct-classic","ms-america","Ms. Connecticut Classic America","Classic","State","Connecticut","CT","ms connecticut classic america","Ms. Connecticut Classic America|Ms Connecticut Classic America|Ms. Connecticut Classic America Pageant|Ms. Connecticut Classic America Organization|Ms. CT Classic America|Connecticut Ms. Classic America|Ms. Classic America Connecticut|Connecticut Ms. America","false","generated"
"ms-america-de-ms","ms-america","Ms. Delaware America","Ms.","State","Delaware","DE","ms delaware america","Ms. Delaware America|Ms Delaware America|Ms. Delaware America Pageant|Ms. Delaware America Organization|Ms. DE America|Delaware Ms. America|Ms. America Delaware","false","generated"
"ms-america-de-classic","ms-america","Ms. Delaware Classic America","Classic","State","Delaware","DE","ms delaware classic america","Ms. Delaware Classic America|Ms Delaware Classic America|Ms. Delaware Classic America Pageant|Ms. Delaware Classic America Organization|Ms. DE Classic America|Delaware Ms. Classic America|Ms. Classic America Delaware|Delaware Ms. America","false","generated"
"ms-america-fl-ms","ms-america","Ms. Florida America","Ms.","State","Florida","FL","ms florida america","Ms. Florida America|Ms Florida America|Ms. Florida America Pageant|Ms. Florida America Organization|Ms. FL America|Florida Ms. America|Ms. America Florida","false","generated"
"ms-america-fl-classic","ms-america","Ms. Florida Classic America","Classic","State","Florida","FL","ms florida classic america","Ms. Florida Classic America|Ms Florida Classic America|Ms. Florida Classic America Pageant|Ms. Florida Classic America Organization|Ms. FL Classic America|Florida Ms. Classic America|Ms. Classic America Florida|Florida Ms. America","false","generated"
"ms-america-ga-ms","ms-america","Ms. Georgia America","Ms.","State","Georgia","GA","ms georgia america","Ms. Georgia America|Ms Georgia America|Ms. Georgia America Pageant|Ms. Georgia America Organization|Ms. GA America|Georgia Ms. America|Ms. America Georgia","false","generated"
"ms-america-ga-classic","ms-america","Ms. Georgia Classic America","Classic","State","Georgia","GA","ms georgia classic america","Ms. Georgia Classic America|Ms Georgia Classic America|Ms. Georgia Classic America Pageant|Ms. Georgia Classic America Organization|Ms. GA Classic America|Georgia Ms. Classic America|Ms. Classic America Georgia|Georgia Ms. America","false","generated"
"ms-america-hi-ms","ms-america","Ms. Hawaii America","Ms.","State","Hawaii","HI","ms hawaii america","Ms. Hawaii America|Ms Hawaii America|Ms. Hawaii America Pageant|Ms. Hawaii America Organization|Ms. HI America|Hawaii Ms. America|Ms. America Hawaii","false","generated"
"ms-america-hi-classic","ms-america","Ms. Hawaii Classic America","Classic","State","Hawaii","HI","ms hawaii classic america","Ms. Hawaii Classic America|Ms Hawaii Classic America|Ms. Hawaii Classic America Pageant|Ms. Hawaii Classic America Organization|Ms. HI Classic America|Hawaii Ms. Classic America|Ms. Classic America Hawaii|Hawaii Ms. America","false","generated"
"ms-america-id-ms","ms-america","Ms. Idaho America","Ms.","State","Idaho","ID","ms idaho america","Ms. Idaho America|Ms Idaho America|Ms. Idaho America Pageant|Ms. Idaho America Organization|Ms. ID America|Idaho Ms. America|Ms. America Idaho","false","generated"
"ms-america-id-classic","ms-america","Ms. Idaho Classic America","Classic","State","Idaho","ID","ms idaho classic america","Ms. Idaho Classic America|Ms Idaho Classic America|Ms. Idaho Classic America Pageant|Ms. Idaho Classic America Organization|Ms. ID Classic America|Idaho Ms. Classic America|Ms. Classic America Idaho|Idaho Ms. America","false","generated"
"ms-america-il-ms","ms-america","Ms. Illinois America","Ms.","State","Illinois","IL","ms illinois america","Ms. Illinois America|Ms Illinois America|Ms. Illinois America Pageant|Ms. Illinois America Organization|Ms. IL America|Illinois Ms. America|Ms. America Illinois","false","generated"
"ms-america-il-classic","ms-america","Ms. Illinois Classic America","Classic","State","Illinois","IL","ms illinois classic america","Ms. Illinois Classic America|Ms Illinois Classic America|Ms. Illinois Classic America Pageant|Ms. Illinois Classic America Organization|Ms. IL Classic America|Illinois Ms. Classic America|Ms. Classic America Illinois|Illinois Ms. America","false","generated"
"ms-america-in-ms","ms-america","Ms. Indiana America","Ms.","State","Indiana","IN","ms indiana america","Ms. Indiana America|Ms Indiana America|Ms. Indiana America Pageant|Ms. Indiana America Organization|Ms. IN America|Indiana Ms. America|Ms. America Indiana","false","generated"
"ms-america-in-classic","ms-america","Ms. Indiana Classic America","Classic","State","Indiana","IN","ms indiana classic america","Ms. Indiana Classic America|Ms Indiana Classic America|Ms. Indiana Classic America Pageant|Ms. Indiana Classic America Organization|Ms. IN Classic America|Indiana Ms. Classic America|Ms. Classic America Indiana|Indiana Ms. America","false","generated"
"ms-america-ia-ms","ms-america","Ms. Iowa America","Ms.","State","Iowa","IA","ms iowa america","Ms. Iowa America|Ms Iowa America|Ms. Iowa America Pageant|Ms. Iowa America Organization|Ms. IA America|Iowa Ms. America|Ms. America Iowa","false","generated"
"ms-america-ia-classic","ms-america","Ms. Iowa Classic America","Classic","State","Iowa","IA","ms iowa classic america","Ms. Iowa Classic America|Ms Iowa Classic America|Ms. Iowa Classic America Pageant|Ms. Iowa Classic America Organization|Ms. IA Classic America|Iowa Ms. Classic America|Ms. Classic America Iowa|Iowa Ms. America","false","generated"
"ms-america-ks-ms","ms-america","Ms. Kansas America","Ms.","State","Kansas","KS","ms kansas america","Ms. Kansas America|Ms Kansas America|Ms. Kansas America Pageant|Ms. Kansas America Organization|Ms. KS America|Kansas Ms. America|Ms. America Kansas","false","generated"
"ms-america-ks-classic","ms-america","Ms. Kansas Classic America","Classic","State","Kansas","KS","ms kansas classic america","Ms. Kansas Classic America|Ms Kansas Classic America|Ms. Kansas Classic America Pageant|Ms. Kansas Classic America Organization|Ms. KS Classic America|Kansas Ms. Classic America|Ms. Classic America Kansas|Kansas Ms. America","false","generated"
"ms-america-ky-ms","ms-america","Ms. Kentucky America","Ms.","State","Kentucky","KY","ms kentucky america","Ms. Kentucky America|Ms Kentucky America|Ms. Kentucky America Pageant|Ms. Kentucky America Organization|Ms. KY America|Kentucky Ms. America|Ms. America Kentucky","false","generated"
"ms-america-ky-classic","ms-america","Ms. Kentucky Classic America","Classic","State","Kentucky","KY","ms kentucky classic america","Ms. Kentucky Classic America|Ms Kentucky Classic America|Ms. Kentucky Classic America Pageant|Ms. Kentucky Classic America Organization|Ms. KY Classic America|Kentucky Ms. Classic America|Ms. Classic America Kentucky|Kentucky Ms. America","false","generated"
"ms-america-la-ms","ms-america","Ms. Louisiana America","Ms.","State","Louisiana","LA","ms louisiana america","Ms. Louisiana America|Ms Louisiana America|Ms. Louisiana America Pageant|Ms. Louisiana America Organization|Ms. LA America|Louisiana Ms. America|Ms. America Louisiana","false","generated"
"ms-america-la-classic","ms-america","Ms. Louisiana Classic America","Classic","State","Louisiana","LA","ms louisiana classic america","Ms. Louisiana Classic America|Ms Louisiana Classic America|Ms. Louisiana Classic America Pageant|Ms. Louisiana Classic America Organization|Ms. LA Classic America|Louisiana Ms. Classic America|Ms. Classic America Louisiana|Louisiana Ms. America","false","generated"
"ms-america-me-ms","ms-america","Ms. Maine America","Ms.","State","Maine","ME","ms maine america","Ms. Maine America|Ms Maine America|Ms. Maine America Pageant|Ms. Maine America Organization|Ms. ME America|Maine Ms. America|Ms. America Maine","false","generated"
"ms-america-me-classic","ms-america","Ms. Maine Classic America","Classic","State","Maine","ME","ms maine classic america","Ms. Maine Classic America|Ms Maine Classic America|Ms. Maine Classic America Pageant|Ms. Maine Classic America Organization|Ms. ME Classic America|Maine Ms. Classic America|Ms. Classic America Maine|Maine Ms. America","false","generated"
"ms-america-md-ms","ms-america","Ms. Maryland America","Ms.","State","Maryland","MD","ms maryland america","Ms. Maryland America|Ms Maryland America|Ms. Maryland America Pageant|Ms. Maryland America Organization|Ms. MD America|Maryland Ms. America|Ms. America Maryland","false","generated"
"ms-america-md-classic","ms-america","Ms. Maryland Classic America","Classic","State","Maryland","MD","ms maryland classic america","Ms. Maryland Classic America|Ms Maryland Classic America|Ms. Maryland Classic America Pageant|Ms. Maryland Classic America Organization|Ms. MD Classic America|Maryland Ms. Classic America|Ms. Classic America Maryland|Maryland Ms. America","false","generated"
"ms-america-ma-ms","ms-america","Ms. Massachusetts America","Ms.","State","Massachusetts","MA","ms massachusetts america","Ms. Massachusetts America|Ms Massachusetts America|Ms. Massachusetts America Pageant|Ms. Massachusetts America Organization|Ms. MA America|Massachusetts Ms. America|Ms. America Massachusetts","false","generated"
"ms-america-ma-classic","ms-america","Ms. Massachusetts Classic America","Classic","State","Massachusetts","MA","ms massachusetts classic america","Ms. Massachusetts Classic America|Ms Massachusetts Classic America|Ms. Massachusetts Classic America Pageant|Ms. Massachusetts Classic America Organization|Ms. MA Classic America|Massachusetts Ms. Classic America|Ms. Classic America Massachusetts|Massachusetts Ms. America","false","generated"
"ms-america-mi-ms","ms-america","Ms. Michigan America","Ms.","State","Michigan","MI","ms michigan america","Ms. Michigan America|Ms Michigan America|Ms. Michigan America Pageant|Ms. Michigan America Organization|Ms. MI America|Michigan Ms. America|Ms. America Michigan","false","generated"
"ms-america-mi-classic","ms-america","Ms. Michigan Classic America","Classic","State","Michigan","MI","ms michigan classic america","Ms. Michigan Classic America|Ms Michigan Classic America|Ms. Michigan Classic America Pageant|Ms. Michigan Classic America Organization|Ms. MI Classic America|Michigan Ms. Classic America|Ms. Classic America Michigan|Michigan Ms. America","false","generated"
"ms-america-mn-ms","ms-america","Ms. Minnesota America","Ms.","State","Minnesota","MN","ms minnesota america","Ms. Minnesota America|Ms Minnesota America|Ms. Minnesota America Pageant|Ms. Minnesota America Organization|Ms. MN America|Minnesota Ms. America|Ms. America Minnesota","false","generated"
"ms-america-mn-classic","ms-america","Ms. Minnesota Classic America","Classic","State","Minnesota","MN","ms minnesota classic america","Ms. Minnesota Classic America|Ms Minnesota Classic America|Ms. Minnesota Classic America Pageant|Ms. Minnesota Classic America Organization|Ms. MN Classic America|Minnesota Ms. Classic America|Ms. Classic America Minnesota|Minnesota Ms. America","false","generated"
"ms-america-ms-ms","ms-america","Ms. Mississippi America","Ms.","State","Mississippi","MS","ms mississippi america","Ms. Mississippi America|Ms Mississippi America|Ms. Mississippi America Pageant|Ms. Mississippi America Organization|Ms. MS America|Mississippi Ms. America|Ms. America Mississippi","false","generated"
"ms-america-ms-classic","ms-america","Ms. Mississippi Classic America","Classic","State","Mississippi","MS","ms mississippi classic america","Ms. Mississippi Classic America|Ms Mississippi Classic America|Ms. Mississippi Classic America Pageant|Ms. Mississippi Classic America Organization|Ms. MS Classic America|Mississippi Ms. Classic America|Ms. Classic America Mississippi|Mississippi Ms. America","false","generated"
"ms-america-mo-ms","ms-america","Ms. Missouri America","Ms.","State","Missouri","MO","ms missouri america","Ms. Missouri America|Ms Missouri America|Ms. Missouri America Pageant|Ms. Missouri America Organization|Ms. MO America|Missouri Ms. America|Ms. America Missouri","false","generated"
"ms-america-mo-classic","ms-america","Ms. Missouri Classic America","Classic","State","Missouri","MO","ms missouri classic america","Ms. Missouri Classic America|Ms Missouri Classic America|Ms. Missouri Classic America Pageant|Ms. Missouri Classic America Organization|Ms. MO Classic America|Missouri Ms. Classic America|Ms. Classic America Missouri|Missouri Ms. America","false","generated"
"ms-america-mt-ms","ms-america","Ms. Montana America","Ms.","State","Montana","MT","ms montana america","Ms. Montana America|Ms Montana America|Ms. Montana America Pageant|Ms. Montana America Organization|Ms. MT America|Montana Ms. America|Ms. America Montana","false","generated"
"ms-america-mt-classic","ms-america","Ms. Montana Classic America","Classic","State","Montana","MT","ms montana classic america","Ms. Montana Classic America|Ms Montana Classic America|Ms. Montana Classic America Pageant|Ms. Montana Classic America Organization|Ms. MT Classic America|Montana Ms. Classic America|Ms. Classic America Montana|Montana Ms. America","false","generated"
"ms-america-ne-ms","ms-america","Ms. Nebraska America","Ms.","State","Nebraska","NE","ms nebraska america","Ms. Nebraska America|Ms Nebraska America|Ms. Nebraska America Pageant|Ms. Nebraska America Organization|Ms. NE America|Nebraska Ms. America|Ms. America Nebraska","false","generated"
"ms-america-ne-classic","ms-america","Ms. Nebraska Classic America","Classic","State","Nebraska","NE","ms nebraska classic america","Ms. Nebraska Classic America|Ms Nebraska Classic America|Ms. Nebraska Classic America Pageant|Ms. Nebraska Classic America Organization|Ms. NE Classic America|Nebraska Ms. Classic America|Ms. Classic America Nebraska|Nebraska Ms. America","false","generated"
"ms-america-nv-ms","ms-america","Ms. Nevada America","Ms.","State","Nevada","NV","ms nevada america","Ms. Nevada America|Ms Nevada America|Ms. Nevada America Pageant|Ms. Nevada America Organization|Ms. NV America|Nevada Ms. America|Ms. America Nevada","false","generated"
"ms-america-nv-classic","ms-america","Ms. Nevada Classic America","Classic","State","Nevada","NV","ms nevada classic america","Ms. Nevada Classic America|Ms Nevada Classic America|Ms. Nevada Classic America Pageant|Ms. Nevada Classic America Organization|Ms. NV Classic America|Nevada Ms. Classic America|Ms. Classic America Nevada|Nevada Ms. America","false","generated"
"ms-america-nh-ms","ms-america","Ms. New Hampshire America","Ms.","State","New Hampshire","NH","ms new hampshire america","Ms. New Hampshire America|Ms New Hampshire America|Ms. New Hampshire America Pageant|Ms. New Hampshire America Organization|Ms. NH America|New Hampshire Ms. America|Ms. America New Hampshire","false","generated"
"ms-america-nh-classic","ms-america","Ms. New Hampshire Classic America","Classic","State","New Hampshire","NH","ms new hampshire classic america","Ms. New Hampshire Classic America|Ms New Hampshire Classic America|Ms. New Hampshire Classic America Pageant|Ms. New Hampshire Classic America Organization|Ms. NH Classic America|New Hampshire Ms. Classic America|Ms. Classic America New Hampshire|New Hampshire Ms. America","false","generated"
"ms-america-nj-ms","ms-america","Ms. New Jersey America","Ms.","State","New Jersey","NJ","ms new jersey america","Ms. New Jersey America|Ms New Jersey America|Ms. New Jersey America Pageant|Ms. New Jersey America Organization|Ms. NJ America|New Jersey Ms. America|Ms. America New Jersey","false","generated"
"ms-america-nj-classic","ms-america","Ms. New Jersey Classic America","Classic","State","New Jersey","NJ","ms new jersey classic america","Ms. New Jersey Classic America|Ms New Jersey Classic America|Ms. New Jersey Classic America Pageant|Ms. New Jersey Classic America Organization|Ms. NJ Classic America|New Jersey Ms. Classic America|Ms. Classic America New Jersey|New Jersey Ms. America","false","generated"
"ms-america-nm-ms","ms-america","Ms. New Mexico America","Ms.","State","New Mexico","NM","ms new mexico america","Ms. New Mexico America|Ms New Mexico America|Ms. New Mexico America Pageant|Ms. New Mexico America Organization|Ms. NM America|New Mexico Ms. America|Ms. America New Mexico","false","generated"
"ms-america-nm-classic","ms-america","Ms. New Mexico Classic America","Classic","State","New Mexico","NM","ms new mexico classic america","Ms. New Mexico Classic America|Ms New Mexico Classic America|Ms. New Mexico Classic America Pageant|Ms. New Mexico Classic America Organization|Ms. NM Classic America|New Mexico Ms. Classic America|Ms. Classic America New Mexico|New Mexico Ms. America","false","generated"
"ms-america-ny-ms","ms-america","Ms. New York America","Ms.","State","New York","NY","ms new york america","Ms. New York America|Ms New York America|Ms. New York America Pageant|Ms. New York America Organization|Ms. NY America|New York Ms. America|Ms. America New York","false","generated"
"ms-america-ny-classic","ms-america","Ms. New York Classic America","Classic","State","New York","NY","ms new york classic america","Ms. New York Classic America|Ms New York Classic America|Ms. New York Classic America Pageant|Ms. New York Classic America Organization|Ms. NY Classic America|New York Ms. Classic America|Ms. Classic America New York|New York Ms. America","false","generated"
"ms-america-nc-ms","ms-america","Ms. North Carolina America","Ms.","State","North Carolina","NC","ms north carolina america","Ms. North Carolina America|Ms North Carolina America|Ms. North Carolina America Pageant|Ms. North Carolina America Organization|Ms. NC America|North Carolina Ms. America|Ms. America North Carolina","false","generated"
"ms-america-nc-classic","ms-america","Ms. North Carolina Classic America","Classic","State","North Carolina","NC","ms north carolina classic america","Ms. North Carolina Classic America|Ms North Carolina Classic America|Ms. North Carolina Classic America Pageant|Ms. North Carolina Classic America Organization|Ms. NC Classic America|North Carolina Ms. Classic America|Ms. Classic America North Carolina|North Carolina Ms. America","false","generated"
"ms-america-nd-ms","ms-america","Ms. North Dakota America","Ms.","State","North Dakota","ND","ms north dakota america","Ms. North Dakota America|Ms North Dakota America|Ms. North Dakota America Pageant|Ms. North Dakota America Organization|Ms. ND America|North Dakota Ms. America|Ms. America North Dakota","false","generated"
"ms-america-nd-classic","ms-america","Ms. North Dakota Classic America","Classic","State","North Dakota","ND","ms north dakota classic america","Ms. North Dakota Classic America|Ms North Dakota Classic America|Ms. North Dakota Classic America Pageant|Ms. North Dakota Classic America Organization|Ms. ND Classic America|North Dakota Ms. Classic America|Ms. Classic America North Dakota|North Dakota Ms. America","false","generated"
"ms-america-oh-ms","ms-america","Ms. Ohio America","Ms.","State","Ohio","OH","ms ohio america","Ms. Ohio America|Ms Ohio America|Ms. Ohio America Pageant|Ms. Ohio America Organization|Ms. OH America|Ohio Ms. America|Ms. America Ohio","false","generated"
"ms-america-oh-classic","ms-america","Ms. Ohio Classic America","Classic","State","Ohio","OH","ms ohio classic america","Ms. Ohio Classic America|Ms Ohio Classic America|Ms. Ohio Classic America Pageant|Ms. Ohio Classic America Organization|Ms. OH Classic America|Ohio Ms. Classic America|Ms. Classic America Ohio|Ohio Ms. America","false","generated"
"ms-america-ok-ms","ms-america","Ms. Oklahoma America","Ms.","State","Oklahoma","OK","ms oklahoma america","Ms. Oklahoma America|Ms Oklahoma America|Ms. Oklahoma America Pageant|Ms. Oklahoma America Organization|Ms. OK America|Oklahoma Ms. America|Ms. America Oklahoma","false","generated"
"ms-america-ok-classic","ms-america","Ms. Oklahoma Classic America","Classic","State","Oklahoma","OK","ms oklahoma classic america","Ms. Oklahoma Classic America|Ms Oklahoma Classic America|Ms. Oklahoma Classic America Pageant|Ms. Oklahoma Classic America Organization|Ms. OK Classic America|Oklahoma Ms. Classic America|Ms. Classic America Oklahoma|Oklahoma Ms. America","false","generated"
"ms-america-or-ms","ms-america","Ms. Oregon America","Ms.","State","Oregon","OR","ms oregon america","Ms. Oregon America|Ms Oregon America|Ms. Oregon America Pageant|Ms. Oregon America Organization|Ms. OR America|Oregon Ms. America|Ms. America Oregon","false","generated"
"ms-america-or-classic","ms-america","Ms. Oregon Classic America","Classic","State","Oregon","OR","ms oregon classic america","Ms. Oregon Classic America|Ms Oregon Classic America|Ms. Oregon Classic America Pageant|Ms. Oregon Classic America Organization|Ms. OR Classic America|Oregon Ms. Classic America|Ms. Classic America Oregon|Oregon Ms. America","false","generated"
"ms-america-pa-ms","ms-america","Ms. Pennsylvania America","Ms.","State","Pennsylvania","PA","ms pennsylvania america","Ms. Pennsylvania America|Ms Pennsylvania America|Ms. Pennsylvania America Pageant|Ms. Pennsylvania America Organization|Ms. PA America|Pennsylvania Ms. America|Ms. America Pennsylvania","false","generated"
"ms-america-pa-classic","ms-america","Ms. Pennsylvania Classic America","Classic","State","Pennsylvania","PA","ms pennsylvania classic america","Ms. Pennsylvania Classic America|Ms Pennsylvania Classic America|Ms. Pennsylvania Classic America Pageant|Ms. Pennsylvania Classic America Organization|Ms. PA Classic America|Pennsylvania Ms. Classic America|Ms. Classic America Pennsylvania|Pennsylvania Ms. America","false","generated"
"ms-america-ri-ms","ms-america","Ms. Rhode Island America","Ms.","State","Rhode Island","RI","ms rhode island america","Ms. Rhode Island America|Ms Rhode Island America|Ms. Rhode Island America Pageant|Ms. Rhode Island America Organization|Ms. RI America|Rhode Island Ms. America|Ms. America Rhode Island","false","generated"
"ms-america-ri-classic","ms-america","Ms. Rhode Island Classic America","Classic","State","Rhode Island","RI","ms rhode island classic america","Ms. Rhode Island Classic America|Ms Rhode Island Classic America|Ms. Rhode Island Classic America Pageant|Ms. Rhode Island Classic America Organization|Ms. RI Classic America|Rhode Island Ms. Classic America|Ms. Classic America Rhode Island|Rhode Island Ms. America","false","generated"
"ms-america-sc-ms","ms-america","Ms. South Carolina America","Ms.","State","South Carolina","SC","ms south carolina america","Ms. South Carolina America|Ms South Carolina America|Ms. South Carolina America Pageant|Ms. South Carolina America Organization|Ms. SC America|South Carolina Ms. America|Ms. America South Carolina","false","generated"
"ms-america-sc-classic","ms-america","Ms. South Carolina Classic America","Classic","State","South Carolina","SC","ms south carolina classic america","Ms. South Carolina Classic America|Ms South Carolina Classic America|Ms. South Carolina Classic America Pageant|Ms. South Carolina Classic America Organization|Ms. SC Classic America|South Carolina Ms. Classic America|Ms. Classic America South Carolina|South Carolina Ms. America","false","generated"
"ms-america-sd-ms","ms-america","Ms. South Dakota America","Ms.","State","South Dakota","SD","ms south dakota america","Ms. South Dakota America|Ms South Dakota America|Ms. South Dakota America Pageant|Ms. South Dakota America Organization|Ms. SD America|South Dakota Ms. America|Ms. America South Dakota","false","generated"
"ms-america-sd-classic","ms-america","Ms. South Dakota Classic America","Classic","State","South Dakota","SD","ms south dakota classic america","Ms. South Dakota Classic America|Ms South Dakota Classic America|Ms. South Dakota Classic America Pageant|Ms. South Dakota Classic America Organization|Ms. SD Classic America|South Dakota Ms. Classic America|Ms. Classic America South Dakota|South Dakota Ms. America","false","generated"
"ms-america-tn-ms","ms-america","Ms. Tennessee America","Ms.","State","Tennessee","TN","ms tennessee america","Ms. Tennessee America|Ms Tennessee America|Ms. Tennessee America Pageant|Ms. Tennessee America Organization|Ms. TN America|Tennessee Ms. America|Ms. America Tennessee","false","generated"
"ms-america-tn-classic","ms-america","Ms. Tennessee Classic America","Classic","State","Tennessee","TN","ms tennessee classic america","Ms. Tennessee Classic America|Ms Tennessee Classic America|Ms. Tennessee Classic America Pageant|Ms. Tennessee Classic America Organization|Ms. TN Classic America|Tennessee Ms. Classic America|Ms. Classic America Tennessee|Tennessee Ms. America","false","generated"
"ms-america-tx-ms","ms-america","Ms. Texas America","Ms.","State","Texas","TX","ms texas america","Ms. Texas America|Ms Texas America|Ms. Texas America Pageant|Ms. Texas America Organization|Ms. TX America|Texas Ms. America|Ms. America Texas","false","generated"
"ms-america-tx-classic","ms-america","Ms. Texas Classic America","Classic","State","Texas","TX","ms texas classic america","Ms. Texas Classic America|Ms Texas Classic America|Ms. Texas Classic America Pageant|Ms. Texas Classic America Organization|Ms. TX Classic America|Texas Ms. Classic America|Ms. Classic America Texas|Texas Ms. America","false","generated"
"ms-america-ut-ms","ms-america","Ms. Utah America","Ms.","State","Utah","UT","ms utah america","Ms. Utah America|Ms Utah America|Ms. Utah America Pageant|Ms. Utah America Organization|Ms. UT America|Utah Ms. America|Ms. America Utah","false","generated"
"ms-america-ut-classic","ms-america","Ms. Utah Classic America","Classic","State","Utah","UT","ms utah classic america","Ms. Utah Classic America|Ms Utah Classic America|Ms. Utah Classic America Pageant|Ms. Utah Classic America Organization|Ms. UT Classic America|Utah Ms. Classic America|Ms. Classic America Utah|Utah Ms. America","false","generated"
"ms-america-vt-ms","ms-america","Ms. Vermont America","Ms.","State","Vermont","VT","ms vermont america","Ms. Vermont America|Ms Vermont America|Ms. Vermont America Pageant|Ms. Vermont America Organization|Ms. VT America|Vermont Ms. America|Ms. America Vermont","false","generated"
"ms-america-vt-classic","ms-america","Ms. Vermont Classic America","Classic","State","Vermont","VT","ms vermont classic america","Ms. Vermont Classic America|Ms Vermont Classic America|Ms. Vermont Classic America Pageant|Ms. Vermont Classic America Organization|Ms. VT Classic America|Vermont Ms. Classic America|Ms. Classic America Vermont|Vermont Ms. America","false","generated"
"ms-america-va-ms","ms-america","Ms. Virginia America","Ms.","State","Virginia","VA","ms virginia america","Ms. Virginia America|Ms Virginia America|Ms. Virginia America Pageant|Ms. Virginia America Organization|Ms. VA America|Virginia Ms. America|Ms. America Virginia","false","generated"
"ms-america-va-classic","ms-america","Ms. Virginia Classic America","Classic","State","Virginia","VA","ms virginia classic america","Ms. Virginia Classic America|Ms Virginia Classic America|Ms. Virginia Classic America Pageant|Ms. Virginia Classic America Organization|Ms. VA Classic America|Virginia Ms. Classic America|Ms. Classic America Virginia|Virginia Ms. America","false","generated"
"ms-america-wa-ms","ms-america","Ms. Washington America","Ms.","State","Washington","WA","ms washington america","Ms. Washington America|Ms Washington America|Ms. Washington America Pageant|Ms. Washington America Organization|Ms. WA America|Washington Ms. America|Ms. America Washington","false","generated"
"ms-america-wa-classic","ms-america","Ms. Washington Classic America","Classic","State","Washington","WA","ms washington classic america","Ms. Washington Classic America|Ms Washington Classic America|Ms. Washington Classic America Pageant|Ms. Washington Classic America Organization|Ms. WA Classic America|Washington Ms. Classic America|Ms. Classic America Washington|Washington Ms. America","false","generated"
"ms-america-wv-ms","ms-america","Ms. West Virginia America","Ms.","State","West Virginia","WV","ms west virginia america","Ms. West Virginia America|Ms West Virginia America|Ms. West Virginia America Pageant|Ms. West Virginia America Organization|Ms. WV America|West Virginia Ms. America|Ms. America West Virginia","false","generated"
"ms-america-wv-classic","ms-america","Ms. West Virginia Classic America","Classic","State","West Virginia","WV","ms west virginia classic america","Ms. West Virginia Classic America|Ms West Virginia Classic America|Ms. West Virginia Classic America Pageant|Ms. West Virginia Classic America Organization|Ms. WV Classic America|West Virginia Ms. Classic America|Ms. Classic America West Virginia|West Virginia Ms. America","false","generated"
"ms-america-wi-ms","ms-america","Ms. Wisconsin America","Ms.","State","Wisconsin","WI","ms wisconsin america","Ms. Wisconsin America|Ms Wisconsin America|Ms. Wisconsin America Pageant|Ms. Wisconsin America Organization|Ms. WI America|Wisconsin Ms. America|Ms. America Wisconsin","false","generated"
"ms-america-wi-classic","ms-america","Ms. Wisconsin Classic America","Classic","State","Wisconsin","WI","ms wisconsin classic america","Ms. Wisconsin Classic America|Ms Wisconsin Classic America|Ms. Wisconsin Classic America Pageant|Ms. Wisconsin Classic America Organization|Ms. WI Classic America|Wisconsin Ms. Classic America|Ms. Classic America Wisconsin|Wisconsin Ms. America","false","generated"
"ms-america-wy-ms","ms-america","Ms. Wyoming America","Ms.","State","Wyoming","WY","ms wyoming america","Ms. Wyoming America|Ms Wyoming America|Ms. Wyoming America Pageant|Ms. Wyoming America Organization|Ms. WY America|Wyoming Ms. America|Ms. America Wyoming","false","generated"
"ms-america-wy-classic","ms-america","Ms. Wyoming Classic America","Classic","State","Wyoming","WY","ms wyoming classic america","Ms. Wyoming Classic America|Ms Wyoming Classic America|Ms. Wyoming Classic America Pageant|Ms. Wyoming Classic America Organization|Ms. WY Classic America|Wyoming Ms. Classic America|Ms. Classic America Wyoming|Wyoming Ms. America","false","generated"
"ms-america-dc-ms","ms-america","Ms. District of Columbia America","Ms.","State","District of Columbia","DC","ms district of columbia america","Ms. District of Columbia America|Ms District of Columbia America|Ms. District of Columbia America Pageant|Ms. District of Columbia America Organization|Ms. DC America|District of Columbia Ms. America|Ms. America District of Columbia","false","generated"
"ms-america-dc-classic","ms-america","Ms. District of Columbia Classic America","Classic","State","District of Columbia","DC","ms district of columbia classic america","Ms. District of Columbia Classic America|Ms District of Columbia Classic America|Ms. District of Columbia Classic America Pageant|Ms. District of Columbia Classic America Organization|Ms. DC Classic America|District of Columbia Ms. Classic America|Ms. Classic America District of Columbia|District of Columbia Ms. America","false","generated"
"ms-america-pr-ms","ms-america","Ms. Puerto Rico America","Ms.","State","Puerto Rico","PR","ms puerto rico america","Ms. Puerto Rico America|Ms Puerto Rico America|Ms. Puerto Rico America Pageant|Ms. Puerto Rico America Organization|Ms. PR America|Puerto Rico Ms. America|Ms. America Puerto Rico","false","generated"
"ms-america-pr-classic","ms-america","Ms. Puerto Rico Classic America","Classic","State","Puerto Rico","PR","ms puerto rico classic america","Ms. Puerto Rico Classic America|Ms Puerto Rico Classic America|Ms. Puerto Rico Classic America Pageant|Ms. Puerto Rico Classic America Organization|Ms. PR Classic America|Puerto Rico Ms. Classic America|Ms. Classic America Puerto Rico|Puerto Rico Ms. America","false","generated"
"mrs-universe-al-main","mrs-universe","Mrs. Alabama","","State","Alabama","AL","mrs alabama","Mrs. Alabama|Mrs Alabama|Mrs. Alabama Pageant|Mrs. Alabama Organization|Mrs. AL|Alabama Mrs.|Alabama Mrs. Universe","false","generated"
"mrs-universe-ak-main","mrs-universe","Mrs. Alaska","","State","Alaska","AK","mrs alaska","Mrs. Alaska|Mrs Alaska|Mrs. Alaska Pageant|Mrs. Alaska Organization|Mrs. AK|Alaska Mrs.|Alaska Mrs. Universe","false","generated"
"mrs-universe-az-main","mrs-universe","Mrs. Arizona","","State","Arizona","AZ","mrs arizona","Mrs. Arizona|Mrs Arizona|Mrs. Arizona Pageant|Mrs. Arizona Organization|Mrs. AZ|Arizona Mrs.|Arizona Mrs. Universe","false","generated"
"mrs-universe-ar-main","mrs-universe","Mrs. Arkansas","","State","Arkansas","AR","mrs arkansas","Mrs. Arkansas|Mrs Arkansas|Mrs. Arkansas Pageant|Mrs. Arkansas Organization|Mrs. AR|Arkansas Mrs.|Arkansas Mrs. Universe","false","generated"
"mrs-universe-ca-main","mrs-universe","Mrs. California","","State","California","CA","mrs california","Mrs. California|Mrs California|Mrs. California Pageant|Mrs. California Organization|Mrs. CA|California Mrs.|California Mrs. Universe","false","generated"
"mrs-universe-co-main","mrs-universe","Mrs. Colorado","","State","Colorado","CO","mrs colorado","Mrs. Colorado|Mrs Colorado|Mrs. Colorado Pageant|Mrs. Colorado Organization|Mrs. CO|Colorado Mrs.|Colorado Mrs. Universe","false","generated"
"mrs-universe-ct-main","mrs-universe","Mrs. Connecticut","","State","Connecticut","CT","mrs connecticut","Mrs. Connecticut|Mrs Connecticut|Mrs. Connecticut Pageant|Mrs. Connecticut Organization|Mrs. CT|Connecticut Mrs.|Connecticut Mrs. Universe","false","generated"
"mrs-universe-de-main","mrs-universe","Mrs. Delaware","","State","Delaware","DE","mrs delaware","Mrs. Delaware|Mrs Delaware|Mrs. Delaware Pageant|Mrs. Delaware Organization|Mrs. DE|Delaware Mrs.|Delaware Mrs. Universe","false","generated"
"mrs-universe-fl-main","mrs-universe","Mrs. Florida","","State","Florida","FL","mrs florida","Mrs. Florida|Mrs Florida|Mrs. Florida Pageant|Mrs. Florida Organization|Mrs. FL|Florida Mrs.|Florida Mrs. Universe","false","generated"
"mrs-universe-ga-main","mrs-universe","Mrs. Georgia","","State","Georgia","GA","mrs georgia","Mrs. Georgia|Mrs Georgia|Mrs. Georgia Pageant|Mrs. Georgia Organization|Mrs. GA|Georgia Mrs.|Georgia Mrs. Universe","false","generated"
"mrs-universe-hi-main","mrs-universe","Mrs. Hawaii","","State","Hawaii","HI","mrs hawaii","Mrs. Hawaii|Mrs Hawaii|Mrs. Hawaii Pageant|Mrs. Hawaii Organization|Mrs. HI|Hawaii Mrs.|Hawaii Mrs. Universe","false","generated"
"mrs-universe-id-main","mrs-universe","Mrs. Idaho","","State","Idaho","ID","mrs idaho","Mrs. Idaho|Mrs Idaho|Mrs. Idaho Pageant|Mrs. Idaho Organization|Mrs. ID|Idaho Mrs.|Idaho Mrs. Universe","false","generated"
"mrs-universe-il-main","mrs-universe","Mrs. Illinois","","State","Illinois","IL","mrs illinois","Mrs. Illinois|Mrs Illinois|Mrs. Illinois Pageant|Mrs. Illinois Organization|Mrs. IL|Illinois Mrs.|Illinois Mrs. Universe","false","generated"
"mrs-universe-in-main","mrs-universe","Mrs. Indiana","","State","Indiana","IN","mrs indiana","Mrs. Indiana|Mrs Indiana|Mrs. Indiana Pageant|Mrs. Indiana Organization|Mrs. IN|Indiana Mrs.|Indiana Mrs. Universe","false","generated"
"mrs-universe-ia-main","mrs-universe","Mrs. Iowa","","State","Iowa","IA","mrs iowa","Mrs. Iowa|Mrs Iowa|Mrs. Iowa Pageant|Mrs. Iowa Organization|Mrs. IA|Iowa Mrs.|Iowa Mrs. Universe","false","generated"
"mrs-universe-ks-main","mrs-universe","Mrs. Kansas","","State","Kansas","KS","mrs kansas","Mrs. Kansas|Mrs Kansas|Mrs. Kansas Pageant|Mrs. Kansas Organization|Mrs. KS|Kansas Mrs.|Kansas Mrs. Universe","false","generated"
"mrs-universe-ky-main","mrs-universe","Mrs. Kentucky","","State","Kentucky","KY","mrs kentucky","Mrs. Kentucky|Mrs Kentucky|Mrs. Kentucky Pageant|Mrs. Kentucky Organization|Mrs. KY|Kentucky Mrs.|Kentucky Mrs. Universe","false","generated"
"mrs-universe-la-main","mrs-universe","Mrs. Louisiana","","State","Louisiana","LA","mrs louisiana","Mrs. Louisiana|Mrs Louisiana|Mrs. Louisiana Pageant|Mrs. Louisiana Organization|Mrs. LA|Louisiana Mrs.|Louisiana Mrs. Universe","false","generated"
"mrs-universe-me-main","mrs-universe","Mrs. Maine","","State","Maine","ME","mrs maine","Mrs. Maine|Mrs Maine|Mrs. Maine Pageant|Mrs. Maine Organization|Mrs. ME|Maine Mrs.|Maine Mrs. Universe","false","generated"
"mrs-universe-md-main","mrs-universe","Mrs. Maryland","","State","Maryland","MD","mrs maryland","Mrs. Maryland|Mrs Maryland|Mrs. Maryland Pageant|Mrs. Maryland Organization|Mrs. MD|Maryland Mrs.|Maryland Mrs. Universe","false","generated"
"mrs-universe-ma-main","mrs-universe","Mrs. Massachusetts","","State","Massachusetts","MA","mrs massachusetts","Mrs. Massachusetts|Mrs Massachusetts|Mrs. Massachusetts Pageant|Mrs. Massachusetts Organization|Mrs. MA|Massachusetts Mrs.|Massachusetts Mrs. Universe","false","generated"
"mrs-universe-mi-main","mrs-universe","Mrs. Michigan","","State","Michigan","MI","mrs michigan","Mrs. Michigan|Mrs Michigan|Mrs. Michigan Pageant|Mrs. Michigan Organization|Mrs. MI|Michigan Mrs.|Michigan Mrs. Universe","false","generated"
"mrs-universe-mn-main","mrs-universe","Mrs. Minnesota","","State","Minnesota","MN","mrs minnesota","Mrs. Minnesota|Mrs Minnesota|Mrs. Minnesota Pageant|Mrs. Minnesota Organization|Mrs. MN|Minnesota Mrs.|Minnesota Mrs. Universe","false","generated"
"mrs-universe-ms-main","mrs-universe","Mrs. Mississippi","","State","Mississippi","MS","mrs mississippi","Mrs. Mississippi|Mrs Mississippi|Mrs. Mississippi Pageant|Mrs. Mississippi Organization|Mrs. MS|Mississippi Mrs.|Mississippi Mrs. Universe","false","generated"
"mrs-universe-mo-main","mrs-universe","Mrs. Missouri","","State","Missouri","MO","mrs missouri","Mrs. Missouri|Mrs Missouri|Mrs. Missouri Pageant|Mrs. Missouri Organization|Mrs. MO|Missouri Mrs.|Missouri Mrs. Universe","false","generated"
"mrs-universe-mt-main","mrs-universe","Mrs. Montana","","State","Montana","MT","mrs montana","Mrs. Montana|Mrs Montana|Mrs. Montana Pageant|Mrs. Montana Organization|Mrs. MT|Montana Mrs.|Montana Mrs. Universe","false","generated"
"mrs-universe-ne-main","mrs-universe","Mrs. Nebraska","","State","Nebraska","NE","mrs nebraska","Mrs. Nebraska|Mrs Nebraska|Mrs. Nebraska Pageant|Mrs. Nebraska Organization|Mrs. NE|Nebraska Mrs.|Nebraska Mrs. Universe","false","generated"
"mrs-universe-nv-main","mrs-universe","Mrs. Nevada","","State","Nevada","NV","mrs nevada","Mrs. Nevada|Mrs Nevada|Mrs. Nevada Pageant|Mrs. Nevada Organization|Mrs. NV|Nevada Mrs.|Nevada Mrs. Universe","false","generated"
"mrs-universe-nh-main","mrs-universe","Mrs. New Hampshire","","State","New Hampshire","NH","mrs new hampshire","Mrs. New Hampshire|Mrs New Hampshire|Mrs. New Hampshire Pageant|Mrs. New Hampshire Organization|Mrs. NH|New Hampshire Mrs.|New Hampshire Mrs. Universe","false","generated"
"mrs-universe-nj-main","mrs-universe","Mrs. New Jersey","","State","New Jersey","NJ","mrs new jersey","Mrs. New Jersey|Mrs New Jersey|Mrs. New Jersey Pageant|Mrs. New Jersey Organization|Mrs. NJ|New Jersey Mrs.|New Jersey Mrs. Universe","false","generated"
"mrs-universe-nm-main","mrs-universe","Mrs. New Mexico","","State","New Mexico","NM","mrs new mexico","Mrs. New Mexico|Mrs New Mexico|Mrs. New Mexico Pageant|Mrs. New Mexico Organization|Mrs. NM|New Mexico Mrs.|New Mexico Mrs. Universe","false","generated"
"mrs-universe-ny-main","mrs-universe","Mrs. New York","","State","New York","NY","mrs new york","Mrs. New York|Mrs New York|Mrs. New York Pageant|Mrs. New York Organization|Mrs. NY|New York Mrs.|New York Mrs. Universe","false","generated"
"mrs-universe-nc-main","mrs-universe","Mrs. North Carolina","","State","North Carolina","NC","mrs north carolina","Mrs. North Carolina|Mrs North Carolina|Mrs. North Carolina Pageant|Mrs. North Carolina Organization|Mrs. NC|North Carolina Mrs.|North Carolina Mrs. Universe","false","generated"
"mrs-universe-nd-main","mrs-universe","Mrs. North Dakota","","State","North Dakota","ND","mrs north dakota","Mrs. North Dakota|Mrs North Dakota|Mrs. North Dakota Pageant|Mrs. North Dakota Organization|Mrs. ND|North Dakota Mrs.|North Dakota Mrs. Universe","false","generated"
"mrs-universe-oh-main","mrs-universe","Mrs. Ohio","","State","Ohio","OH","mrs ohio","Mrs. Ohio|Mrs Ohio|Mrs. Ohio Pageant|Mrs. Ohio Organization|Mrs. OH|Ohio Mrs.|Ohio Mrs. Universe","false","generated"
"mrs-universe-ok-main","mrs-universe","Mrs. Oklahoma","","State","Oklahoma","OK","mrs oklahoma","Mrs. Oklahoma|Mrs Oklahoma|Mrs. Oklahoma Pageant|Mrs. Oklahoma Organization|Mrs. OK|Oklahoma Mrs.|Oklahoma Mrs. Universe","false","generated"
"mrs-universe-or-main","mrs-universe","Mrs. Oregon","","State","Oregon","OR","mrs oregon","Mrs. Oregon|Mrs Oregon|Mrs. Oregon Pageant|Mrs. Oregon Organization|Mrs. OR|Oregon Mrs.|Oregon Mrs. Universe","false","generated"
"mrs-universe-pa-main","mrs-universe","Mrs. Pennsylvania","","State","Pennsylvania","PA","mrs pennsylvania","Mrs. Pennsylvania|Mrs Pennsylvania|Mrs. Pennsylvania Pageant|Mrs. Pennsylvania Organization|Mrs. PA|Pennsylvania Mrs.|Pennsylvania Mrs. Universe","false","generated"
"mrs-universe-ri-main","mrs-universe","Mrs. Rhode Island","","State","Rhode Island","RI","mrs rhode island","Mrs. Rhode Island|Mrs Rhode Island|Mrs. Rhode Island Pageant|Mrs. Rhode Island Organization|Mrs. RI|Rhode Island Mrs.|Rhode Island Mrs. Universe","false","generated"
"mrs-universe-sc-main","mrs-universe","Mrs. South Carolina","","State","South Carolina","SC","mrs south carolina","Mrs. South Carolina|Mrs South Carolina|Mrs. South Carolina Pageant|Mrs. South Carolina Organization|Mrs. SC|South Carolina Mrs.|South Carolina Mrs. Universe","false","generated"
"mrs-universe-sd-main","mrs-universe","Mrs. South Dakota","","State","South Dakota","SD","mrs south dakota","Mrs. South Dakota|Mrs South Dakota|Mrs. South Dakota Pageant|Mrs. South Dakota Organization|Mrs. SD|South Dakota Mrs.|South Dakota Mrs. Universe","false","generated"
"mrs-universe-tn-main","mrs-universe","Mrs. Tennessee","","State","Tennessee","TN","mrs tennessee","Mrs. Tennessee|Mrs Tennessee|Mrs. Tennessee Pageant|Mrs. Tennessee Organization|Mrs. TN|Tennessee Mrs.|Tennessee Mrs. Universe","false","generated"
"mrs-universe-tx-main","mrs-universe","Mrs. Texas","","State","Texas","TX","mrs texas","Mrs. Texas|Mrs Texas|Mrs. Texas Pageant|Mrs. Texas Organization|Mrs. TX|Texas Mrs.|Texas Mrs. Universe","false","generated"
"mrs-universe-ut-main","mrs-universe","Mrs. Utah","","State","Utah","UT","mrs utah","Mrs. Utah|Mrs Utah|Mrs. Utah Pageant|Mrs. Utah Organization|Mrs. UT|Utah Mrs.|Utah Mrs. Universe","false","generated"
"mrs-universe-vt-main","mrs-universe","Mrs. Vermont","","State","Vermont","VT","mrs vermont","Mrs. Vermont|Mrs Vermont|Mrs. Vermont Pageant|Mrs. Vermont Organization|Mrs. VT|Vermont Mrs.|Vermont Mrs. Universe","false","generated"
"mrs-universe-va-main","mrs-universe","Mrs. Virginia","","State","Virginia","VA","mrs virginia","Mrs. Virginia|Mrs Virginia|Mrs. Virginia Pageant|Mrs. Virginia Organization|Mrs. VA|Virginia Mrs.|Virginia Mrs. Universe","false","generated"
"mrs-universe-wa-main","mrs-universe","Mrs. Washington","","State","Washington","WA","mrs washington","Mrs. Washington|Mrs Washington|Mrs. Washington Pageant|Mrs. Washington Organization|Mrs. WA|Washington Mrs.|Washington Mrs. Universe","false","generated"
"mrs-universe-wv-main","mrs-universe","Mrs. West Virginia","","State","West Virginia","WV","mrs west virginia","Mrs. West Virginia|Mrs West Virginia|Mrs. West Virginia Pageant|Mrs. West Virginia Organization|Mrs. WV|West Virginia Mrs.|West Virginia Mrs. Universe","false","generated"
"mrs-universe-wi-main","mrs-universe","Mrs. Wisconsin","","State","Wisconsin","WI","mrs wisconsin","Mrs. Wisconsin|Mrs Wisconsin|Mrs. Wisconsin Pageant|Mrs. Wisconsin Organization|Mrs. WI|Wisconsin Mrs.|Wisconsin Mrs. Universe","false","generated"
"mrs-universe-wy-main","mrs-universe","Mrs. Wyoming","","State","Wyoming","WY","mrs wyoming","Mrs. Wyoming|Mrs Wyoming|Mrs. Wyoming Pageant|Mrs. Wyoming Organization|Mrs. WY|Wyoming Mrs.|Wyoming Mrs. Universe","false","generated"
"mrs-universe-dc-main","mrs-universe","Mrs. District of Columbia","","State","District of Columbia","DC","mrs district of columbia","Mrs. District of Columbia|Mrs District of Columbia|Mrs. District of Columbia Pageant|Mrs. District of Columbia Organization|Mrs. DC|District of Columbia Mrs.|District of Columbia Mrs. Universe","false","generated"
"mrs-universe-pr-main","mrs-universe","Mrs. Puerto Rico","","State","Puerto Rico","PR","mrs puerto rico","Mrs. Puerto Rico|Mrs Puerto Rico|Mrs. Puerto Rico Pageant|Mrs. Puerto Rico Organization|Mrs. PR|Puerto Rico Mrs.|Puerto Rico Mrs. Universe","false","generated"
"americas-homecoming-queen-al-main","americas-homecoming-queen","Alabama Homecoming Queen","","State","Alabama","AL","alabama homecoming queen","Alabama Homecoming Queen|Alabama Homecoming Queen Pageant|Alabama Homecoming Queen Organization|AL Homecoming Queen|Alabama AHQ|AHQ Alabama","false","generated"
"americas-homecoming-queen-ak-main","americas-homecoming-queen","Alaska Homecoming Queen","","State","Alaska","AK","alaska homecoming queen","Alaska Homecoming Queen|Alaska Homecoming Queen Pageant|Alaska Homecoming Queen Organization|AK Homecoming Queen|Alaska AHQ|AHQ Alaska","false","generated"
"americas-homecoming-queen-az-main","americas-homecoming-queen","Arizona Homecoming Queen","","State","Arizona","AZ","arizona homecoming queen","Arizona Homecoming Queen|Arizona Homecoming Queen Pageant|Arizona Homecoming Queen Organization|AZ Homecoming Queen|Arizona AHQ|AHQ Arizona","false","generated"
"americas-homecoming-queen-ar-main","americas-homecoming-queen","Arkansas Homecoming Queen","","State","Arkansas","AR","arkansas homecoming queen","Arkansas Homecoming Queen|Arkansas Homecoming Queen Pageant|Arkansas Homecoming Queen Organization|AR Homecoming Queen|Arkansas AHQ|AHQ Arkansas","false","generated"
"americas-homecoming-queen-ca-main","americas-homecoming-queen","California Homecoming Queen","","State","California","CA","california homecoming queen","California Homecoming Queen|California Homecoming Queen Pageant|California Homecoming Queen Organization|CA Homecoming Queen|California AHQ|AHQ California","false","generated"
"americas-homecoming-queen-co-main","americas-homecoming-queen","Colorado Homecoming Queen","","State","Colorado","CO","colorado homecoming queen","Colorado Homecoming Queen|Colorado Homecoming Queen Pageant|Colorado Homecoming Queen Organization|CO Homecoming Queen|Colorado AHQ|AHQ Colorado","false","generated"
"americas-homecoming-queen-ct-main","americas-homecoming-queen","Connecticut Homecoming Queen","","State","Connecticut","CT","connecticut homecoming queen","Connecticut Homecoming Queen|Connecticut Homecoming Queen Pageant|Connecticut Homecoming Queen Organization|CT Homecoming Queen|Connecticut AHQ|AHQ Connecticut","false","generated"
"americas-homecoming-queen-de-main","americas-homecoming-queen","Delaware Homecoming Queen","","State","Delaware","DE","delaware homecoming queen","Delaware Homecoming Queen|Delaware Homecoming Queen Pageant|Delaware Homecoming Queen Organization|DE Homecoming Queen|Delaware AHQ|AHQ Delaware","false","generated"
"americas-homecoming-queen-fl-main","americas-homecoming-queen","Florida Homecoming Queen","","State","Florida","FL","florida homecoming queen","Florida Homecoming Queen|Florida Homecoming Queen Pageant|Florida Homecoming Queen Organization|FL Homecoming Queen|Florida AHQ|AHQ Florida","false","generated"
"americas-homecoming-queen-ga-main","americas-homecoming-queen","Georgia Homecoming Queen","","State","Georgia","GA","georgia homecoming queen","Georgia Homecoming Queen|Georgia Homecoming Queen Pageant|Georgia Homecoming Queen Organization|GA Homecoming Queen|Georgia AHQ|AHQ Georgia","false","generated"
"americas-homecoming-queen-hi-main","americas-homecoming-queen","Hawaii Homecoming Queen","","State","Hawaii","HI","hawaii homecoming queen","Hawaii Homecoming Queen|Hawaii Homecoming Queen Pageant|Hawaii Homecoming Queen Organization|HI Homecoming Queen|Hawaii AHQ|AHQ Hawaii","false","generated"
"americas-homecoming-queen-id-main","americas-homecoming-queen","Idaho Homecoming Queen","","State","Idaho","ID","idaho homecoming queen","Idaho Homecoming Queen|Idaho Homecoming Queen Pageant|Idaho Homecoming Queen Organization|ID Homecoming Queen|Idaho AHQ|AHQ Idaho","false","generated"
"americas-homecoming-queen-il-main","americas-homecoming-queen","Illinois Homecoming Queen","","State","Illinois","IL","illinois homecoming queen","Illinois Homecoming Queen|Illinois Homecoming Queen Pageant|Illinois Homecoming Queen Organization|IL Homecoming Queen|Illinois AHQ|AHQ Illinois","false","generated"
"americas-homecoming-queen-in-main","americas-homecoming-queen","Indiana Homecoming Queen","","State","Indiana","IN","indiana homecoming queen","Indiana Homecoming Queen|Indiana Homecoming Queen Pageant|Indiana Homecoming Queen Organization|IN Homecoming Queen|Indiana AHQ|AHQ Indiana","false","generated"
"americas-homecoming-queen-ia-main","americas-homecoming-queen","Iowa Homecoming Queen","","State","Iowa","IA","iowa homecoming queen","Iowa Homecoming Queen|Iowa Homecoming Queen Pageant|Iowa Homecoming Queen Organization|IA Homecoming Queen|Iowa AHQ|AHQ Iowa","false","generated"
"americas-homecoming-queen-ks-main","americas-homecoming-queen","Kansas Homecoming Queen","","State","Kansas","KS","kansas homecoming queen","Kansas Homecoming Queen|Kansas Homecoming Queen Pageant|Kansas Homecoming Queen Organization|KS Homecoming Queen|Kansas AHQ|AHQ Kansas","false","generated"
"americas-homecoming-queen-ky-main","americas-homecoming-queen","Kentucky Homecoming Queen","","State","Kentucky","KY","kentucky homecoming queen","Kentucky Homecoming Queen|Kentucky Homecoming Queen Pageant|Kentucky Homecoming Queen Organization|KY Homecoming Queen|Kentucky AHQ|AHQ Kentucky","false","generated"
"americas-homecoming-queen-la-main","americas-homecoming-queen","Louisiana Homecoming Queen","","State","Louisiana","LA","louisiana homecoming queen","Louisiana Homecoming Queen|Louisiana Homecoming Queen Pageant|Louisiana Homecoming Queen Organization|LA Homecoming Queen|Louisiana AHQ|AHQ Louisiana","false","generated"
"americas-homecoming-queen-me-main","americas-homecoming-queen","Maine Homecoming Queen","","State","Maine","ME","maine homecoming queen","Maine Homecoming Queen|Maine Homecoming Queen Pageant|Maine Homecoming Queen Organization|ME Homecoming Queen|Maine AHQ|AHQ Maine","false","generated"
"americas-homecoming-queen-md-main","americas-homecoming-queen","Maryland Homecoming Queen","","State","Maryland","MD","maryland homecoming queen","Maryland Homecoming Queen|Maryland Homecoming Queen Pageant|Maryland Homecoming Queen Organization|MD Homecoming Queen|Maryland AHQ|AHQ Maryland","false","generated"
"americas-homecoming-queen-ma-main","americas-homecoming-queen","Massachusetts Homecoming Queen","","State","Massachusetts","MA","massachusetts homecoming queen","Massachusetts Homecoming Queen|Massachusetts Homecoming Queen Pageant|Massachusetts Homecoming Queen Organization|MA Homecoming Queen|Massachusetts AHQ|AHQ Massachusetts","false","generated"
"americas-homecoming-queen-mi-main","americas-homecoming-queen","Michigan Homecoming Queen","","State","Michigan","MI","michigan homecoming queen","Michigan Homecoming Queen|Michigan Homecoming Queen Pageant|Michigan Homecoming Queen Organization|MI Homecoming Queen|Michigan AHQ|AHQ Michigan","false","generated"
"americas-homecoming-queen-mn-main","americas-homecoming-queen","Minnesota Homecoming Queen","","State","Minnesota","MN","minnesota homecoming queen","Minnesota Homecoming Queen|Minnesota Homecoming Queen Pageant|Minnesota Homecoming Queen Organization|MN Homecoming Queen|Minnesota AHQ|AHQ Minnesota","false","generated"
"americas-homecoming-queen-ms-main","americas-homecoming-queen","Mississippi Homecoming Queen","","State","Mississippi","MS","mississippi homecoming queen","Mississippi Homecoming Queen|Mississippi Homecoming Queen Pageant|Mississippi Homecoming Queen Organization|MS Homecoming Queen|Mississippi AHQ|AHQ Mississippi","false","generated"
"americas-homecoming-queen-mo-main","americas-homecoming-queen","Missouri Homecoming Queen","","State","Missouri","MO","missouri homecoming queen","Missouri Homecoming Queen|Missouri Homecoming Queen Pageant|Missouri Homecoming Queen Organization|MO Homecoming Queen|Missouri AHQ|AHQ Missouri","false","generated"
"americas-homecoming-queen-mt-main","americas-homecoming-queen","Montana Homecoming Queen","","State","Montana","MT","montana homecoming queen","Montana Homecoming Queen|Montana Homecoming Queen Pageant|Montana Homecoming Queen Organization|MT Homecoming Queen|Montana AHQ|AHQ Montana","false","generated"
"americas-homecoming-queen-ne-main","americas-homecoming-queen","Nebraska Homecoming Queen","","State","Nebraska","NE","nebraska homecoming queen","Nebraska Homecoming Queen|Nebraska Homecoming Queen Pageant|Nebraska Homecoming Queen Organization|NE Homecoming Queen|Nebraska AHQ|AHQ Nebraska","false","generated"
"americas-homecoming-queen-nv-main","americas-homecoming-queen","Nevada Homecoming Queen","","State","Nevada","NV","nevada homecoming queen","Nevada Homecoming Queen|Nevada Homecoming Queen Pageant|Nevada Homecoming Queen Organization|NV Homecoming Queen|Nevada AHQ|AHQ Nevada","false","generated"
"americas-homecoming-queen-nh-main","americas-homecoming-queen","New Hampshire Homecoming Queen","","State","New Hampshire","NH","new hampshire homecoming queen","New Hampshire Homecoming Queen|New Hampshire Homecoming Queen Pageant|New Hampshire Homecoming Queen Organization|NH Homecoming Queen|New Hampshire AHQ|AHQ New Hampshire","false","generated"
"americas-homecoming-queen-nj-main","americas-homecoming-queen","New Jersey Homecoming Queen","","State","New Jersey","NJ","new jersey homecoming queen","New Jersey Homecoming Queen|New Jersey Homecoming Queen Pageant|New Jersey Homecoming Queen Organization|NJ Homecoming Queen|New Jersey AHQ|AHQ New Jersey","false","generated"
"americas-homecoming-queen-nm-main","americas-homecoming-queen","New Mexico Homecoming Queen","","State","New Mexico","NM","new mexico homecoming queen","New Mexico Homecoming Queen|New Mexico Homecoming Queen Pageant|New Mexico Homecoming Queen Organization|NM Homecoming Queen|New Mexico AHQ|AHQ New Mexico","false","generated"
"americas-homecoming-queen-ny-main","americas-homecoming-queen","New York Homecoming Queen","","State","New York","NY","new york homecoming queen","New York Homecoming Queen|New York Homecoming Queen Pageant|New York Homecoming Queen Organization|NY Homecoming Queen|New York AHQ|AHQ New York","false","generated"
"americas-homecoming-queen-nc-main","americas-homecoming-queen","North Carolina Homecoming Queen","","State","North Carolina","NC","north carolina homecoming queen","North Carolina Homecoming Queen|North Carolina Homecoming Queen Pageant|North Carolina Homecoming Queen Organization|NC Homecoming Queen|North Carolina AHQ|AHQ North Carolina","false","generated"
"americas-homecoming-queen-nd-main","americas-homecoming-queen","North Dakota Homecoming Queen","","State","North Dakota","ND","north dakota homecoming queen","North Dakota Homecoming Queen|North Dakota Homecoming Queen Pageant|North Dakota Homecoming Queen Organization|ND Homecoming Queen|North Dakota AHQ|AHQ North Dakota","false","generated"
"americas-homecoming-queen-oh-main","americas-homecoming-queen","Ohio Homecoming Queen","","State","Ohio","OH","ohio homecoming queen","Ohio Homecoming Queen|Ohio Homecoming Queen Pageant|Ohio Homecoming Queen Organization|OH Homecoming Queen|Ohio AHQ|AHQ Ohio","false","generated"
"americas-homecoming-queen-ok-main","americas-homecoming-queen","Oklahoma Homecoming Queen","","State","Oklahoma","OK","oklahoma homecoming queen","Oklahoma Homecoming Queen|Oklahoma Homecoming Queen Pageant|Oklahoma Homecoming Queen Organization|OK Homecoming Queen|Oklahoma AHQ|AHQ Oklahoma","false","generated"
"americas-homecoming-queen-or-main","americas-homecoming-queen","Oregon Homecoming Queen","","State","Oregon","OR","oregon homecoming queen","Oregon Homecoming Queen|Oregon Homecoming Queen Pageant|Oregon Homecoming Queen Organization|OR Homecoming Queen|Oregon AHQ|AHQ Oregon","false","generated"
"americas-homecoming-queen-pa-main","americas-homecoming-queen","Pennsylvania Homecoming Queen","","State","Pennsylvania","PA","pennsylvania homecoming queen","Pennsylvania Homecoming Queen|Pennsylvania Homecoming Queen Pageant|Pennsylvania Homecoming Queen Organization|PA Homecoming Queen|Pennsylvania AHQ|AHQ Pennsylvania","false","generated"
"americas-homecoming-queen-ri-main","americas-homecoming-queen","Rhode Island Homecoming Queen","","State","Rhode Island","RI","rhode island homecoming queen","Rhode Island Homecoming Queen|Rhode Island Homecoming Queen Pageant|Rhode Island Homecoming Queen Organization|RI Homecoming Queen|Rhode Island AHQ|AHQ Rhode Island","false","generated"
"americas-homecoming-queen-sc-main","americas-homecoming-queen","South Carolina Homecoming Queen","","State","South Carolina","SC","south carolina homecoming queen","South Carolina Homecoming Queen|South Carolina Homecoming Queen Pageant|South Carolina Homecoming Queen Organization|SC Homecoming Queen|South Carolina AHQ|AHQ South Carolina","false","generated"
"americas-homecoming-queen-sd-main","americas-homecoming-queen","South Dakota Homecoming Queen","","State","South Dakota","SD","south dakota homecoming queen","South Dakota Homecoming Queen|South Dakota Homecoming Queen Pageant|South Dakota Homecoming Queen Organization|SD Homecoming Queen|South Dakota AHQ|AHQ South Dakota","false","generated"
"americas-homecoming-queen-tn-main","americas-homecoming-queen","Tennessee Homecoming Queen","","State","Tennessee","TN","tennessee homecoming queen","Tennessee Homecoming Queen|Tennessee Homecoming Queen Pageant|Tennessee Homecoming Queen Organization|TN Homecoming Queen|Tennessee AHQ|AHQ Tennessee","false","generated"
"americas-homecoming-queen-tx-main","americas-homecoming-queen","Texas Homecoming Queen","","State","Texas","TX","texas homecoming queen","Texas Homecoming Queen|Texas Homecoming Queen Pageant|Texas Homecoming Queen Organization|TX Homecoming Queen|Texas AHQ|AHQ Texas","false","generated"
"americas-homecoming-queen-ut-main","americas-homecoming-queen","Utah Homecoming Queen","","State","Utah","UT","utah homecoming queen","Utah Homecoming Queen|Utah Homecoming Queen Pageant|Utah Homecoming Queen Organization|UT Homecoming Queen|Utah AHQ|AHQ Utah","false","generated"
"americas-homecoming-queen-vt-main","americas-homecoming-queen","Vermont Homecoming Queen","","State","Vermont","VT","vermont homecoming queen","Vermont Homecoming Queen|Vermont Homecoming Queen Pageant|Vermont Homecoming Queen Organization|VT Homecoming Queen|Vermont AHQ|AHQ Vermont","false","generated"
"americas-homecoming-queen-va-main","americas-homecoming-queen","Virginia Homecoming Queen","","State","Virginia","VA","virginia homecoming queen","Virginia Homecoming Queen|Virginia Homecoming Queen Pageant|Virginia Homecoming Queen Organization|VA Homecoming Queen|Virginia AHQ|AHQ Virginia","false","generated"
"americas-homecoming-queen-wa-main","americas-homecoming-queen","Washington Homecoming Queen","","State","Washington","WA","washington homecoming queen","Washington Homecoming Queen|Washington Homecoming Queen Pageant|Washington Homecoming Queen Organization|WA Homecoming Queen|Washington AHQ|AHQ Washington","false","generated"
"americas-homecoming-queen-wv-main","americas-homecoming-queen","West Virginia Homecoming Queen","","State","West Virginia","WV","west virginia homecoming queen","West Virginia Homecoming Queen|West Virginia Homecoming Queen Pageant|West Virginia Homecoming Queen Organization|WV Homecoming Queen|West Virginia AHQ|AHQ West Virginia","false","generated"
"americas-homecoming-queen-wi-main","americas-homecoming-queen","Wisconsin Homecoming Queen","","State","Wisconsin","WI","wisconsin homecoming queen","Wisconsin Homecoming Queen|Wisconsin Homecoming Queen Pageant|Wisconsin Homecoming Queen Organization|WI Homecoming Queen|Wisconsin AHQ|AHQ Wisconsin","false","generated"
"americas-homecoming-queen-wy-main","americas-homecoming-queen","Wyoming Homecoming Queen","","State","Wyoming","WY","wyoming homecoming queen","Wyoming Homecoming Queen|Wyoming Homecoming Queen Pageant|Wyoming Homecoming Queen Organization|WY Homecoming Queen|Wyoming AHQ|AHQ Wyoming","false","generated"
"americas-homecoming-queen-dc-main","americas-homecoming-queen","District of Columbia Homecoming Queen","","State","District of Columbia","DC","district of columbia homecoming queen","District of Columbia Homecoming Queen|District of Columbia Homecoming Queen Pageant|District of Columbia Homecoming Queen Organization|DC Homecoming Queen|District of Columbia AHQ|AHQ District of Columbia","false","generated"
"americas-homecoming-queen-pr-main","americas-homecoming-queen","Puerto Rico Homecoming Queen","","State","Puerto Rico","PR","puerto rico homecoming queen","Puerto Rico Homecoming Queen|Puerto Rico Homecoming Queen Pageant|Puerto Rico Homecoming Queen Organization|PR Homecoming Queen|Puerto Rico AHQ|AHQ Puerto Rico","false","generated"
"national-sweetheart","national-sweetheart","National Sweetheart Pageant","","National","","","national sweetheart","National Sweetheart Pageant|National Sweetheart","false","generated"
"universal-royalty","universal-royalty","Universal Royalty","","National","","","universal royalty","Universal Royalty|Universal Royalty","false","generated"
"sunburst-al-main","sunburst","Alabama Sunburst","","State","Alabama","AL","alabama sunburst","Alabama Sunburst|Alabama Sunburst Pageant|Alabama Sunburst Organization|AL Sunburst","false","generated"
"sunburst-ak-main","sunburst","Alaska Sunburst","","State","Alaska","AK","alaska sunburst","Alaska Sunburst|Alaska Sunburst Pageant|Alaska Sunburst Organization|AK Sunburst","false","generated"
"sunburst-az-main","sunburst","Arizona Sunburst","","State","Arizona","AZ","arizona sunburst","Arizona Sunburst|Arizona Sunburst Pageant|Arizona Sunburst Organization|AZ Sunburst","false","generated"
"sunburst-ar-main","sunburst","Arkansas Sunburst","","State","Arkansas","AR","arkansas sunburst","Arkansas Sunburst|Arkansas Sunburst Pageant|Arkansas Sunburst Organization|AR Sunburst","false","generated"
"sunburst-ca-main","sunburst","California Sunburst","","State","California","CA","california sunburst","California Sunburst|California Sunburst Pageant|California Sunburst Organization|CA Sunburst","false","generated"
"sunburst-co-main","sunburst","Colorado Sunburst","","State","Colorado","CO","colorado sunburst","Colorado Sunburst|Colorado Sunburst Pageant|Colorado Sunburst Organization|CO Sunburst","false","generated"
"sunburst-ct-main","sunburst","Connecticut Sunburst","","State","Connecticut","CT","connecticut sunburst","Connecticut Sunburst|Connecticut Sunburst Pageant|Connecticut Sunburst Organization|CT Sunburst","false","generated"
"sunburst-de-main","sunburst","Delaware Sunburst","","State","Delaware","DE","delaware sunburst","Delaware Sunburst|Delaware Sunburst Pageant|Delaware Sunburst Organization|DE Sunburst","false","generated"
"sunburst-fl-main","sunburst","Florida Sunburst","","State","Florida","FL","florida sunburst","Florida Sunburst|Florida Sunburst Pageant|Florida Sunburst Organization|FL Sunburst","false","generated"
"sunburst-ga-main","sunburst","Georgia Sunburst","","State","Georgia","GA","georgia sunburst","Georgia Sunburst|Georgia Sunburst Pageant|Georgia Sunburst Organization|GA Sunburst","false","generated"
"sunburst-hi-main","sunburst","Hawaii Sunburst","","State","Hawaii","HI","hawaii sunburst","Hawaii Sunburst|Hawaii Sunburst Pageant|Hawaii Sunburst Organization|HI Sunburst","false","generated"
"sunburst-id-main","sunburst","Idaho Sunburst","","State","Idaho","ID","idaho sunburst","Idaho Sunburst|Idaho Sunburst Pageant|Idaho Sunburst Organization|ID Sunburst","false","generated"
"sunburst-il-main","sunburst","Illinois Sunburst","","State","Illinois","IL","illinois sunburst","Illinois Sunburst|Illinois Sunburst Pageant|Illinois Sunburst Organization|IL Sunburst","false","generated"
"sunburst-in-main","sunburst","Indiana Sunburst","","State","Indiana","IN","indiana sunburst","Indiana Sunburst|Indiana Sunburst Pageant|Indiana Sunburst Organization|IN Sunburst","false","generated"
"sunburst-ia-main","sunburst","Iowa Sunburst","","State","Iowa","IA","iowa sunburst","Iowa Sunburst|Iowa Sunburst Pageant|Iowa Sunburst Organization|IA Sunburst","false","generated"
"sunburst-ks-main","sunburst","Kansas Sunburst","","State","Kansas","KS","kansas sunburst","Kansas Sunburst|Kansas Sunburst Pageant|Kansas Sunburst Organization|KS Sunburst","false","generated"
"sunburst-ky-main","sunburst","Kentucky Sunburst","","State","Kentucky","KY","kentucky sunburst","Kentucky Sunburst|Kentucky Sunburst Pageant|Kentucky Sunburst Organization|KY Sunburst","false","generated"
"sunburst-la-main","sunburst","Louisiana Sunburst","","State","Louisiana","LA","louisiana sunburst","Louisiana Sunburst|Louisiana Sunburst Pageant|Louisiana Sunburst Organization|LA Sunburst","false","generated"
"sunburst-me-main","sunburst","Maine Sunburst","","State","Maine","ME","maine sunburst","Maine Sunburst|Maine Sunburst Pageant|Maine Sunburst Organization|ME Sunburst","false","generated"
"sunburst-md-main","sunburst","Maryland Sunburst","","State","Maryland","MD","maryland sunburst","Maryland Sunburst|Maryland Sunburst Pageant|Maryland Sunburst Organization|MD Sunburst","false","generated"
"sunburst-ma-main","sunburst","Massachusetts Sunburst","","State","Massachusetts","MA","massachusetts sunburst","Massachusetts Sunburst|Massachusetts Sunburst Pageant|Massachusetts Sunburst Organization|MA Sunburst","false","generated"
"sunburst-mi-main","sunburst","Michigan Sunburst","","State","Michigan","MI","michigan sunburst","Michigan Sunburst|Michigan Sunburst Pageant|Michigan Sunburst Organization|MI Sunburst","false","generated"
"sunburst-mn-main","sunburst","Minnesota Sunburst","","State","Minnesota","MN","minnesota sunburst","Minnesota Sunburst|Minnesota Sunburst Pageant|Minnesota Sunburst Organization|MN Sunburst","false","generated"
"sunburst-ms-main","sunburst","Mississippi Sunburst","","State","Mississippi","MS","mississippi sunburst","Mississippi Sunburst|Mississippi Sunburst Pageant|Mississippi Sunburst Organization|MS Sunburst","false","generated"
"sunburst-mo-main","sunburst","Missouri Sunburst","","State","Missouri","MO","missouri sunburst","Missouri Sunburst|Missouri Sunburst Pageant|Missouri Sunburst Organization|MO Sunburst","false","generated"
"sunburst-mt-main","sunburst","Montana Sunburst","","State","Montana","MT","montana sunburst","Montana Sunburst|Montana Sunburst Pageant|Montana Sunburst Organization|MT Sunburst","false","generated"
"sunburst-ne-main","sunburst","Nebraska Sunburst","","State","Nebraska","NE","nebraska sunburst","Nebraska Sunburst|Nebraska Sunburst Pageant|Nebraska Sunburst Organization|NE Sunburst","false","generated"
"sunburst-nv-main","sunburst","Nevada Sunburst","","State","Nevada","NV","nevada sunburst","Nevada Sunburst|Nevada Sunburst Pageant|Nevada Sunburst Organization|NV Sunburst","false","generated"
"sunburst-nh-main","sunburst","New Hampshire Sunburst","","State","New Hampshire","NH","new hampshire sunburst","New Hampshire Sunburst|New Hampshire Sunburst Pageant|New Hampshire Sunburst Organization|NH Sunburst","false","generated"
"sunburst-nj-main","sunburst","New Jersey Sunburst","","State","New Jersey","NJ","new jersey sunburst","New Jersey Sunburst|New Jersey Sunburst Pageant|New Jersey Sunburst Organization|NJ Sunburst","false","generated"
"sunburst-nm-main","sunburst","New Mexico Sunburst","","State","New Mexico","NM","new mexico sunburst","New Mexico Sunburst|New Mexico Sunburst Pageant|New Mexico Sunburst Organization|NM Sunburst","false","generated"
"sunburst-ny-main","sunburst","New York Sunburst","","State","New York","NY","new york sunburst","New York Sunburst|New York Sunburst Pageant|New York Sunburst Organization|NY Sunburst","false","generated"
"sunburst-nc-main","sunburst","North Carolina Sunburst","","State","North Carolina","NC","north carolina sunburst","North Carolina Sunburst|North Carolina Sunburst Pageant|North Carolina Sunburst Organization|NC Sunburst","false","generated"
"sunburst-nd-main","sunburst","North Dakota Sunburst","","State","North Dakota","ND","north dakota sunburst","North Dakota Sunburst|North Dakota Sunburst Pageant|North Dakota Sunburst Organization|ND Sunburst","false","generated"
"sunburst-oh-main","sunburst","Ohio Sunburst","","State","Ohio","OH","ohio sunburst","Ohio Sunburst|Ohio Sunburst Pageant|Ohio Sunburst Organization|OH Sunburst","false","generated"
"sunburst-ok-main","sunburst","Oklahoma Sunburst","","State","Oklahoma","OK","oklahoma sunburst","Oklahoma Sunburst|Oklahoma Sunburst Pageant|Oklahoma Sunburst Organization|OK Sunburst","false","generated"
"sunburst-or-main","sunburst","Oregon Sunburst","","State","Oregon","OR","oregon sunburst","Oregon Sunburst|Oregon Sunburst Pageant|Oregon Sunburst Organization|OR Sunburst","false","generated"
"sunburst-pa-main","sunburst","Pennsylvania Sunburst","","State","Pennsylvania","PA","pennsylvania sunburst","Pennsylvania Sunburst|Pennsylvania Sunburst Pageant|Pennsylvania Sunburst Organization|PA Sunburst","false","generated"
"sunburst-ri-main","sunburst","Rhode Island Sunburst","","State","Rhode Island","RI","rhode island sunburst","Rhode Island Sunburst|Rhode Island Sunburst Pageant|Rhode Island Sunburst Organization|RI Sunburst","false","generated"
"sunburst-sc-main","sunburst","South Carolina Sunburst","","State","South Carolina","SC","south carolina sunburst","South Carolina Sunburst|South Carolina Sunburst Pageant|South Carolina Sunburst Organization|SC Sunburst","false","generated"
"sunburst-sd-main","sunburst","South Dakota Sunburst","","State","South Dakota","SD","south dakota sunburst","South Dakota Sunburst|South Dakota Sunburst Pageant|South Dakota Sunburst Organization|SD Sunburst","false","generated"
"sunburst-tn-main","sunburst","Tennessee Sunburst","","State","Tennessee","TN","tennessee sunburst","Tennessee Sunburst|Tennessee Sunburst Pageant|Tennessee Sunburst Organization|TN Sunburst","false","generated"
"sunburst-tx-main","sunburst","Texas Sunburst","","State","Texas","TX","texas sunburst","Texas Sunburst|Texas Sunburst Pageant|Texas Sunburst Organization|TX Sunburst","false","generated"
"sunburst-ut-main","sunburst","Utah Sunburst","","State","Utah","UT","utah sunburst","Utah Sunburst|Utah Sunburst Pageant|Utah Sunburst Organization|UT Sunburst","false","generated"
"sunburst-vt-main","sunburst","Vermont Sunburst","","State","Vermont","VT","vermont sunburst","Vermont Sunburst|Vermont Sunburst Pageant|Vermont Sunburst Organization|VT Sunburst","false","generated"
"sunburst-va-main","sunburst","Virginia Sunburst","","State","Virginia","VA","virginia sunburst","Virginia Sunburst|Virginia Sunburst Pageant|Virginia Sunburst Organization|VA Sunburst","false","generated"
"sunburst-wa-main","sunburst","Washington Sunburst","","State","Washington","WA","washington sunburst","Washington Sunburst|Washington Sunburst Pageant|Washington Sunburst Organization|WA Sunburst","false","generated"
"sunburst-wv-main","sunburst","West Virginia Sunburst","","State","West Virginia","WV","west virginia sunburst","West Virginia Sunburst|West Virginia Sunburst Pageant|West Virginia Sunburst Organization|WV Sunburst","false","generated"
"sunburst-wi-main","sunburst","Wisconsin Sunburst","","State","Wisconsin","WI","wisconsin sunburst","Wisconsin Sunburst|Wisconsin Sunburst Pageant|Wisconsin Sunburst Organization|WI Sunburst","false","generated"
"sunburst-wy-main","sunburst","Wyoming Sunburst","","State","Wyoming","WY","wyoming sunburst","Wyoming Sunburst|Wyoming Sunburst Pageant|Wyoming Sunburst Organization|WY Sunburst","false","generated"
"sunburst-dc-main","sunburst","District of Columbia Sunburst","","State","District of Columbia","DC","district of columbia sunburst","District of Columbia Sunburst|District of Columbia Sunburst Pageant|District of Columbia Sunburst Organization|DC Sunburst","false","generated"
"sunburst-pr-main","sunburst","Puerto Rico Sunburst","","State","Puerto Rico","PR","puerto rico sunburst","Puerto Rico Sunburst|Puerto Rico Sunburst Pageant|Puerto Rico Sunburst Organization|PR Sunburst","false","generated"
"independent","independent","Independent / Not Affiliated","","National","","","independent not affiliated","Independent / Not Affiliated|Independent","false","generated"
"other","other","Other (specify)","","National","","","other (specify)","Other (specify)|Other","false","generated"
